zone_id,gi_z_pooled,gi_z_single_sensor,class_pooled,class_single_sensor
LK1103005,1.0197421255924985,0.96043722894817,ns,ns
LK1103010,1.498813191823237,1.424191984216241,ns,ns
LK1103015,1.7715884563185853,1.7084000054386907,ns,ns
LK1103020,1.5430511958625461,1.4953501033094405,ns,ns
LK1103025,2.5459422501137796,2.490548897860479,hot_95,hot_95
LK1103030,2.331648317209177,2.268820578740178,hot_95,hot_95
LK1103035,3.138011822165619,3.0824290252328015,hot_99,hot_99
LK1103040,4.152436041975497,4.126760615347169,hot_99,hot_99
LK1103045,3.5989515314383826,3.5699146280344394,hot_99,hot_99
LK1103050,3.0189268494231607,2.9897900801706982,hot_95,hot_95
LK1103055,3.2346305399736734,3.183768377960357,hot_99,hot_95
LK1103060,3.20398591651242,3.1652544890672107,hot_99,hot_95
LK1103065,4.057591994828124,4.006744699290361,hot_99,hot_99
LK1103070,4.019840861596066,3.9816388483553737,hot_99,hot_99
LK1103075,4.323121419477469,4.269041492477015,hot_99,hot_99
LK1103080,3.4142347584949104,3.393088040818132,hot_99,hot_99
LK1103085,3.592063851589124,3.573945497951949,hot_99,hot_99
LK1103090,3.4113003615868256,3.357421579430617,hot_99,hot_99
LK1103095,3.9149792828066774,3.8469875299518588,hot_99,hot_99
LK1103100,3.8705244095536893,3.8074851423248175,hot_99,hot_99
LK1103105,3.133415151332933,3.074915649588148,hot_99,hot_95
LK1103110,3.7255481322082624,3.6784693801128157,hot_99,hot_99
LK1103115,2.913970785590415,2.8781454092020855,hot_95,hot_95
LK1103120,2.0006572426779994,2.0444754495137443,hot_95,hot_95
LK1103125,1.4183195449479267,1.4512242113845504,ns,ns
LK1103130,1.4375645994598176,1.4998134033541801,ns,ns
LK1103135,1.8825937023035049,1.9875545448139305,ns,hot_90
LK1103140,3.3785524743331705,3.4092177142007194,hot_99,hot_99
LK1103145,3.5222534342059686,3.4428364099293707,hot_99,hot_99
LK1103150,3.064917616023229,3.0021409643015327,hot_95,hot_95
LK1103155,3.661167399246676,3.5935880555151734,hot_99,hot_99
LK1103160,3.1619823321791225,3.129234536884009,hot_95,hot_99
LK1103165,2.931214031428215,2.919557586571562,hot_95,hot_95
LK1103170,2.490486880103942,2.5370756940624135,hot_95,hot_95
LK1103175,1.8148430195230125,1.867319192953667,hot_90,hot_90
LK1106005,3.600955093218192,3.5725870106527657,hot_99,hot_99
LK1106010,1.6386001644452601,1.6641893135868702,ns,ns
LK1106015,0.8527822494914664,0.8748503016419823,ns,ns
LK1106020,1.0821658748291292,1.1092060485595776,ns,ns
LK1106025,2.459839052443149,2.456645928027795,hot_95,hot_95
LK1106030,3.2608906241833364,3.2285507983928228,hot_95,hot_95
LK1106035,3.4327983989005233,3.3537208941129997,hot_99,hot_99
LK1106040,1.6606461759477242,1.6851721164475855,hot_90,hot_90
LK1106045,1.6274869506050404,1.648219061770948,ns,ns
LK1106050,1.8464388503589302,1.9012679765295344,hot_90,hot_90
LK1106055,1.461740048520326,1.5308383668435346,ns,ns
LK1106060,1.3248660067589546,1.431781864354972,ns,ns
LK1106065,0.46861177936089893,0.5808126705363201,ns,ns
LK1106070,-0.2368659517254016,-0.17140898485455403,ns,ns
LK1106075,0.36302877924308036,0.465181114520496,ns,ns
LK1106080,1.2484866939233454,1.3642944208720709,ns,ns
LK1106085,2.4607631607237748,2.5223993300967096,hot_95,hot_95
LK1106090,2.3008129365702557,2.3288289498354464,hot_95,hot_95
LK1106095,2.4126273875096467,2.4441402248565116,hot_90,hot_90
LK1106100,2.2011048672021674,2.191859622645546,hot_95,hot_90
LK1106105,2.0430894156009423,2.026554181791922,hot_90,ns
LK1106110,2.598377565534333,2.5294192143144887,hot_95,hot_95
LK1106115,2.373361672427151,2.325849185739798,hot_95,hot_95
LK1106120,2.2756200611949446,2.2945790897549223,hot_90,hot_95
LK1106125,1.6421839287714557,1.706604010602098,ns,ns
LK1106130,2.1426000917318713,2.1612246431166575,hot_90,hot_90
LK1106135,2.8900887091838525,2.9315276929188743,hot_95,hot_95
LK1106140,1.4264493222490167,1.5134627483135976,ns,ns
LK1106145,0.8100927438202264,0.9083385528994172,ns,ns
LK1106150,0.5785172422973095,0.6320476606601731,ns,ns
LK1106155,-0.15864169126387725,-0.1329242430564895,ns,ns
LK1106160,0.0823452206182246,0.09989379527839926,ns,ns
LK1106165,0.6719170116884684,0.7236714136859024,ns,ns
LK1106170,1.1221954905076017,1.18283542643559,ns,ns
LK1106175,1.0507171149721015,1.1052616954300272,ns,ns
LK1106180,1.1559681446366286,1.2249151624089212,ns,ns
LK1106185,2.3169688704857254,2.4047235815122874,hot_95,hot_95
LK1106190,2.811036285641004,2.8291265490273507,hot_95,hot_95
LK1106195,2.557277500770397,2.563518394349918,hot_90,hot_90
LK1106200,2.012045878605686,2.0943654966186283,hot_95,hot_95
LK1106205,0.9952215996290558,1.111072703897748,ns,ns
LK1106210,1.3167306323385495,1.402326496418596,ns,ns
LK1106215,2.9987165294494074,2.985151069573642,hot_99,hot_99
LK1106220,0.1088304844827668,0.20380619153630972,ns,ns
LK1106225,1.5402621314463507,1.6022145570472668,ns,ns
LK1106230,2.559046062563442,2.547498654547678,hot_95,hot_95
LK1109005,-0.28195697036321143,-0.25450620551310066,ns,ns
LK1109010,-0.3221509916632252,-0.3045541549671412,ns,ns
LK1109015,-0.14040227352424353,-0.09670491877131045,ns,ns
LK1109020,-0.6124965454112702,-0.5830716625595452,ns,ns
LK1109025,-0.7731638832236468,-0.7918006166948027,ns,ns
LK1109030,-0.8442135622560898,-0.8770271628386592,ns,ns
LK1109035,-0.9769297423028579,-1.0186638824579042,ns,ns
LK1109040,-1.3521453186642896,-1.3748083407915426,ns,ns
LK1109045,-1.1508627330626733,-1.1581066206702564,ns,ns
LK1109050,-0.6648715476688211,-0.6356474106381294,ns,ns
LK1109055,-0.621992046413119,-0.5789499944385651,ns,ns
LK1109060,0.05918054195361164,0.10895279440884176,ns,ns
LK1109065,0.5092376412462679,0.5947806364366847,ns,ns
LK1109070,0.1390372678995607,0.20728534821352326,ns,ns
LK1109075,-0.7983266391456681,-0.7486122580724709,ns,ns
LK1109080,-1.8546822436002182,-1.842966464531461,cold_90,cold_90
LK1109085,-1.6255069366899448,-1.6185413053634083,ns,ns
LK1109090,-1.5869173690325316,-1.5895451599831858,ns,ns
LK1109095,-1.0483620219811913,-1.0619535676418235,ns,ns
LK1109100,-2.0808220790336884,-2.0786645458848234,cold_90,cold_90
LK1109105,-2.0087341874098823,-2.026749725073158,cold_90,cold_90
LK1109110,-1.9180138978785954,-1.9503407196870761,cold_90,cold_90
LK1109115,-1.3015637305015673,-1.2913584590838845,ns,ns
LK1109120,-1.2796066650796358,-1.1655090219022273,ns,ns
LK1109125,-0.3474053449446592,-0.2569361815048072,ns,ns
LK1109130,0.30503958031006806,0.3939489502314319,ns,ns
LK1109135,0.49980703925042863,0.5966054281659495,ns,ns
LK1109140,0.83078783862635,0.8966146051537035,ns,ns
LK1109145,0.8856869537297066,0.9558525509492932,ns,ns
LK1109150,1.9735790111632652,2.0666391804781767,hot_90,hot_90
LK1109155,1.5430824622944639,1.6389472067963682,ns,ns
LK1109160,0.955257337355622,1.012582237413495,ns,ns
LK1109165,0.08760955043866776,0.16400768446971553,ns,ns
LK1109170,1.5065027877269321,1.603080693246896,ns,ns
LK1109175,2.0073801260442643,2.0873577342079614,ns,hot_90
LK1109180,1.9058620499565162,2.0159665689922037,ns,ns
LK1109185,1.2632720864039013,1.3421408633972143,ns,ns
LK1109190,0.2675262673853717,0.3171887097353037,ns,ns
LK1109195,-0.6193448742791273,-0.48311772614138504,ns,ns
LK1109200,-1.4596592738383902,-1.4574880876176142,ns,ns
LK1109205,-1.5409569815084194,-1.50572878581022,ns,ns
LK1109210,-1.235926828089955,-1.0961746646311907,ns,ns
LK1109215,-0.9779211632430861,-0.8365817634295712,ns,ns
LK1109220,-0.906726965090988,-0.7693207271040887,ns,ns
LK1109225,-0.40964089526231057,-0.3190971171813612,ns,ns
LK1109230,0.417524872809603,0.4387453998060847,ns,ns
LK1109235,1.3483922919633333,1.384546048790831,ns,ns
LK1109240,1.5417057303675838,1.5119724779763353,ns,ns
LK1109245,1.6363708323390311,1.6966052672554943,ns,ns
LK1109250,1.1986443823578345,1.2555213436320618,ns,ns
LK1109255,1.5090032209236999,1.6331550368856305,ns,ns
LK1109260,1.4730295699134184,1.5218068503710445,ns,ns
LK1109265,1.4093688867193035,1.5270236839316564,ns,ns
LK1109270,1.225062093902349,1.2005380924912143,ns,ns
LK1109275,-0.26772666675935736,-0.2524598310512515,ns,ns
LK1109280,-0.6593518693142393,-0.592336116719174,ns,ns
LK1109285,-1.363045899278477,-1.2811141800450303,ns,ns
LK1112005,-2.205104913190443,-2.221438351963497,cold_95,cold_95
LK1112010,-1.4040813211564607,-1.4308701242006292,ns,ns
LK1112015,-2.030630930824433,-2.0651600557697805,cold_90,cold_90
LK1112020,-2.3454332280818666,-2.3752242393527863,cold_95,cold_95
LK1112025,-2.1496628857032776,-2.1779341852854364,cold_90,cold_90
LK1112030,-2.15775905489459,-2.200911915569632,cold_95,cold_95
LK1112035,-1.9750083260025013,-2.011210417210064,cold_90,cold_90
LK1112040,-1.845578223119737,-1.8631108926289548,cold_90,cold_90
LK1112045,-2.6201283745336528,-2.6280509564706027,cold_95,cold_95
LK1112050,-1.5100730737338708,-1.532384512350132,ns,ns
LK1112055,-1.7220703272227682,-1.724424817932112,ns,ns
LK1112060,-1.6172821712523673,-1.6153606218057668,ns,ns
LK1112065,-1.6478676546445783,-1.6810117204514095,ns,ns
LK1112070,-2.026472059136386,-2.071233211328478,cold_95,cold_95
LK1112075,-1.878636431444876,-1.9092296988526667,cold_90,cold_90
LK1112080,-2.8992683975251023,-2.9416009261360023,cold_99,cold_99
LK1112085,-2.425117296638273,-2.4783190820879493,cold_95,cold_95
LK1112090,-1.885003352595312,-1.924803943818,cold_90,cold_90
LK1112095,-1.4019254045518956,-1.4487655615019448,ns,ns
LK1112100,-1.4060847897290432,-1.4612508917910325,ns,ns
LK1112105,-1.3378110091929154,-1.3825658030307757,ns,ns
LK1112110,-1.1355406558460626,-1.1260190687893958,ns,ns
LK1112115,-1.0222496630404916,-1.0286456721659591,ns,ns
LK1112120,-1.0899923309296697,-1.064518639507018,ns,ns
LK1112125,-0.42845425338237175,-0.3978113481586396,ns,ns
LK1112130,-0.2140521578775962,-0.22742727224055675,ns,ns
LK1112135,-0.9040191884204063,-0.9318490021417718,ns,ns
LK1112140,-0.8756622565710064,-0.8981998845961512,ns,ns
LK1112145,-1.2037979171517474,-1.2468807467910068,ns,ns
LK1112150,-1.6062199815038103,-1.6615630075256198,ns,ns
LK1112155,-1.7690818739007452,-1.8185416185560899,cold_90,cold_90
LK1112160,-2.0296782368702253,-2.0732613434582268,cold_90,cold_90
LK1112165,-3.330389950158748,-3.3508482399168886,cold_99,cold_99
LK1112170,-3.058380548359841,-3.074449122574452,cold_99,cold_99
LK1112175,-1.9608107606304555,-1.9971400795316134,cold_90,cold_90
LK1112180,-2.165929799902276,-2.1863532826819396,cold_95,cold_95
LK1112185,-1.675766681622337,-1.6750127352814765,ns,ns
LK1112190,-1.3133465803404112,-1.295415415365141,ns,ns
LK1112195,-0.15193477511151665,-0.16416957931585416,ns,ns
LK1112200,-0.8998246651000594,-0.8839237584121032,ns,ns
LK1112205,-0.8132901942606149,-0.7561825392611092,ns,ns
LK1112210,-0.654909909320323,-0.6139041888832435,ns,ns
LK1112215,-0.6232282689500871,-0.5590004946988028,ns,ns
LK1112220,-0.513255360132705,-0.4757865042428067,ns,ns
LK1112225,-0.6845667151417115,-0.6331339498117824,ns,ns
LK1112230,-0.5045953238395715,-0.4921213564684779,ns,ns
LK1112235,0.695479477560087,0.6689673579323736,ns,ns
LK1112240,-0.25684603335043116,-0.2478707072402159,ns,ns
LK1112245,-1.125333151099223,-1.0790930418748548,ns,ns
LK1112250,-1.7462540489525868,-1.6642802187603374,cold_90,ns
LK1112255,-1.332410825349026,-1.2902735689896285,ns,ns
LK1112260,-1.666175498247206,-1.614012124153382,ns,ns
LK1112265,-1.9213151299257027,-1.859153543478878,cold_90,cold_90
LK1112270,-2.487671598763748,-2.438221724059503,cold_95,cold_95
LK1112275,-2.9691875486291783,-2.946459787011809,cold_99,cold_99
LK1112280,-2.549256572835117,-2.5249507223203858,cold_95,cold_95
LK1112285,-2.52003872361254,-2.4963817381298385,cold_95,cold_95
LK1112290,-2.4174000804644806,-2.3731166103290544,cold_95,cold_95
LK1112295,-2.396342788099754,-2.307004751888117,cold_95,cold_95
LK1112300,-1.9243473312627402,-1.8125566846767354,cold_90,cold_90
LK1112305,-1.1213533774463267,-1.051820267171544,ns,ns
LK1112310,0.34368240759877905,0.33304483540714896,ns,ns
LK1112315,-1.2609744748224825,-1.2333404769796623,ns,ns
LK1112320,-1.250190513412029,-1.2424254886489265,ns,ns
LK1112325,-0.9100525837855775,-0.8889913573939493,ns,ns
LK1112330,-1.3973310079132644,-1.3942187035817888,ns,ns
LK1112335,-1.531280357026931,-1.4729018772036242,ns,ns
LK1112340,-1.9982136850857035,-1.899639387205054,cold_95,cold_90
LK1112345,-1.9135784392870379,-1.8087745268303121,cold_90,ns
LK1112350,-2.1193188005913948,-2.0547647898541164,cold_95,cold_90
LK1112355,-2.513726605236194,-2.465967386437072,cold_95,cold_95
LK1112360,-1.774781350942205,-1.7345428248183279,ns,ns
LK1112365,-1.4963120388770892,-1.3995127981712487,ns,ns
LK1112370,-1.3764854309582244,-1.3045650535097097,ns,ns
LK1112375,-1.3975146388913204,-1.3117162715301518,ns,ns
LK1112380,-1.6313215376563763,-1.5711648244251,ns,ns
LK1112385,-1.6084320062268425,-1.5766195503295009,ns,ns
LK1112390,-2.335620884958011,-2.320995907537682,cold_95,cold_95
LK1112395,-2.312471905333375,-2.3476397290337627,cold_90,cold_90
LK1112400,-2.1620160956681063,-2.1616352274284067,cold_90,cold_90
LK1112405,-1.9939919476688828,-1.9370451085655513,cold_90,cold_90
LK1115005,-3.201002728797317,-3.2333241146800575,cold_95,cold_95
LK1115010,-3.2410906075968042,-3.26080250732241,cold_99,cold_99
LK1115015,-3.7198951958832893,-3.7526770674075443,cold_99,cold_99
LK1115020,-3.67744444665044,-3.723799041026517,cold_99,cold_99
LK1115025,-3.3393632129825295,-3.3783164724447414,cold_99,cold_99
LK1115030,-3.5290475425778602,-3.6130878847495063,cold_99,cold_99
LK1115035,-1.5580615112982685,-1.6912537275096593,ns,ns
LK1115040,-1.268441874118773,-1.4039854103825666,ns,ns
LK1115045,-1.235310917472299,-1.385498562846249,ns,ns
LK1115050,-1.5868698453503494,-1.734393470351687,ns,ns
LK1115055,-2.282441290855816,-2.4078781368642534,cold_95,cold_95
LK1115060,-1.1535350503105706,-1.2717778264980582,ns,ns
LK1115065,-4.280170565409404,-4.319078222515163,cold_99,cold_99
LK1115070,-2.964613564392983,-2.9988868063019063,cold_99,cold_99
LK1115075,-3.757984363567585,-3.7887944087887897,cold_99,cold_99
LK1115080,-3.0090658044289293,-3.053493208127684,cold_99,cold_99
LK1115085,-3.1624650493859274,-3.1998600963710833,cold_99,cold_99
LK1115090,-2.8132969447010923,-2.83217243534399,cold_95,cold_95
LK1115095,-3.1868745953058184,-3.243285291724692,cold_95,cold_99
LK1115100,-3.3598841544099796,-3.4034350952555896,cold_99,cold_99
LK1115105,-2.6187959191078582,-2.6638837840222203,cold_95,cold_95
LK1115110,-3.236487676952806,-3.2501399628233667,cold_99,cold_99
LK1115115,-2.4954834101631995,-2.5227391701832125,cold_95,cold_95
LK1115120,-3.9350476226355897,-3.958884543065801,cold_99,cold_99
LK1115125,-3.173127006281429,-3.1956653293163173,cold_99,cold_99
LK1115130,-2.9400389382805368,-3.0396442801768075,cold_95,cold_95
LK1115135,-2.2259263907627607,-2.3286884142419804,cold_90,cold_95
LK1115140,-1.5621705691852485,-1.689752874381319,ns,ns
LK1115145,-1.6016378322728604,-1.6906384783080317,ns,ns
LK1115150,-2.739876886956511,-2.7863081000800065,cold_95,cold_95
LK1115155,-3.1123187197070457,-3.1617788193376666,cold_99,cold_99
LK1115160,-2.785144202769162,-2.8239441067328346,cold_95,cold_95
LK1115165,-4.208935326610818,-4.243082111085819,cold_99,cold_99
LK1115170,-4.521342173359063,-4.519390186392835,cold_99,cold_99
LK1115175,-3.9925212230121687,-4.022376766522877,cold_99,cold_99
LK1115180,-3.710163379846017,-3.748187675180848,cold_99,cold_99
LK1115185,-2.9038215981013944,-2.953955648227841,cold_95,cold_95
LK1115190,-2.4324563979474503,-2.4542530309798445,cold_90,cold_90
LK1115195,-1.8197656702316822,-1.8400600987921492,cold_90,cold_90
LK1115200,-2.0989696912707805,-2.137499456947635,cold_90,cold_90
LK1115205,-2.8101956701792807,-2.852594839973828,cold_95,cold_95
LK1115210,-3.0009318744713323,-3.0438628973746678,cold_95,cold_95
LK1115215,-2.944794091601733,-2.968377294928912,cold_95,cold_95
LK1115220,-2.725309488742377,-2.7442647350970004,cold_95,cold_95
LK1115225,-3.316130284301206,-3.337888103035115,cold_99,cold_99
LK1115230,-3.7606346973527907,-3.776690425941389,cold_99,cold_99
LK1115235,-4.944620674601506,-4.935356441618702,cold_99,cold_99
LK1115240,-5.214610212479761,-5.217358261924499,cold_99,cold_99
LK1115245,-3.564870856916194,-3.5965049019105595,cold_99,cold_99
LK1115250,-3.9575458046181446,-3.9836559119625927,cold_99,cold_99
LK1115255,-3.8162693220648465,-3.8536112633537183,cold_99,cold_99
LK1115260,-3.742946394980049,-3.7742832871610044,cold_99,cold_99
LK1115265,-3.7920622778283666,-3.8124577127033543,cold_99,cold_99
LK1115270,-2.7461064382046403,-2.7995169619687394,cold_95,cold_95
LK1115275,-2.2467548285151717,-2.3004235516073024,cold_95,cold_95
LK1115280,-2.380922552230639,-2.423079557643479,cold_95,cold_95
LK1115285,-2.757369289618625,-2.801835040257434,cold_95,cold_95
LK1115290,-3.2553799940249766,-3.269712841791501,cold_99,cold_99
LK1115295,-3.7976429602402617,-3.806573399019272,cold_99,cold_99
LK1115300,-3.9330415276388293,-3.961294364483572,cold_99,cold_99
LK1115305,-5.671433549160668,-5.653732046914345,cold_99,cold_99
LK1115310,-4.137548539203926,-4.13134797879873,cold_99,cold_99
LK1115315,-4.248378189499895,-4.232465353088494,cold_99,cold_99
LK1115320,-4.746933689418537,-4.75441280421023,cold_99,cold_99
LK1115325,-2.80678528359009,-2.8059050192203228,cold_95,cold_95
LK1115330,-2.818377246149101,-2.8443212448283997,cold_95,cold_95
LK1115335,-2.309183822742218,-2.3500224880295697,cold_95,cold_95
LK1115340,-3.1924193203710494,-3.1955152670791653,cold_99,cold_99
LK1118005,-3.577262348605643,-3.5820405717457846,cold_99,cold_99
LK1118010,-4.304231434774417,-4.3293907531221745,cold_99,cold_99
LK1118015,-4.187379463980389,-4.206072001344141,cold_99,cold_99
LK1118020,-5.478021902205935,-5.4544409594081475,cold_99,cold_99
LK1118025,-4.975427529639425,-4.9596030265349125,cold_99,cold_99
LK1118030,-4.590587887272453,-4.56436765014946,cold_99,cold_99
LK1118035,-4.348514812430013,-4.3282318551355985,cold_99,cold_99
LK1118040,-4.420490999353522,-4.399261666658048,cold_99,cold_99
LK1118045,-4.310758049026153,-4.285511753559122,cold_99,cold_99
LK1118050,-4.014489499043846,-4.02168860102954,cold_99,cold_99
LK1118055,-4.374999555355378,-4.384256762737873,cold_99,cold_99
LK1118060,-2.9023109122931574,-2.9009255240537524,cold_95,cold_95
LK1118065,-3.006912857558141,-3.017946030369296,cold_95,cold_95
LK1118070,-2.3105571063207924,-2.316474231083438,cold_95,cold_95
LK1118075,-2.476766242091413,-2.5097923642764264,cold_95,cold_95
LK1118080,-1.9231126248279302,-1.9599683360302365,cold_90,cold_90
LK1118085,-2.2807999555316294,-2.3217537978483938,cold_95,cold_95
LK1118090,-3.133535994286223,-3.1505347473756675,cold_99,cold_99
LK1118095,-2.865001363305295,-2.881553450524299,cold_95,cold_95
LK1118100,-3.759672676031359,-3.7580077227262723,cold_99,cold_99
LK1118105,-2.6740833261249017,-2.680015687557501,cold_95,cold_95
LK1118110,-4.026846734303945,-4.018558479857147,cold_99,cold_99
LK1118115,-3.932954031678387,-3.9165154187192335,cold_99,cold_99
LK1118120,-3.383242577006363,-3.3832805152276553,cold_99,cold_99
LK1118125,-3.720623178129467,-3.734696475001146,cold_99,cold_99
LK1118130,-2.620721579303092,-2.63512431636795,cold_95,cold_95
LK1118135,-2.6215002655119717,-2.648059659652414,cold_95,cold_95
LK1118140,-3.309621978247514,-3.3265567757007672,cold_95,cold_95
LK1118145,-2.955288599824449,-2.9603611324763426,cold_95,cold_95
LK1118150,-3.1532358259110516,-3.1561935674530677,cold_99,cold_99
LK1118155,-3.3328653626933535,-3.3156707589571544,cold_99,cold_99
LK1118160,-2.566544835955287,-2.547582588864902,cold_95,cold_95
LK1118165,-3.752409244305991,-3.7245611815776942,cold_99,cold_99
LK1118170,-2.446706182914339,-2.418076090893526,cold_95,cold_95
LK1118175,-2.52719375680885,-2.495186387131639,cold_95,cold_95
LK1118180,-3.2638516494922687,-3.2390895872043814,cold_99,cold_99
LK1118185,-3.1495338905299732,-3.1449555283700126,cold_95,cold_95
LK1118190,-4.200863851563616,-4.188364328876481,cold_99,cold_99
LK1118195,-3.903264561376851,-3.8852002296883077,cold_99,cold_99
LK1118200,-2.546927442027164,-2.5282911830714063,cold_95,cold_95
LK1118205,-2.546927442027164,-2.5282911830714063,cold_95,cold_95
LK1118210,-4.033818508511812,-4.020406505749716,cold_99,cold_99
LK1118215,-3.1583599911350215,-3.1372192530286656,cold_95,cold_95
LK1118220,-4.395290700380199,-4.369350175688834,cold_99,cold_99
LK1118225,-3.820491378410354,-3.8028085127701874,cold_99,cold_99
LK1118230,-4.683020609279295,-4.662165020716798,cold_99,cold_99
LK1121005,3.120799639167028,3.2222467466338998,hot_95,hot_99
LK1121010,2.2999929616672925,2.424772736799461,hot_95,hot_95
LK1121015,1.5085063907538876,1.5608312049138116,ns,ns
LK1121020,0.38495149259878203,0.4783582191831084,ns,ns
LK1121025,0.22663421333843975,0.24389394930875186,ns,ns
LK1121030,-0.1307458844604285,-0.07764121273951478,ns,ns
LK1121035,-0.6574877758670402,-0.5778718580577749,ns,ns
LK1121040,-0.6424674807103538,-0.5011168813808935,ns,ns
LK1121045,-0.5722920463672668,-0.48012124580037707,ns,ns
LK1121050,-0.5811084301433651,-0.49120042307045636,ns,ns
LK1121055,-0.3467385770099974,-0.2779579528848036,ns,ns
LK1121060,-0.29163676784942816,-0.22239084736816622,ns,ns
LK1121065,0.1028899161063746,0.22182656724483593,ns,ns
LK1121070,0.18694888730978623,0.3173102513357469,ns,ns
LK1121075,0.9196713037682342,0.9910150121515844,ns,ns
LK1121080,1.1301929701123539,1.188165779429619,ns,ns
LK1121085,1.653933908864466,1.7150122292603704,ns,ns
LK1121090,2.5129801634166307,2.5850572598471597,hot_95,hot_95
LK1121095,2.023771456253217,2.048871582156542,hot_90,hot_90
LK1121100,2.5026125365263483,2.511072505197013,hot_95,hot_95
LK1121105,1.4346196957241335,1.439183387955379,ns,ns
LK1121110,1.6895765837334131,1.7227491487653837,ns,ns
LK1121115,0.8388717468064036,0.9465044022963319,ns,ns
LK1121120,0.8648763752129556,0.9176339766455065,ns,ns
LK1121125,0.22558099478034654,0.2615848874467005,ns,ns
LK1121130,0.14998486422934917,0.20126100675728598,ns,ns
LK1121135,0.43493727011182487,0.4428372271929881,ns,ns
LK1121140,-0.02480574260881637,-0.003943490087153135,ns,ns
LK1121145,0.12843235367431616,0.13282615602994394,ns,ns
LK1121150,0.023230005316511596,0.03528027483619625,ns,ns
LK1121155,0.3879461244115086,0.4318593977522853,ns,ns
LK1121160,0.7238838843698712,0.7258842907349324,ns,ns
LK1121165,1.0532465323961844,1.105486679604371,ns,ns
LK1121170,1.080507384998875,1.0730671534239757,ns,ns
LK1121175,1.3719276254696875,1.3301566646252068,ns,ns
LK1121180,1.775285155884804,1.7314030417318498,ns,ns
LK1121185,2.4381066285519872,2.4544498312784664,hot_95,hot_95
LK1121190,2.8335359916666105,2.8922411053417645,hot_95,hot_95
LK1121195,2.2741174371503208,2.3233294762714602,hot_95,hot_95
LK1121200,2.2828227472168763,2.3076256930250016,hot_95,hot_95
LK1121205,2.879773163601727,2.8696049970630013,hot_95,hot_95
LK1124005,2.274505280057797,2.333621537791147,hot_90,hot_90
LK1124010,1.9324748764169994,2.028303202950739,hot_90,hot_90
LK1124015,0.6186311885096263,0.7503868537657414,ns,ns
LK1124020,1.5004000044747587,1.5466802484930202,ns,ns
LK1124025,1.9115168658185129,1.9954661781632579,hot_90,hot_90
LK1124030,2.013431672856814,2.124045036350488,hot_90,hot_95
LK1124035,1.8941605077202772,1.960660627564928,hot_90,hot_90
LK1124040,1.642232144861871,1.693521082641612,ns,ns
LK1124045,1.2855415598872348,1.416850392066419,ns,ns
LK1124050,1.6418188714776794,1.7613730718335512,hot_90,hot_90
LK1124055,2.5697329704082286,2.695563106985887,hot_95,hot_95
LK1124060,2.679147784181268,2.7512901755450767,hot_95,hot_95
LK1124065,1.8842037836854888,1.960818913380618,hot_90,hot_90
LK1124070,2.8951283676166093,2.9946487834306716,hot_99,hot_99
LK1124075,2.8203150323167603,2.844765340378029,hot_95,hot_95
LK1124080,3.6032362321258193,3.6229208182869805,hot_99,hot_99
LK1124085,4.074076083088908,4.117426742975794,hot_99,hot_99
LK1124090,3.390552707925072,3.366575409748399,hot_99,hot_99
LK1124095,3.523976143839526,3.521031495260048,hot_99,hot_99
LK1124100,3.294457168016453,3.3324624181384785,hot_99,hot_99
LK1127005,1.834995135992667,1.8572897002509605,hot_90,hot_90
LK1127010,1.7284829778452107,1.746541873399962,ns,ns
LK1127015,2.9241588525488695,2.955285860109215,hot_99,hot_99
LK1127020,3.348659418755761,3.369125795130412,hot_99,hot_99
LK1127025,3.3825389120327376,3.31708166615428,hot_99,hot_99
LK1127030,3.5363272867640942,3.4920806886997346,hot_99,hot_99
LK1127035,2.9064349217240752,2.864020856992466,hot_95,hot_95
LK1127040,3.3468323270009757,3.3655201904382945,hot_99,hot_99
LK1127045,2.4528486539470364,2.4978509396972326,hot_95,hot_95
LK1127050,2.011657054522564,2.080961401330451,hot_90,hot_95
LK1127055,1.84347829151399,1.9280055266716716,hot_90,hot_90
LK1127060,2.2282561277242148,2.324710390642356,hot_95,hot_95
LK1127065,1.7686259439519623,1.8300018009256906,ns,ns
LK1127070,2.1360581603549016,2.2308684236803082,hot_90,hot_90
LK1127075,2.504177141516411,2.627051267487045,hot_95,hot_95
LK1127080,2.9273134433313532,3.024385275024047,hot_95,hot_95
LK1127085,2.873207988699635,2.9671552044744813,hot_99,hot_99
LK1127090,2.670288831716707,2.7627584552378694,hot_95,hot_95
LK1127095,2.554834524208392,2.6082809242288416,hot_95,hot_95
LK1127100,3.0512153358219996,3.195725571006174,hot_95,hot_99
LK1130005,3.0554747963700435,3.178027817703486,hot_95,hot_99
LK1130010,3.4033381990486387,3.532407679914394,hot_99,hot_99
LK1130015,3.789126599540477,3.9155284436606723,hot_99,hot_99
LK1130020,3.9164674928967873,3.999604676342655,hot_99,hot_99
LK1130025,3.6217527440552915,3.804446754260788,hot_99,hot_99
LK1130030,3.050434977606377,3.1991169513203115,hot_95,hot_99
LK1130035,3.2761042831705867,3.3801916750899754,hot_99,hot_99
LK1130040,2.61426110876834,2.673744821796737,hot_95,hot_95
LK1130045,3.073871544414605,3.256698223212915,hot_95,hot_99
LK1130050,3.7957393840666955,4.014865399034678,hot_99,hot_99
LK1130055,2.891893861764271,3.0579384473141746,hot_95,hot_95
LK1130060,3.1123326846354513,3.278087318567262,hot_99,hot_99
LK1130065,3.0725813558269874,3.2119938757951934,hot_99,hot_99
LK1130070,3.2928302613418077,3.511315410096226,hot_99,hot_99
LK1130075,2.8849501896536083,3.051450824975002,hot_95,hot_99
LK1131005,3.448054527869897,3.5853595282308066,hot_99,hot_99
LK1131010,3.2876931155105455,3.4288386123581054,hot_99,hot_99
LK1131015,3.0287424480252545,3.1714938586402144,hot_95,hot_95
LK1131020,3.0634871925916416,3.1870934933174473,hot_95,hot_95
LK1131025,3.4758105142113758,3.6240591014227386,hot_99,hot_99
LK1131030,1.4491736212491946,1.5747184909814775,ns,ns
LK1131035,2.6949917805998824,2.7702618859857453,hot_95,hot_95
LK1131040,2.9949054395320793,3.0959295240269724,hot_95,hot_95
LK1131045,2.47488464235395,2.5803871768644115,hot_95,hot_95
LK1131050,2.814319493701194,2.854691338060077,hot_95,hot_95
LK1131055,2.694067106815392,2.6668392040884723,hot_95,hot_95
LK1131060,3.4130076650360235,3.414570699979335,hot_99,hot_99
LK1131065,2.530298039816322,2.5406270991011186,hot_95,hot_95
LK1133005,2.7683703383624647,2.6928416284673236,hot_95,hot_95
LK1133010,3.505254041518838,3.456086924711428,hot_99,hot_99
LK1133015,2.932696717281302,2.8438335388176728,hot_95,hot_95
LK1133020,4.2115946153153025,4.107143435465514,hot_99,hot_99
LK1133025,4.2467651080148405,4.126695269160334,hot_99,hot_99
LK1133030,3.5435497687349184,3.415606282973513,hot_99,hot_99
LK1133035,2.6097272032623318,2.5932668132581997,hot_95,hot_95
LK1133040,3.425345137002747,3.324715199762847,hot_99,hot_99
LK1133045,4.090112387743259,3.9607083515500503,hot_99,hot_99
LK1133050,3.284495941378806,3.163033053277743,hot_99,hot_99
LK1133055,2.3189422027746054,2.2332321021695645,hot_95,hot_95
LK1133060,2.320881440942712,2.1394656751542644,hot_95,hot_90
LK1133065,2.5889048595054334,2.470060763405632,hot_95,hot_95
LK1133070,3.0573611409553565,2.873012548864056,hot_95,hot_95
LK1133075,3.3796679771601568,3.2154095276414405,hot_99,hot_99
LK1133080,3.2827993613199675,3.1329384020293687,hot_99,hot_95
LK1133085,2.5747436664678216,2.4440330311250027,hot_95,hot_95
LK1133090,3.597625845817321,3.4732556726545445,hot_99,hot_99
LK1133095,1.6176292405099955,1.4983572466873494,ns,ns
LK1133100,3.6190288693439046,3.439906359165247,hot_99,hot_99
LK1133105,2.9154030307255705,2.7201985744687724,hot_95,hot_95
LK1133110,3.1053152344220383,2.9309790154999096,hot_99,hot_95
LK1133115,2.799995497797651,2.5974428800663487,hot_99,hot_95
LK1133120,1.9961193605444667,1.7981830602349627,hot_90,ns
LK1133125,1.796114660449065,1.5693967809915224,hot_90,ns
LK1133130,1.1203645640733852,1.025381231114755,ns,ns
LK1133135,2.704239745564229,2.5221267555132694,hot_95,hot_95
LK1133140,1.8691956788778887,1.7116011169897916,hot_90,ns
LK1133145,0.0438062225138193,-0.0015695828674251915,ns,ns
LK1133150,1.9195245228312912,1.8332282306148922,ns,ns
LK1133155,-1.5341536524842458,-1.5498727870223783,ns,ns
LK1133160,1.806314540807438,1.623146431466288,ns,ns
LK1133165,1.320874507562204,1.161175253629311,ns,ns
LK1133170,1.1344372598297172,0.9342630425933578,ns,ns
LK1133175,1.1344372598297172,0.9342630425933578,ns,ns
LK1133180,1.062022625010252,0.8534245155762864,ns,ns
LK1133185,0.7195488913417776,0.5421032935722577,ns,ns
LK1133190,0.4683171230694002,0.3000338538255099,ns,ns
LK1133195,0.26224751575748567,0.09481656003910674,ns,ns
LK1133200,0.07376104068659681,-0.09436963129353963,ns,ns
LK1133205,-0.16100053876314388,-0.32616711076509103,ns,ns
LK1133210,-0.2361056161630528,-0.3674507936280829,ns,ns
LK1136005,2.224780852132188,2.3496971725159326,hot_90,hot_95
LK1136010,2.2140578861590505,2.261830803542286,hot_95,hot_95
LK1136015,1.7300332326264523,1.7647276429190288,ns,hot_90
LK1136020,1.1906969554483624,1.3049036368050966,ns,ns
LK1136025,1.3768670309947333,1.5490878988662615,ns,ns
LK1136030,-0.05077526942537222,0.08457388924433874,ns,ns
LK1136035,0.336113035232438,0.4841487453590821,ns,ns
LK1136040,0.9570664583418337,1.0622114260523574,ns,ns
LK1136045,2.093430652772386,2.1556199052536185,hot_90,hot_95
LK1136050,-0.05704974381459052,0.05159863596688856,ns,ns
LK1136055,0.5297618113561391,0.6200276601135029,ns,ns
LK1136060,1.1316962317096164,1.1474216265980288,ns,ns
LK1136065,1.4559065327970016,1.4876094809111153,ns,ns
LK1136070,1.2965609980466724,1.218683465400142,ns,ns
LK1136075,1.4027006758804397,1.3447032294725758,ns,ns
LK1136080,0.8947410825562347,0.7534101067843821,ns,ns
LK1136085,1.5789408863888068,1.5418815434455275,ns,ns
LK1136090,0.4994222516609994,0.4315362323622834,ns,ns
LK1136095,0.4570707866661045,0.4041560224797194,ns,ns
LK1136100,-0.05677126028075997,-0.05333231003734523,ns,ns
LK1136105,0.029964804513482473,0.07570048320294234,ns,ns
LK1136110,0.086195663072569,0.1379273092213032,ns,ns
LK1136115,0.2827516059810811,0.3469821137560397,ns,ns
LK1136120,0.2150923349982276,0.2560311900361229,ns,ns
LK1136125,0.357634591973475,0.3866767348922352,ns,ns
LK1136130,-0.40583671767919977,-0.3601150817064959,ns,ns
LK1136135,-0.560202128197131,-0.5015042919001691,ns,ns
LK1136140,-0.28223299650663475,-0.2743294800072595,ns,ns
LK1136145,0.37110346510720593,0.3037946487015772,ns,ns
LK1136150,0.27304977085781995,0.2056523035974644,ns,ns
LK1136155,0.2084175089532203,0.11943045196212941,ns,ns
LK1136160,0.46435367280742723,0.3596234924517616,ns,ns
LK1136165,0.8406645643488352,0.7790474420889577,ns,ns
LK1136170,1.4103748941911212,1.3139498061542443,hot_90,ns
LK1136175,1.0947152426474225,0.9846875072609881,ns,ns
LK1136180,0.8156085463285807,0.6980444477954103,ns,ns
LK1136185,1.1020572549404193,0.9396968957384078,ns,ns
LK1136190,0.277848671813806,0.2049097161256649,ns,ns
LK1136195,-0.6619309102201644,-0.6435599092040959,ns,ns
LK1136200,-0.3806722284290562,-0.3959433199407591,ns,ns
LK1136205,0.07626027071415543,-0.011531414561143772,ns,ns
LK1136210,0.7382100292194891,0.6223241196077743,ns,ns
LK1136215,0.7645135197265316,0.7281273976283906,ns,ns
LK1136220,1.0033089255131624,0.8839655925455863,ns,ns
LK1136225,0.5526164032280066,0.5068287523321696,ns,ns
LK1136230,0.9743457777389711,0.866935529934505,ns,ns
LK1136235,0.8791523832550642,0.7491181691017238,ns,ns
LK1136240,0.3637883100816022,0.24987331409419494,ns,ns
LK1136245,-0.051913567067127485,-0.13306017488236535,ns,ns
LK1136250,-0.12769974506090795,-0.2044596966908915,ns,ns
LK1136255,0.5379071545996459,0.4653642850028835,ns,ns
LK1136260,-0.3124405244009472,-0.3469726506034912,ns,ns
LK1136265,-0.009402147580390109,-0.06185959259845039,ns,ns
LK1136270,-0.7784638482164975,-0.7805450199925338,ns,ns
LK1136275,-0.9502457929416782,-0.9646068942660915,ns,ns
LK1136280,-0.3289264992914827,-0.39288976219384275,ns,ns
LK1136285,0.22932532774850278,0.1540742552514747,ns,ns
LK1136290,-0.48039182357042187,-0.5534448840124304,ns,ns
LK1136295,-1.5087242386345991,-1.5803798973665095,ns,ns
LK1136300,-0.7982051082010315,-0.8423590061731,ns,ns
LK1136305,-0.9245099040859169,-0.9847287370476183,ns,ns
LK1136310,-2.1271543820382983,-2.1745254855007348,cold_90,cold_90
LK1136315,-0.4070521597570097,-0.5109112815412198,ns,ns
LK1136320,-0.9925461710282609,-1.0434403987680447,ns,ns
LK1136325,-1.6542233107107958,-1.696421139543091,ns,cold_90
LK1136330,-1.141048486726054,-1.149303811347365,ns,ns
LK1136335,-1.6108730464597376,-1.6683358469477587,ns,ns
LK1136340,-0.9853021069085747,-1.0760396874075742,ns,ns
LK1136345,-1.7685600519462061,-1.8461976737079484,cold_90,cold_90
LK1136350,-1.2704871891313045,-1.3524211080644648,ns,ns
LK1136355,-1.2611495261212768,-1.3279816351215135,ns,ns
LK1136360,-1.1125834933852656,-1.1449612240089753,ns,ns
LK1136365,-1.7432721751897993,-1.8015384430948818,ns,ns
