zone_id,gi_star_hot_rank,lst_2020s_rank,ndvi_inverse_rank,score,rank,priority
LK1103070,0.9874326750448833,1.0,0.9910233393177738,0.9931777378815081,1,True
LK1103075,1.0,0.9551166965888689,0.9551166965888689,0.9730700179533214,2,True
LK1103080,0.9443447037701975,0.9964093357271095,0.9766606822262118,0.9716337522441653,3,True
LK1133045,0.992818671454219,0.9982046678635548,0.8527827648114902,0.9669658886894077,4,True
LK1103085,0.9622980251346499,0.9748653500897666,0.9587073608617595,0.9666068222621186,5,True
LK1103110,0.9766606822262118,0.9389587073608617,0.992818671454219,0.9648114901256734,6,True
LK1103065,0.9892280071813285,0.9228007181328546,0.9982046678635548,0.9644524236983842,7,True
LK1103100,0.9820466786355476,0.926391382405745,0.9802513464991023,0.9594254937163376,8,True
LK1103045,0.9658886894075404,0.9443447037701975,0.9712746858168761,0.9583482944344704,9,True
LK1106030,0.9156193895870736,0.992818671454219,0.9748653500897666,0.9583482944344703,10,True
LK1133025,0.9982046678635548,0.9784560143626571,0.8096947935368043,0.9526032315978455,11,True
LK1130070,0.9245960502692998,0.9874326750448833,0.9102333931777379,0.9468581687612209,12,True
LK1133020,0.9964093357271095,0.9802513464991023,0.770197486535009,0.9447037701974866,13,True
LK1130015,0.9784560143626571,0.9533213644524237,0.8509874326750448,0.9429084380610413,14,True
LK1124080,0.9694793536804309,0.9712746858168761,0.8240574506283662,0.9411131059245961,15,True
LK1131010,0.9228007181328546,0.9676840215439856,0.9174147217235189,0.93967684021544,16,True
LK1103040,0.9946140035906643,0.8779174147217235,0.9461400359066428,0.9382405745062837,17,True
LK1124085,0.9910233393177738,0.9587073608617595,0.7809694793536804,0.9360861759425494,18,True
LK1133040,0.9461400359066428,0.9910233393177738,0.8025134649910234,0.9353680430879714,19,True
LK1133010,0.9533213644524237,0.9605026929982047,0.8402154398563735,0.9335727109515259,20,True
LK1130045,0.8994614003590664,0.9766606822262118,0.9120287253141831,0.9328545780969479,21,True
LK1131015,0.8850987432675045,0.9856373429084381,0.9192100538599641,0.9321364452423698,22,True
LK1130060,0.9030520646319569,0.9838420107719928,0.8833034111310593,0.9314183123877918,23,True
LK1103060,0.9120287253141831,0.9245960502692998,0.9820466786355476,0.9310592459605027,24,True
LK1103160,0.9102333931777379,0.9425493716337523,0.9425493716337523,0.9296229802513466,25,True
LK1127030,0.9587073608617595,0.8922800718132855,0.940754039497307,0.9285457809694795,26,True
LK1103115,0.8689407540394973,0.9515260323159784,1.0,0.9281867145421903,27,True
LK1131025,0.9515260323159784,0.947935368043088,0.8384201077199281,0.9274685816876123,28,True
LK1103055,0.9138240574506283,0.9102333931777379,0.9874326750448833,0.9271095152603233,29,True
LK1103165,0.8761220825852782,0.9569120287253142,0.9676840215439856,0.9267504488330341,30,True
LK1103155,0.9748653500897666,0.895870736086176,0.8904847396768402,0.926391382405745,31,True
LK1130030,0.8868940754039497,0.9658886894075404,0.895870736086176,0.9202872531418314,32,True
LK1130035,0.9174147217235189,0.9371633752244165,0.8850987432675045,0.9188509874326751,33,True
LK1130010,0.9389587073608617,0.9066427289048474,0.881508078994614,0.9145421903052064,34,True
LK1106005,0.9676840215439856,0.8438061041292639,0.9497307001795332,0.9145421903052064,35,True
LK1103105,0.9066427289048474,0.8833034111310593,0.9856373429084381,0.9131059245960503,36,True
LK1124090,0.9371633752244165,0.9299820466786356,0.8312387791741472,0.9131059245960503,37,True
LK1127020,0.9299820466786356,0.8797127468581688,0.9299820466786356,0.909874326750449,38,True
LK1103095,0.9838420107719928,0.8258527827648114,0.9210053859964094,0.9080789946140038,39,True
LK1133080,0.9192100538599641,0.9497307001795332,0.800718132854578,0.9077199281867147,40,True
LK1130025,0.9730700179533214,0.8850987432675045,0.822262118491921,0.9077199281867145,41,True
LK1131020,0.8940754039497307,0.9353680430879713,0.8761220825852782,0.9070017953321364,42,True
LK1103145,0.9551166965888689,0.8420107719928187,0.9371633752244165,0.9062836624775585,43,True
LK1133015,0.8779174147217235,0.9892280071813285,0.7971274685816876,0.9062836624775583,44,True
LK1103050,0.8833034111310593,0.8994614003590664,0.9622980251346499,0.9055655296229803,45,True
LK1103150,0.895870736086176,0.8886894075403949,0.9515260323159784,0.9041292639138242,46,True
LK1127100,0.8886894075403949,0.9317773788150808,0.8725314183123878,0.9026929982046679,47,True
LK1106035,0.947935368043088,0.8868940754039497,0.8438061041292639,0.9026929982046679,48,True
LK1106110,0.8312387791741472,0.9622980251346499,0.9156193895870736,0.9005385996409336,49,True
LK1130020,0.9856373429084381,0.8653500897666068,0.7881508078994613,0.8980251346499102,50,True
LK1133030,0.9605026929982047,0.9210053859964094,0.725314183123878,0.8976660682226213,51,True
LK1130005,0.8904847396768402,0.9048473967684022,0.8976660682226212,0.8976660682226212,52,True
LK1103035,0.9084380610412927,0.8402154398563735,0.9784560143626571,0.8951526032315978,53,True
LK1130055,0.8635547576301615,0.9694793536804309,0.7989228007181328,0.8929982046678635,54,True
LK1127025,0.9353680430879713,0.8473967684021544,0.8994614003590664,0.8929982046678635,55,True
LK1133135,0.8438061041292639,0.9640933572710951,0.8456014362657092,0.8922800718132855,56,True
LK1106195,0.822262118491921,0.9946140035906643,0.8132854578096947,0.889407540394973,57,True
LK1133075,0.933572710951526,0.9174147217235189,0.7414721723518851,0.8886894075403952,58,True
LK1133110,0.9012567324955116,0.9120287253141831,0.8150807899461401,0.888330341113106,59,True
LK1133100,0.9712746858168761,0.8904847396768402,0.718132854578097,0.8883303411131059,60,True
LK1130065,0.8976660682226212,0.8527827648114902,0.9353680430879713,0.8872531418312388,61,False
LK1124100,0.926391382405745,0.9156193895870736,0.7504488330341114,0.8868940754039497,62,False
LK1131040,0.8797127468581688,0.9030520646319569,0.8617594254937163,0.8854578096947936,63,False
LK1131060,0.9425493716337523,0.8761220825852782,0.7845601436265709,0.8843806104129265,64,False
LK1130050,0.9802513464991023,0.8545780969479354,0.7342908438061041,0.880789946140036,65,False
LK1133105,0.8707360861759426,0.9192100538599641,0.8043087971274686,0.8768402154398565,66,False
LK1133070,0.8922800718132855,0.9138240574506283,0.748653500897666,0.8721723518850988,67,False
LK1131005,0.9497307001795332,0.7755834829443446,0.9012567324955116,0.8703770197486536,68,False
LK1124095,0.9569120287253142,0.8725314183123878,0.6912028725314183,0.8700179533213644,69,False
LK1103090,0.940754039497307,0.8186714542190305,0.8204667863554758,0.8678635547576302,70,False
LK1127040,0.9281867145421903,0.8240574506283662,0.8276481149012568,0.8664272890484741,71,False
LK1124055,0.8258527827648114,0.9820466786355476,0.7145421903052065,0.8660682226211849,72,False
LK1127085,0.8563734290843806,0.8168761220825853,0.9640933572710951,0.8621184919210054,73,False
LK1127080,0.874326750448833,0.8366247755834829,0.8581687612208259,0.8560143626570916,74,False
LK1103140,0.9317773788150808,0.7414721723518851,0.9317773788150808,0.8556552962298025,75,False
LK1127045,0.8025134649910234,0.8689407540394973,0.9281867145421903,0.8542190305206464,76,False
LK1127095,0.8204667863554758,0.8312387791741472,0.9569120287253142,0.8520646319569121,77,False
LK1124005,0.7809694793536804,0.9281867145421903,0.8348294434470377,0.8506283662477558,78,False
LK1133035,0.8330341113105925,0.9084380610412927,0.7684021543985637,0.8502692998204668,79,False
LK1103170,0.8096947935368043,0.829443447037702,0.9658886894075404,0.8488330341113106,80,False
LK1106230,0.8240574506283662,0.9461400359066428,0.7019748653500898,0.8484739676840216,81,False
LK1131050,0.8509874326750448,0.8330341113105925,0.8689407540394973,0.8473967684021545,82,False
LK1121005,0.9048473967684022,0.881508078994614,0.6570915619389587,0.8459605026929983,83,False
LK1106095,0.7989228007181328,0.933572710951526,0.7594254937163375,0.844883303411131,84,False
LK1131065,0.8168761220825853,0.9012567324955116,0.7719928186714542,0.8416517055655297,85,False
LK1106135,0.8617594254937163,0.874326750448833,0.7324955116696589,0.8409335727109516,86,False
LK1124070,0.8653500897666068,0.8384201077199281,0.7935368043087971,0.8402154398563734,87,False
LK1106215,0.881508078994614,0.7881508078994613,0.8599640933572711,0.8398563734290844,88,False
LK1133115,0.8473967684021544,0.8617594254937163,0.77737881508079,0.8391382405745063,89,False
LK1131035,0.8420107719928187,0.8599640933572711,0.7666068222621185,0.8341113105924597,90,False
LK1121190,0.8545780969479354,0.8509874326750448,0.7540394973070018,0.8330341113105926,91,False
LK1133060,0.7935368043087971,0.8581687612208259,0.8420107719928187,0.829084380610413,92,False
LK1133065,0.829443447037702,0.8096947935368043,0.8563734290843806,0.8269299820466787,93,False
LK1109240,0.6912028725314183,0.9730700179533214,0.7863554757630161,0.8229802513464992,94,False
LK1130040,0.8348294434470377,0.755834829443447,0.933572710951526,0.8229802513464991,95,False
LK1103025,0.8186714542190305,0.7917414721723519,0.8922800718132855,0.8226211849192101,96,False
LK1130075,0.8599640933572711,0.8150807899461401,0.7630161579892281,0.8226211849192101,97,False
LK1127035,0.8671454219030521,0.770197486535009,0.8366247755834829,0.8222621184919212,98,False
LK1109180,0.7432675044883303,0.940754039497307,0.7432675044883303,0.822262118491921,99,False
LK1133005,0.8456014362657092,0.77737881508079,0.8491921005385996,0.8190305206463195,100,False
LK1133055,0.7917414721723519,0.8132854578096947,0.8797127468581688,0.8179533213644525,101,False
LK1133140,0.7360861759425493,0.8976660682226212,0.8186714542190305,0.8172351885098743,102,False
LK1127090,0.8366247755834829,0.7289048473967684,0.9533213644524237,0.8168761220825852,103,False
LK1133050,0.9210053859964094,0.7163375224416517,0.8078994614003591,0.8165170556552963,104,False
LK1131055,0.8402154398563735,0.7935368043087971,0.8061041292639138,0.8147217235188511,105,False
LK1106105,0.7648114901256733,0.8204667863554758,0.8868940754039497,0.8114901256732496,106,False
LK1127070,0.7684021543985637,0.8061041292639138,0.9048473967684022,0.8107719928186715,107,False
LK1127015,0.8725314183123878,0.7432675044883303,0.8114901256732495,0.8086175942549372,108,False
LK1121205,0.8581687612208259,0.7737881508078994,0.7755834829443446,0.8078994614003591,109,False
LK1103130,0.6714542190305206,0.8491921005385996,0.9964093357271095,0.8075403949730701,110,False
LK1127075,0.8132854578096947,0.7666068222621185,0.874326750448833,0.806822262118492,111,False
LK1131045,0.8078994614003591,0.7684021543985637,0.8653500897666068,0.8035906642728905,112,False
LK1103030,0.7953321364452424,0.748653500897666,0.926391382405745,0.8028725314183124,113,False
LK1124075,0.8527827648114902,0.7845601436265709,0.7378815080789947,0.8025134649910234,114,False
LK1127065,0.7199281867145422,0.7989228007181328,0.9605026929982047,0.7996409335727109,115,False
LK1133150,0.7468581687612208,0.8563734290843806,0.7917414721723519,0.7996409335727109,116,False
LK1103120,0.7540394973070018,0.7342908438061041,0.9946140035906643,0.7942549371633753,117,False
LK1106130,0.770197486535009,0.8671454219030521,0.6929982046678635,0.7935368043087973,118,False
LK1106190,0.8491921005385996,0.7899461400359067,0.6876122082585279,0.7931777378815081,119,False
LK1106125,0.7073608617594255,0.8635547576301615,0.8168761220825853,0.791741472172352,120,False
LK1127005,0.7307001795332136,0.7522441651705566,0.9838420107719928,0.7899461400359068,121,False
LK1106010,0.703770197486535,0.7791741472172352,0.9730700179533214,0.7877917414721725,122,False
LK1133125,0.725314183123878,0.7863554757630161,0.9030520646319569,0.785278276481149,123,False
LK1133160,0.7271095152603232,0.800718132854578,0.8671454219030521,0.784560143626571,124,False
LK1136005,0.7755834829443446,0.7971274685816876,0.7612208258527827,0.7813285457809696,125,False
LK1109175,0.755834829443447,0.8707360861759426,0.644524236983842,0.7795332136445243,126,False
LK1103135,0.7378815080789947,0.7378815080789947,0.9443447037701975,0.7791741472172352,127,False
LK1121085,0.7109515260323159,0.8940754039497307,0.6822262118491921,0.7784560143626572,128,False
LK1133085,0.8276481149012568,0.7809694793536804,0.6714542190305206,0.7777378815080791,129,False
LK1133090,0.9640933572710951,0.6912028725314183,0.5745062836624776,0.777019748653501,130,False
LK1121195,0.7791741472172352,0.8114901256732495,0.7001795332136446,0.7763016157989229,131,False
LK1133120,0.7522441651705566,0.7396768402154399,0.8779174147217235,0.7723518850987433,132,False
LK1103015,0.7217235188509874,0.7504488330341114,0.9138240574506283,0.7716337522441652,133,False
LK1106115,0.7971274685816876,0.7073608617594255,0.8473967684021544,0.7712746858168762,134,False
LK1103005,0.6104129263913824,0.8456014362657092,0.9389587073608617,0.7701974865350091,135,False
LK1121090,0.8150807899461401,0.8078994614003591,0.6050269299820467,0.770197486535009,136,False
LK1121185,0.800718132854578,0.7540394973070018,0.7235188509874326,0.7666068222621185,137,False
LK1136010,0.7737881508078994,0.7630161579892281,0.7522441651705566,0.7651705565529623,138,False
LK1121180,0.7235188509874326,0.822262118491921,0.7307001795332136,0.7644524236983842,139,False
LK1133165,0.651705565529623,0.7719928186714542,0.9694793536804309,0.7633752244165171,140,False
LK1106120,0.7827648114901257,0.7468581687612208,0.755834829443447,0.7630161579892281,141,False
LK1127010,0.7163375224416517,0.7127468581687613,0.947935368043088,0.7612208258527828,142,False
LK1106100,0.7719928186714542,0.6768402154398564,0.9066427289048474,0.7608617594254937,143,False
LK1124020,0.6822262118491921,0.8043087971274686,0.8258527827648114,0.7597845601436267,144,False
LK1133170,0.6328545780969479,0.7953321364452424,0.9228007181328546,0.755834829443447,145,False
LK1127060,0.77737881508079,0.7091561938958707,0.7953321364452424,0.7536804308797128,146,False
LK1103010,0.6804308797127468,0.7576301615798923,0.8886894075403949,0.7529622980251347,147,False
LK1124060,0.8384201077199281,0.7360861759425493,0.6157989228007181,0.7529622980251347,148,False
LK1133095,0.6983842010771992,0.8025134649910234,0.7073608617594255,0.7418312387791742,149,False
LK1121200,0.7845601436265709,0.703770197486535,0.7271095152603232,0.7407540394973071,150,False
LK1103175,0.7289048473967684,0.6570915619389587,0.9245960502692998,0.7393177737881509,151,False
LK1124025,0.7450628366247756,0.7199281867145422,0.7648114901256733,0.7389587073608619,152,False
LK1127055,0.7324955116696589,0.7217235188509874,0.7468581687612208,0.7310592459605028,153,False
LK1106090,0.7881508078994613,0.7324955116696589,0.6032315978456014,0.7289048473967685,154,False
LK1103020,0.6929982046678635,0.6750448833034112,0.9084380610412927,0.7289048473967684,155,False
LK1106025,0.8043087971274686,0.6606822262118492,0.703770197486535,0.7267504488330343,156,False
LK1121010,0.7863554757630161,0.725314183123878,0.59245960502693,0.7231597845601436,157,False
LK1121110,0.7145421903052065,0.7307001795332136,0.7127468581687613,0.7206463195691204,158,False
LK1136015,0.718132854578097,0.6929982046678635,0.7791741472172352,0.7202872531418313,159,False
LK1106085,0.8061041292639138,0.6876122082585279,0.6122082585278277,0.7199281867145422,160,False
LK1124035,0.7414721723518851,0.7055655296229802,0.6947935368043088,0.717773788150808,161,False
LK1109255,0.6876122082585279,0.7450628366247756,0.7109515260323159,0.7152603231597847,162,False
LK1106225,0.6894075403949731,0.7594254937163375,0.6786355475763016,0.7152603231597846,163,False
LK1133180,0.6157989228007181,0.7235188509874326,0.8940754039497307,0.7145421903052065,164,False
LK1112235,0.5727109515260324,0.8348294434470377,0.7576301615798923,0.7145421903052065,165,False
LK1109150,0.7504488330341114,0.718132854578097,0.6229802513464991,0.7120287253141832,166,False
LK1109250,0.6391382405745063,0.7827648114901257,0.7091561938958707,0.7105924596050269,167,False
LK1136215,0.5798922800718133,0.8276481149012568,0.7360861759425493,0.710233393177738,168,False
LK1136045,0.7666068222621185,0.6858168761220825,0.6463195691202872,0.7102333931777379,169,False
LK1106045,0.7001795332136446,0.7001795332136446,0.7396768402154399,0.7080789946140036,170,False
LK1121100,0.8114901256732495,0.6840215439856373,0.5206463195691203,0.7023339317773788,171,False
LK1127050,0.7576301615798923,0.6427289048473968,0.6983842010771992,0.6998204667863555,172,False
LK1106140,0.6678635547576302,0.7612208258527827,0.6337522441651705,0.6983842010771993,173,False
LK1103125,0.6660682226211849,0.585278276481149,0.9892280071813285,0.6983842010771993,174,False
LK1124065,0.7396768402154399,0.6714542190305206,0.6696588868940754,0.6983842010771993,175,False
LK1121095,0.7630161579892281,0.6786355475763016,0.6068222621184919,0.6980251346499103,176,False
LK1106050,0.7342908438061041,0.6409335727109515,0.7163375224416517,0.6933572710951527,177,False
LK1121175,0.6570915619389587,0.7648114901256733,0.5960502692998204,0.6879712746858169,178,False
LK1133130,0.6247755834829444,0.7109515260323159,0.7450628366247756,0.6833034111310593,179,False
LK1124010,0.748653500897666,0.6211849192100538,0.6642728904847397,0.680789946140036,180,False
LK1106060,0.6535008976660682,0.696588868940754,0.6858168761220825,0.6771992818671455,181,False
LK1133175,0.6328545780969479,0.6732495511669659,0.7737881508078994,0.6771992818671455,182,False
LK1121105,0.6696588868940754,0.6947935368043088,0.6552962298025135,0.6768402154398564,183,False
LK1124050,0.7055655296229802,0.7145421903052065,0.5403949730700179,0.6761220825852784,184,False
LK1133185,0.5745062836624776,0.6822262118491921,0.8635547576301615,0.6754039497307003,185,False
LK1106080,0.6427289048473968,0.7271095152603232,0.6355475763016158,0.6750448833034113,186,False
LK1106185,0.7899461400359067,0.5816876122082585,0.6247755834829444,0.6736086175942549,187,False
LK1124040,0.7091561938958707,0.6624775583482945,0.6140035906642729,0.6714542190305206,188,False
LK1109245,0.7019748653500898,0.6355475763016158,0.6804308797127468,0.6710951526032316,189,False
LK1106055,0.6768402154398564,0.6660682226211849,0.6660682226211849,0.6703770197486535,190,False
LK1124045,0.6463195691202872,0.6894075403949731,0.6750448833034112,0.6692998204667864,191,False
LK1109270,0.6409335727109515,0.7019748653500898,0.6265709156193896,0.6624775583482945,192,False
LK1124030,0.7612208258527827,0.5547576301615799,0.6768402154398564,0.6617594254937165,193,False
LK1106020,0.6193895870736086,0.6696588868940754,0.7289048473967684,0.6614003590664274,194,False
LK1109170,0.6840215439856373,0.6104129263913824,0.7055655296229802,0.6588868940754039,195,False
LK1106040,0.7127468581687613,0.5655296229802513,0.7217235188509874,0.6556552962298026,196,False
LK1109155,0.6947935368043088,0.6678635547576302,0.5224416517055656,0.6495511669658888,197,False
LK1133190,0.5529622980251346,0.6283662477558348,0.8707360861759426,0.6466786355475763,198,False
LK1121165,0.6140035906642729,0.6804308797127468,0.6409335727109515,0.6459605026929983,199,False
LK1106210,0.6499102333931778,0.6319569120287253,0.6606822262118492,0.6448833034111312,200,False
LK1136020,0.6373429084380611,0.5834829443447038,0.7827648114901257,0.6448833034111311,201,False
LK1136075,0.6606822262118492,0.6391382405745063,0.6175942549371634,0.6434470377019749,202,False
LK1136235,0.5942549371633752,0.6983842010771992,0.6319569120287253,0.6434470377019749,203,False
LK1133195,0.5206463195691203,0.6552962298025135,0.8545780969479354,0.6412926391382406,204,False
LK1109265,0.6624775583482945,0.6140035906642729,0.6373429084380611,0.6380610412926392,205,False
LK1136065,0.6750448833034112,0.6229802513464991,0.5637342908438061,0.6319569120287254,206,False
LK1121080,0.6283662477558348,0.6157989228007181,0.6535008976660682,0.6283662477558348,207,False
LK1131030,0.6732495511669659,0.6032315978456014,0.5816876122082585,0.6269299820466787,208,False
LK1109235,0.6552962298025135,0.578096947935368,0.6624775583482945,0.6258527827648115,209,False
LK1136220,0.6086175942549371,0.6373429084380611,0.6283662477558348,0.6240574506283663,210,False
LK1106170,0.6265709156193896,0.6481149012567325,0.5691202872531418,0.6236983842010773,211,False
LK1136070,0.6481149012567325,0.6337522441651705,0.5493716337522442,0.6226211849192101,212,False
LK1109260,0.6786355475763016,0.6588868940754039,0.42908438061041293,0.6208258527827648,213,False
LK1136080,0.5978456014362658,0.6642728904847397,0.5727109515260324,0.6193895870736087,214,False
LK1136040,0.6032315978456014,0.6068222621184919,0.6732495511669659,0.6186714542190306,215,False
LK1136025,0.6588868940754039,0.5978456014362658,0.578096947935368,0.6183123877917415,216,False
LK1136225,0.5655296229802513,0.6535008976660682,0.6427289048473968,0.6161579892280071,217,False
LK1121155,0.5439856373429084,0.6499102333931778,0.6894075403949731,0.6154398563734291,218,False
LK1136180,0.5834829443447038,0.6265709156193896,0.651705565529623,0.614362657091562,219,False
LK1121160,0.5763016157989228,0.6463195691202872,0.5978456014362658,0.6086175942549372,220,False
LK1109140,0.585278276481149,0.651705565529623,0.5529622980251346,0.6053859964093358,221,False
LK1109160,0.6014362657091562,0.599640933572711,0.6211849192100538,0.6046678635547577,222,False
LK1133200,0.4919210053859964,0.6014362657091562,0.829443447037702,0.6032315978456015,223,False
LK1106175,0.6122082585278277,0.6175942549371634,0.533213644524237,0.5985637342908439,224,False
LK1106180,0.6355475763016158,0.5888689407540395,0.5278276481149012,0.5953321364452424,225,False
LK1121115,0.5870736086175943,0.6193895870736086,0.5601436265709157,0.5946140035906643,226,False
LK1121015,0.6858168761220825,0.5798922800718133,0.40394973070017953,0.5870736086175943,227,False
LK1124015,0.5691202872531418,0.5493716337522442,0.696588868940754,0.5867145421903052,228,False
LK1109185,0.644524236983842,0.5403949730700179,0.5565529622980251,0.585278276481149,229,False
LK1106145,0.5816876122082585,0.6086175942549371,0.5457809694793537,0.5852782764811489,230,False
LK1136240,0.5385996409335727,0.644524236983842,0.5547576301615799,0.5842010771992819,231,False
LK1133145,0.4883303411131059,0.63016157989228,0.6840215439856373,0.5842010771992818,232,False
LK1136230,0.6050269299820467,0.547576301615799,0.6014362657091562,0.5813285457809696,233,False
LK1133205,0.4631956912028725,0.5709156193895871,0.8330341113105925,0.5802513464991024,234,False
LK1109145,0.5960502692998204,0.5673249551166966,0.5673249551166966,0.5788150807899461,235,False
LK1133210,0.45960502692998206,0.5870736086175943,0.7899461400359067,0.5766606822262119,236,False
LK1136085,0.696588868940754,0.49371633752244165,0.4865350089766607,0.5734290843806105,237,False
LK1106015,0.5906642728904847,0.5080789946140036,0.6678635547576302,0.5730700179533214,238,False
LK1109135,0.5583482944344704,0.5619389587073609,0.6086175942549371,0.56983842010772,239,False
LK1106205,0.6068222621184919,0.5368043087971275,0.5439856373429084,0.5662477558348294,240,False
LK1121025,0.5170556552962298,0.6050269299820467,0.5798922800718133,0.5648114901256732,241,False
LK1136090,0.5565529622980251,0.5906642728904847,0.5134649910233393,0.5615798922800719,242,False
LK1109065,0.5601436265709157,0.5960502692998204,0.4955116696588869,0.5615798922800718,243,False
LK1136210,0.578096947935368,0.5421903052064632,0.5619389587073609,0.5605026929982047,244,False
LK1136050,0.473967684021544,0.6122082585278277,0.63016157989228,0.5605026929982047,245,False
LK1121145,0.5044883303411131,0.5942549371633752,0.599640933572711,0.5594254937163375,246,False
LK1106165,0.5709156193895871,0.5763016157989228,0.49730700179533216,0.5583482944344704,247,False
LK1136175,0.6211849192100538,0.5152603231597845,0.5080789946140036,0.5561938958707361,248,False
LK1112310,0.533213644524237,0.59245960502693,0.5170556552962298,0.5536804308797127,249,False
LK1136290,0.42908438061041293,0.6247755834829444,0.6588868940754039,0.5533213644524237,250,False
LK1121170,0.6175942549371634,0.5296229802513465,0.46858168761220825,0.5526032315978456,251,False
LK1136155,0.5116696588868941,0.5745062836624776,0.585278276481149,0.5515260323159785,252,False
LK1121135,0.547576301615799,0.5601436265709157,0.526032315978456,0.5482944344703771,253,False
LK1136125,0.5350089766606823,0.5385996409335727,0.5906642728904847,0.547576301615799,254,False
LK1136185,0.6229802513464991,0.5224416517055656,0.4362657091561939,0.5454219030520646,255,False
LK1136145,0.5403949730700179,0.5691202872531418,0.47217235188509876,0.5382405745062837,256,False
LK1121120,0.59245960502693,0.533213644524237,0.4380610412926391,0.5378815080789947,257,False
LK1121075,0.599640933572711,0.4955116696588869,0.49371633752244165,0.5368043087971275,258,False
LK1121020,0.5421903052064632,0.48473967684021546,0.6193895870736086,0.5346499102333933,259,False
LK1106150,0.5673249551166966,0.5134649910233393,0.5008976660682226,0.5324955116696589,260,False
LK1136285,0.518850987432675,0.5565529622980251,0.5116696588868941,0.5324955116696588,261,False
LK1136170,0.6642728904847397,0.4649910233393178,0.3877917414721723,0.5292639138240576,262,False
LK1109070,0.5062836624775583,0.5637342908438061,0.5026929982046678,0.5285457809694794,263,False
LK1112195,0.466786355475763,0.5242369838420108,0.6499102333931778,0.5263913824057451,264,False
LK1121130,0.5080789946140036,0.5583482944344704,0.4883303411131059,0.5242369838420109,265,False
LK1136205,0.49371633752244165,0.5727109515260324,0.4703770197486535,0.5206463195691203,266,False
LK1136030,0.4793536804308797,0.5350089766606823,0.5655296229802513,0.5188509874326751,267,False
LK1136255,0.5637342908438061,0.5098743267504489,0.44165170556552963,0.5177737881508079,268,False
LK1136160,0.5511669658886894,0.526032315978456,0.4326750448833034,0.5174147217235189,269,False
LK1136100,0.4757630161579892,0.5511669658886894,0.5314183123877917,0.5170556552962299,270,False
LK1109130,0.5296229802513465,0.5278276481149012,0.4631956912028725,0.5156193895870735,271,False
LK1136115,0.5278276481149012,0.4865350089766607,0.5350089766606823,0.5127468581687613,272,False
LK1136190,0.526032315978456,0.5457809694793537,0.41831238779174146,0.5123877917414722,273,False
LK1121050,0.42010771992818674,0.5529622980251346,0.6104129263913824,0.5113105924596051,274,False
LK1106075,0.5368043087971275,0.4991023339317774,0.48114901256732495,0.510592459605027,275,False
LK1109190,0.5224416517055656,0.4757630161579892,0.5385996409335727,0.5070017953321364,276,False
LK1109195,0.41651705565529623,0.5439856373429084,0.5870736086175943,0.5016157989228007,277,False
LK1121070,0.5098743267504489,0.5170556552962298,0.4488330341113106,0.5005385996409336,278,False
LK1106155,0.4649910233393178,0.49012567324955114,0.5888689407540395,0.49982046678635556,279,False
LK1136260,0.44703770197486536,0.5062836624775583,0.5511669658886894,0.49156193895870737,280,False
LK1112130,0.4614003590664273,0.4703770197486535,0.5942549371633752,0.4915619389587073,281,False
LK1121065,0.5008976660682226,0.5116696588868941,0.42190305206463197,0.4894075403949731,282,False
LK1121125,0.5152603231597845,0.518850987432675,0.36624775583482944,0.48689407540394974,283,False
LK1109225,0.4326750448833034,0.5026929982046678,0.5583482944344704,0.4858168761220826,284,False
LK1136120,0.5134649910233393,0.4631956912028725,0.4649910233393178,0.48366247755834835,285,False
LK1109015,0.46858168761220825,0.49730700179533216,0.47755834829443444,0.4818671454219031,286,False
LK1106070,0.4578096947935368,0.5314183123877917,0.42010771992818674,0.4797127468581688,287,False
LK1136245,0.47755834829443444,0.48114901256732495,0.4524236983842011,0.473967684021544,288,False
LK1106065,0.5547576301615799,0.414721723518851,0.43087971274685816,0.473967684021544,289,False
LK1136035,0.5314183123877917,0.2872531418312388,0.7199281867145422,0.47145421903052065,290,False
LK1112240,0.45601436265709155,0.4919210053859964,0.4614003590664273,0.47145421903052065,291,False
LK1106200,0.7594254937163375,0.3141831238779174,0.19030520646319568,0.46750448833034114,292,False
LK1109275,0.4542190305206463,0.4793536804308797,0.466786355475763,0.4667863554757631,293,False
LK1109020,0.41831238779174146,0.5044883303411131,0.4757630161579892,0.4642728904847397,294,False
LK1136130,0.4362657091561939,0.45960502692998206,0.5296229802513465,0.46427289048473963,295,False
LK1109165,0.4991023339317774,0.4488330341113106,0.4236983842010772,0.46391382405745063,296,False
LK1136315,0.43447037701974867,0.47217235188509876,0.5062836624775583,0.46391382405745063,297,False
LK1136265,0.4829443447037702,0.42010771992818674,0.5044883303411131,0.4621184919210054,298,False
LK1136165,0.5888689407540395,0.4254937163375224,0.27827648114901254,0.46140035906642735,299,False
LK1136060,0.63016157989228,0.3985637342908438,0.2495511669658887,0.4614003590664273,300,False
LK1133155,0.30341113105924594,0.5206463195691203,0.6481149012567325,0.45924596050269306,301,False
LK1109055,0.414721723518851,0.5008976660682226,0.4578096947935368,0.45780969479353684,302,False
LK1121060,0.4488330341113106,0.466786355475763,0.4398563734290844,0.4542190305206464,303,False
LK1112230,0.4272890484739677,0.4614003590664273,0.49012567324955114,0.45350089766606827,304,False
LK1106160,0.4955116696588869,0.46858168761220825,0.3231597845601436,0.4502692998204668,305,False
LK1136150,0.5242369838420108,0.45601436265709155,0.29084380610412924,0.4502692998204668,306,False
LK1136110,0.49730700179533216,0.42908438061041293,0.39676840215439857,0.44991023339317776,307,False
LK1136195,0.40394973070017953,0.4452423698384201,0.547576301615799,0.44919210053859965,308,False
LK1136140,0.4506283662477558,0.43447037701974867,0.473967684021544,0.4488330341113106,309,False
LK1121150,0.48473967684021546,0.3895870736086176,0.48473967684021546,0.4466786355475763,310,False
LK1106220,0.5026929982046678,0.4021543985637343,0.40933572710951527,0.44380610412926397,311,False
LK1136055,0.5619389587073609,0.3590664272890485,0.3770197486535009,0.4438061041292639,312,False
LK1121030,0.4703770197486535,0.41651705565529623,0.44344703770197486,0.4434470377019749,313,False
LK1136300,0.39497307001795334,0.44344703770197486,0.5368043087971275,0.4427289048473968,314,False
LK1136280,0.44344703770197486,0.4506283662477558,0.4254937163375224,0.4427289048473968,315,False
LK1109125,0.4398563734290844,0.4578096947935368,0.41651705565529623,0.44236983842010774,316,False
LK1109230,0.5457809694793537,0.39497307001795334,0.3141831238779174,0.43913824057450634,317,False
LK1136095,0.5493716337522442,0.40394973070017953,0.28545780969479356,0.43842010771992823,318,False
LK1112125,0.43087971274685816,0.3644524236983842,0.5834829443447038,0.43482944344703767,319,False
LK1121040,0.4111310592459605,0.4398563734290844,0.45601436265709155,0.4315978456014363,320,False
LK1136105,0.4865350089766607,0.40574506283662476,0.3518850987432675,0.4272890484739677,321,False
LK1121045,0.42190305206463197,0.44703770197486536,0.3985637342908438,0.4272890484739677,322,False
LK1121140,0.48114901256732495,0.41831238779174146,0.3249551166965889,0.42477558348294436,323,False
LK1109005,0.4524236983842011,0.4129263913824057,0.39138240574506283,0.42441651705565536,324,False
LK1112135,0.38420107719928187,0.4362657091561939,0.4793536804308797,0.42405745062836625,325,False
LK1115040,0.3393177737881508,0.473967684021544,0.4919210053859964,0.42369838420107725,326,False
LK1109010,0.4452423698384201,0.4380610412926391,0.3464991023339318,0.42262118491921,327,False
LK1109060,0.49012567324955114,0.4272890484739677,0.2764811490125673,0.4222621184919211,328,False
LK1112105,0.32854578096947934,0.4524236983842011,0.5421903052064632,0.42082585278276485,329,False
LK1136250,0.47217235188509876,0.40754039497307004,0.3339317773788151,0.41867145421903057,330,False
LK1136275,0.3770197486535009,0.40933572710951527,0.5152603231597845,0.4175942549371634,331,False
LK1112205,0.39138240574506283,0.42190305206463197,0.45960502692998206,0.41723518850987434,332,False
LK1136320,0.36983842010771995,0.4883303411131059,0.35547576301615796,0.41436265709156195,333,False
LK1136135,0.4236983842010772,0.38420107719928187,0.4542190305206463,0.4140035906642729,334,False
LK1121035,0.40754039497307004,0.43087971274685816,0.3895870736086176,0.41328545780969483,335,False
LK1109115,0.3339317773788151,0.4542190305206463,0.4829443447037702,0.4118491921005386,336,False
LK1136355,0.34111310592459604,0.4326750448833034,0.5098743267504489,0.41149012567324955,337,False
LK1109095,0.36624775583482944,0.4829443447037702,0.3590664272890485,0.41149012567324955,338,False
LK1136360,0.362657091561939,0.37163375224416517,0.5709156193895871,0.40789946140035904,339,False
LK1112145,0.3500897666068223,0.38061041292639136,0.5763016157989228,0.40754039497307004,340,False
LK1112225,0.400359066427289,0.4236983842010772,0.37163375224416517,0.40394973070017953,341,False
LK1112210,0.40933572710951527,0.39138240574506283,0.40574506283662476,0.40143626570915625,342,False
LK1115045,0.348294434470377,0.47755834829443444,0.35368043087971274,0.4010771992818672,343,False
LK1112220,0.4254937163375224,0.3877917414721723,0.3752244165170557,0.4003590664272891,344,False
LK1112215,0.4129263913824057,0.400359066427289,0.3608617594254937,0.3974865350089767,345,False
LK1112190,0.33213644524236985,0.44165170556552963,0.43447037701974867,0.3964093357271095,346,False
LK1121055,0.44165170556552963,0.37881508078994613,0.33213644524236985,0.39461400359066434,347,False
LK1112110,0.35727109515260325,0.4111310592459605,0.4272890484739677,0.39281867145421906,348,False
LK1136200,0.4380610412926391,0.39317773788150806,0.26570915619389585,0.3856373429084381,349,False
LK1109045,0.35368043087971274,0.39676840215439857,0.414721723518851,0.38312387791741476,350,False
LK1112140,0.3877917414721723,0.3752244165170557,0.38240574506283664,0.38168761220825853,351,False
LK1136330,0.35547576301615796,0.36983842010771995,0.4506283662477558,0.38025134649910236,352,False
LK1112200,0.3859964093357271,0.36804308797127466,0.3734290843806104,0.3763016157989228,353,False
LK1136305,0.37881508078994613,0.29443447037701975,0.5242369838420108,0.3741472172351885,354,False
LK1136270,0.39676840215439857,0.3500897666068223,0.36804308797127466,0.3723518850987433,355,False
LK1109280,0.40574506283662476,0.34111310592459604,0.348294434470377,0.3684021543985637,356,False
LK1109220,0.38240574506283664,0.3464991023339318,0.35727109515260325,0.36301615798922804,357,False
LK1109285,0.3249551166965889,0.3608617594254937,0.4129263913824057,0.3569120287253142,358,False
LK1112120,0.3644524236983842,0.348294434470377,0.3500897666068223,0.35511669658886896,359,False
LK1109025,0.3985637342908438,0.35368043087971274,0.26929982046678635,0.3547576301615799,360,False
LK1109030,0.3895870736086176,0.38240574506283664,0.2244165170556553,0.3536804308797128,361,False
LK1109075,0.39317773788150806,0.3213644524236984,0.31597845601436264,0.34901256732495517,362,False
LK1109215,0.3734290843806104,0.3267504488330341,0.34290843806104127,0.3486535008976661,363,False
LK1112245,0.3590664272890485,0.2980251346499102,0.4111310592459605,0.34506283662477555,364,False
LK1112095,0.3177737881508079,0.3734290843806104,0.34111310592459604,0.3447037701974866,365,False
LK1112385,0.289048473967684,0.3859964093357271,0.3644524236983842,0.3429084380610413,366,False
LK1112375,0.31956912028725315,0.3393177737881508,0.3859964093357271,0.340754039497307,367,False
LK1112365,0.3105924596050269,0.36624775583482944,0.3303411131059246,0.3368043087971275,368,False
LK1136340,0.37163375224416517,0.3375224416517056,0.2621184919210054,0.33608617594254936,369,False
LK1112315,0.34290843806104127,0.32854578096947934,0.3357271095152603,0.3357271095152603,370,False
LK1109040,0.3267504488330341,0.35547576301615796,0.29443447037701975,0.33177737881508074,371,False
LK1109035,0.3752244165170557,0.34290843806104127,0.19748653500897667,0.3267504488330341,372,False
LK1112150,0.29084380610412924,0.34470377019748655,0.362657091561939,0.3267504488330341,373,False
LK1136295,0.3087971274685817,0.3339317773788151,0.3393177737881508,0.3249551166965889,374,False
LK1112325,0.38061041292639136,0.3105924596050269,0.24057450628366248,0.32459605026929983,375,False
LK1109200,0.3123877917414722,0.362657091561939,0.2585278276481149,0.32172351885098743,376,False
LK1112350,0.22621184919210055,0.3518850987432675,0.44703770197486536,0.3206463195691203,377,False
LK1112305,0.3608617594254937,0.2998204667863555,0.2746858168761221,0.3192100538599641,378,False
LK1112260,0.2764811490125673,0.31597845601436264,0.40754039497307004,0.31849192100538604,379,False
LK1109205,0.3016157989228007,0.30700179533213645,0.36983842010771995,0.3174147217235189,380,False
LK1112335,0.3052064631956912,0.35727109515260325,0.24775583482944344,0.31454219030520647,381,False
LK1109120,0.3357271095152603,0.3087971274685817,0.28186714542190305,0.31418312387791736,382,False
LK1109050,0.4021543985637343,0.26929982046678635,0.22262118491921004,0.3131059245960503,383,False
LK1112330,0.3213644524236984,0.2836624775583483,0.3375224416517056,0.3095152603231598,384,False
LK1112155,0.26570915619389585,0.3177737881508079,0.38061041292639136,0.3095152603231598,385,False
LK1109210,0.3464991023339318,0.31956912028725315,0.20825852782764812,0.3080789946140036,386,False
LK1112320,0.34470377019748655,0.2764811490125673,0.2926391382405745,0.3070017953321365,387,False
LK1112060,0.28545780969479356,0.3249551166965889,0.3052064631956912,0.3052064631956912,388,False
LK1112100,0.3141831238779174,0.30341113105924594,0.2872531418312388,0.3044883303411131,389,False
LK1112340,0.23877917414721722,0.3303411131059246,0.37881508078994613,0.303411131059246,390,False
LK1112070,0.23518850987432674,0.3231597845601436,0.39497307001795334,0.3023339317773788,391,False
LK1136350,0.3375224416517056,0.296229802513465,0.24236983842010773,0.30197486535008977,392,False
LK1112115,0.36804308797127466,0.22082585278276481,0.2998204667863555,0.2955116696588869,393,False
LK1109080,0.2585278276481149,0.33213644524236985,0.296229802513465,0.2955116696588869,394,False
LK1118075,0.1867145421903052,0.23159784560143626,0.6391382405745063,0.29515260323159787,395,False
LK1136345,0.26750448833034113,0.3357271095152603,0.26750448833034113,0.2947935368043088,396,False
LK1112370,0.3231597845601436,0.28186714542190305,0.2639138240574506,0.2947935368043088,397,False
LK1118070,0.20466786355475763,0.2639138240574506,0.518850987432675,0.2912028725314183,398,False
LK1115060,0.3518850987432675,0.2621184919210054,0.22800718132854578,0.2912028725314183,399,False
LK1115055,0.20825852782764812,0.3770197486535009,0.2836624775583483,0.2908438061041293,400,False
LK1112010,0.31597845601436264,0.2459605026929982,0.32854578096947934,0.29048473967684024,401,False
LK1112300,0.2459605026929982,0.3016157989228007,0.34470377019748655,0.2879712746858169,402,False
LK1112250,0.26929982046678635,0.2800718132854578,0.3123877917414722,0.2822262118491921,403,False
LK1109085,0.2836624775583483,0.2585278276481149,0.31956912028725315,0.28078994614003594,404,False
LK1112265,0.2495511669658887,0.2513464991023339,0.39317773788150806,0.2789946140035907,405,False
LK1112255,0.3303411131059246,0.24057450628366248,0.2513464991023339,0.27863554757630166,406,False
LK1136310,0.2244165170556553,0.2746858168761221,0.38420107719928187,0.2764811490125673,407,False
LK1118080,0.24775583482944344,0.3123877917414722,0.25493716337522443,0.27504488330341115,408,False
LK1112065,0.2800718132854578,0.20646319569120286,0.4021543985637343,0.27504488330341115,409,False
LK1112290,0.19389587073608616,0.22800718132854578,0.4991023339317774,0.26858168761220824,410,False
LK1115195,0.2621184919210054,0.26032315978456017,0.2980251346499102,0.26858168761220824,411,False
LK1112040,0.26032315978456017,0.25493716337522443,0.3016157989228007,0.266427289048474,412,False
LK1112005,0.21543985637342908,0.289048473967684,0.3213644524236984,0.2660682226211849,413,False
LK1115050,0.296229802513465,0.27289048473967686,0.17773788150807898,0.26319569120287256,414,False
LK1136325,0.27827648114901254,0.2710951526032316,0.21543985637342908,0.2628366247755835,415,False
LK1112090,0.25493716337522443,0.28545780969479356,0.23159784560143626,0.26247755834829445,416,False
LK1112345,0.25314183123877915,0.19030520646319568,0.400359066427289,0.25745062836624777,417,False
LK1112160,0.2333931777378815,0.26750448833034113,0.2800718132854578,0.25637342908438066,418,False
LK1112035,0.24236983842010773,0.26570915619389585,0.25673249551166966,0.2545780969479354,419,False
LK1112185,0.2746858168761221,0.20107719928186715,0.3087971274685817,0.25206463195691203,420,False
LK1112050,0.30700179533213645,0.21903052064631956,0.1813285457809695,0.24667863554757632,421,False
LK1112380,0.28186714542190305,0.236983842010772,0.18491921005385997,0.244524236983842,422,False
LK1109090,0.29443447037701975,0.2333931777378815,0.16337522441651706,0.24380610412926396,423,False
LK1109110,0.2513464991023339,0.23877917414721722,0.23877917414721722,0.24380610412926393,424,False
LK1115205,0.1490125673249551,0.3052064631956912,0.30341113105924594,0.2423698384201077,425,False
LK1112275,0.12926391382405744,0.24775583482944344,0.4452423698384201,0.2398563734290844,426,False
LK1112360,0.2639138240574506,0.17235188509874327,0.3267504488330341,0.2398563734290844,427,False
LK1115140,0.2980251346499102,0.22262118491921004,0.1526032315978456,0.23877917414721722,428,False
LK1112405,0.24057450628366248,0.24236983842010773,0.21723518850987433,0.23662477558348297,429,False
LK1112055,0.27289048473967686,0.20466786355475763,0.21005385996409337,0.23303411131059248,430,False
LK1112075,0.25673249551166966,0.22980251346499103,0.18312387791741472,0.23123877917414723,431,False
LK1112030,0.22082585278276481,0.25314183123877915,0.19389587073608616,0.22836624775583483,432,False
LK1115200,0.22800718132854578,0.18850987432675045,0.30700179533213645,0.2280071813285458,433,False
LK1112025,0.22262118491921004,0.2244165170556553,0.24416517055655296,0.22764811490125672,434,False
LK1115155,0.12028725314183124,0.2926391382405745,0.3105924596050269,0.2272890484739677,435,False
LK1112180,0.21723518850987433,0.1867145421903052,0.3177737881508079,0.2251346499102334,436,False
LK1112175,0.24416517055655296,0.18312387791741472,0.236983842010772,0.2183123877917415,437,False
LK1118090,0.118491921005386,0.29084380610412924,0.25314183123877915,0.2143626570915619,438,False
LK1109105,0.236983842010772,0.2118491921005386,0.1615798922800718,0.2118491921005386,439,False
LK1112355,0.1813285457809695,0.21543985637342908,0.26032315978456017,0.21077199281867148,440,False
LK1115275,0.2118491921005386,0.23518850987432674,0.15439856373429084,0.20969479353680429,441,False
LK1112020,0.1992818671454219,0.21364452423698385,0.22082585278276481,0.20933572710951528,442,False
LK1136335,0.2872531418312388,0.16337522441651706,0.1400359066427289,0.20825852782764814,443,False
LK1112045,0.16696588868940754,0.2495511669658887,0.20287253141831238,0.20718132854578097,444,False
LK1112085,0.19210053859964094,0.21723518850987433,0.20466786355475763,0.20466786355475763,445,False
LK1115100,0.08617594254937164,0.27827648114901254,0.289048473967684,0.2035906642728905,446,False
LK1115145,0.2926391382405745,0.1615798922800718,0.10412926391382406,0.20251346499102332,447,False
LK1112295,0.19569120287253142,0.20287253141831238,0.1992818671454219,0.1992818671454219,448,False
LK1112390,0.20107719928186715,0.20825852782764812,0.1651705565529623,0.19676840215439861,449,False
LK1115285,0.15439856373429084,0.24416517055655296,0.1867145421903052,0.19676840215439856,450,False
LK1115335,0.20646319569120286,0.21005385996409337,0.14721723518850988,0.1960502692998205,451,False
LK1112280,0.17235188509874327,0.19748653500897667,0.2333931777378815,0.1946140035906643,452,False
LK1136365,0.2710951526032316,0.1310592459605027,0.1561938958707361,0.19210053859964094,453,False
LK1115280,0.19748653500897667,0.19389587073608616,0.1741472172351885,0.19138240574506285,454,False
LK1112270,0.18491921005385997,0.1687612208258528,0.2459605026929982,0.19066427289048477,455,False
LK1112015,0.23159784560143626,0.1651705565529623,0.15978456014362658,0.19066427289048477,456,False
LK1109100,0.22980251346499103,0.1741472172351885,0.13644524236983843,0.18886894075403948,457,False
LK1115035,0.2998204667863555,0.118491921005386,0.09515260323159784,0.18635547576301617,458,False
LK1115135,0.21364452423698385,0.1992818671454219,0.10233393177737882,0.18563734290843809,459,False
LK1118085,0.21005385996409337,0.17055655296229802,0.13824057450628366,0.1798922800718133,460,False
LK1118065,0.12567324955116696,0.22621184919210055,0.19210053859964094,0.1791741472172352,461,False
LK1115110,0.10233393177737882,0.25673249551166966,0.16696588868940754,0.1770197486535009,462,False
LK1118135,0.16337522441651706,0.19210053859964094,0.1687612208258528,0.17594254937163376,463,False
LK1118170,0.18850987432675045,0.1526032315978456,0.19569120287253142,0.17558348294434473,464,False
LK1112285,0.17953321364452424,0.15080789946140036,0.20646319569120286,0.17342908438061042,465,False
LK1112400,0.21903052064631956,0.1490125673249551,0.12208258527827648,0.17163375224416516,466,False
LK1115115,0.18312387791741472,0.17773788150807898,0.1310592459605027,0.17055655296229802,467,False
LK1112170,0.12208258527827648,0.16696588868940754,0.2710951526032316,0.16983842010771993,468,False
LK1118130,0.1651705565529623,0.13644524236983843,0.22980251346499103,0.1666068222621185,469,False
LK1118095,0.1436265709156194,0.15978456014362658,0.2118491921005386,0.1637342908438061,470,False
LK1112080,0.14183123877917414,0.17953321364452424,0.14542190305206462,0.1576301615798923,471,False
LK1115105,0.1687612208258528,0.14721723518850988,0.1490125673249551,0.1561938958707361,472,False
LK1115190,0.19030520646319568,0.13285457809694792,0.13464991023339318,0.15619389587073607,473,False
LK1115185,0.13824057450628366,0.18491921005385997,0.13285457809694792,0.15583482944344706,474,False
LK1118175,0.17773788150807898,0.12387791741472172,0.17594254937163376,0.15583482944344704,475,False
LK1115220,0.15978456014362658,0.17594254937163376,0.07719928186714542,0.14973070017953322,476,False
LK1112165,0.09156193895870736,0.1813285457809695,0.20107719928186715,0.1493716337522442,477,False
LK1118060,0.1400359066427289,0.1400359066427289,0.17953321364452424,0.147935368043088,478,False
LK1115270,0.1561938958707361,0.13824057450628366,0.14183123877917414,0.14614003590664273,479,False
LK1118160,0.17055655296229802,0.1059245960502693,0.17235188509874327,0.1450628366247756,480,False
LK1118200,0.17504488330341114,0.08976660682226212,0.18850987432675045,0.1436265709156194,481,False
LK1118180,0.09694793536804308,0.1436265709156194,0.22621184919210055,0.1414721723518851,482,False
LK1118205,0.17504488330341114,0.10233393177737882,0.15080789946140036,0.14111310592459606,483,False
LK1112395,0.20287253141831238,0.09156193895870736,0.10951526032315978,0.13967684021543986,484,False
LK1115330,0.14542190305206462,0.15798922800718132,0.09156193895870736,0.13967684021543986,485,False
LK1118150,0.11490125673249552,0.08797127468581688,0.27289048473967686,0.13572710951526035,486,False
LK1115325,0.15080789946140036,0.15439856373429084,0.06642728904847396,0.13536804308797126,487,False
LK1115210,0.12746858168761221,0.1561938958707361,0.1059245960502693,0.13464991023339318,488,False
LK1115160,0.1526032315978456,0.12208258527827648,0.11131059245960502,0.13213644524236984,489,False
LK1118145,0.13285457809694792,0.11131059245960502,0.15798922800718132,0.12926391382405744,490,False
LK1115070,0.1310592459605027,0.12926391382405744,0.12387791741472172,0.1289048473967684,491,False
LK1115340,0.1059245960502693,0.19569120287253142,0.03949730700179533,0.12854578096947936,492,False
LK1118155,0.08976660682226212,0.12028725314183124,0.21903052064631956,0.12782764811490127,493,False
LK1115080,0.12387791741472172,0.14542190305206462,0.0933572710951526,0.12639138240574505,494,False
LK1118165,0.06822262118491922,0.11490125673249552,0.23518850987432674,0.12028725314183125,495,False
LK1118140,0.09515260323159784,0.09515260323159784,0.21364452423698385,0.11885098743267505,496,False
LK1118125,0.0718132854578097,0.13464991023339318,0.17055655296229802,0.11669658886894077,497,False
LK1115150,0.15798922800718132,0.10771992818671454,0.0466786355475763,0.11561938958707361,498,False
LK1118105,0.1615798922800718,0.0843806104129264,0.07540394973070018,0.11346499102333932,499,False
LK1115215,0.13464991023339318,0.11669658886894076,0.05026929982046679,0.11059245960502695,500,False
LK1115290,0.09874326750448834,0.12746858168761221,0.08258527827648116,0.10700179533213647,501,False
LK1115120,0.04847396768402154,0.14183123877917414,0.1436265709156194,0.10484739676840216,502,False
LK1115095,0.10771992818671454,0.12567324955116696,0.04847396768402154,0.1030520646319569,503,False
LK1118185,0.11669658886894076,0.07899461400359066,0.11669658886894076,0.10161579892280073,504,False
LK1115085,0.11131059245960502,0.08258527827648116,0.08976660682226212,0.0955116696588869,505,False
LK1115090,0.14721723518850988,0.0466786355475763,0.08617594254937164,0.0947935368043088,506,False
LK1115010,0.10053859964093358,0.0807899461400359,0.10053859964093358,0.09263913824057451,507,False
LK1118100,0.06463195691202872,0.10053859964093358,0.118491921005386,0.08976660682226212,508,False
LK1115255,0.05745062836624776,0.11310592459605028,0.10771992818671454,0.08976660682226212,509,False
LK1115130,0.13644524236983843,0.06642728904847396,0.03590664272890485,0.08833034111310592,510,False
LK1115265,0.06104129263913824,0.10951526032315978,0.0843806104129264,0.0850987432675045,511,False
LK1118120,0.0843806104129264,0.06283662477558348,0.12926391382405744,0.08473967684021544,512,False
LK1118215,0.11310592459605028,0.05745062836624776,0.07899461400359066,0.08402154398563735,513,False
LK1115260,0.07001795332136446,0.09694793536804308,0.07360861759425494,0.08150807899461401,514,False
LK1115180,0.07540394973070018,0.09874326750448834,0.05565529622980251,0.08078994614003591,515,False
LK1115225,0.0933572710951526,0.07719928186714542,0.05385996409335727,0.07899461400359066,516,False
LK1115075,0.06642728904847396,0.07360861759425494,0.11310592459605028,0.07863554757630162,517,False
LK1115005,0.10412926391382406,0.05206463195691203,0.0807899461400359,0.07863554757630162,518,False
LK1118005,0.07899461400359066,0.08617594254937164,0.059245960502693,0.07791741472172352,519,False
LK1115245,0.0807899461400359,0.0933572710951526,0.03770197486535009,0.07719928186714542,520,False
LK1115125,0.10951526032315978,0.03590664272890485,0.06463195691202872,0.0710951526032316,521,False
LK1118010,0.026929982046678635,0.10412926391382406,0.0718132854578097,0.06678635547576302,522,False
LK1118115,0.05206463195691203,0.06463195691202872,0.09874326750448834,0.06642728904847398,523,False
LK1118195,0.05385996409335727,0.04847396768402154,0.12567324955116696,0.06606822262118492,524,False
LK1115030,0.08258527827648116,0.059245960502693,0.03411131059245961,0.06355475763016159,525,False
LK1118035,0.02333931777378815,0.07540394973070018,0.11490125673249552,0.06247755834829444,526,False
LK1118040,0.017953321364452424,0.06822262118491922,0.12746858168761221,0.0599640933572711,527,False
LK1118110,0.04129263913824058,0.0718132854578097,0.07001795332136446,0.059245960502693006,528,False
LK1115175,0.04488330341113106,0.07001795332136446,0.04308797127468582,0.054578096947935376,529,False
LK1115295,0.059245960502693,0.05026929982046679,0.05206463195691203,0.054219030520646326,530,False
LK1115025,0.08797127468581688,0.025134649910233394,0.04129263913824058,0.05350089766606823,531,False
LK1118210,0.03949730700179533,0.03231597845601436,0.12028725314183124,0.05278276481149013,532,False
LK1115250,0.0466786355475763,0.06104129263913824,0.04488330341113106,0.05206463195691203,533,False
LK1115230,0.06283662477558348,0.05385996409335727,0.017953321364452424,0.05026929982046678,534,False
LK1118050,0.04308797127468582,0.03949730700179533,0.05745062836624776,0.04452423698384201,535,False
LK1115020,0.07719928186714542,0.02154398563734291,0.02333931777378815,0.04416517055655297,536,False
LK1118220,0.019748653500897665,0.04129263913824058,0.08797127468581688,0.04201077199281868,537,False
LK1115065,0.02872531418312388,0.04488330341113106,0.06104129263913824,0.04165170556552963,538,False
LK1115165,0.03231597845601436,0.05565529622980251,0.03231597845601436,0.04165170556552962,539,False
LK1115015,0.07360861759425494,0.01436265709156194,0.02872531418312388,0.040933572710951535,540,False
LK1118045,0.025134649910233394,0.02872531418312388,0.09694793536804308,0.04093357271095153,541,False
LK1118055,0.02154398563734291,0.03770197486535009,0.06822262118491922,0.03734290843806104,542,False
LK1118015,0.03590664272890485,0.04308797127468582,0.02154398563734291,0.03590664272890485,543,False
LK1115300,0.05026929982046679,0.026929982046678635,0.01615798922800718,0.03411131059245961,544,False
LK1118190,0.03411131059245961,0.019748653500897665,0.06283662477558348,0.03411131059245961,545,False
LK1118225,0.05565529622980251,0.0017953321364452424,0.005385996409335727,0.024057450628366246,546,False
LK1118030,0.01436265709156194,0.03052064631956912,0.026929982046678635,0.02333931777378815,547,False
LK1115310,0.03770197486535009,0.005385996409335727,0.003590664272890485,0.017953321364452424,548,False
LK1115315,0.03052064631956912,0.012567324955116697,0.0017953321364452424,0.01759425493716338,549,False
LK1115170,0.01615798922800718,0.017953321364452424,0.019748653500897665,0.017594254937163375,550,False
LK1115240,0.005385996409335727,0.03411131059245961,0.00718132854578097,0.01723518850987433,551,False
LK1118020,0.003590664272890485,0.02333931777378815,0.03052064631956912,0.01687612208258528,552,False
LK1115235,0.008976660682226212,0.01615798922800718,0.01436265709156194,0.012926391382405745,553,False
LK1115320,0.010771992818671455,0.010771992818671455,0.010771992818671455,0.010771992818671455,554,False
LK1118025,0.00718132854578097,0.00718132854578097,0.025134649910233394,0.010771992818671455,555,False
LK1118230,0.012567324955116697,0.003590664272890485,0.008976660682226212,0.008258527827648115,556,False
LK1115305,0.0017953321364452424,0.008976660682226212,0.012567324955116697,0.006822262118491922,557,False
