zone_id,canopy_pct,rule_30_pass,pop_within_300m_pct,area_within_300m_pct,rule_300_pass,pop_within_300m_detour_pct,rule_300_pass_detour,rule_3_proxy_pct,rule_3_status,compliance
LK1103005,1.7821782178217822,False,100.0,100.0,True,100.0,True,7.953667953667954,not_remotely_sensable,access_only
LK1103010,5.123829953198128,False,56.23646784761292,54.497560975609744,True,42.29433588312381,False,4.921239575826212,not_remotely_sensable,access_only
LK1103015,4.138731304796287,False,32.76598123713682,43.25641025641027,False,18.86501431438327,False,3.618022864828514,not_remotely_sensable,neither
LK1103020,1.8085106382978724,False,89.97317259445427,88.04166666666667,True,60.3322257418675,True,3.3382789317507418,not_remotely_sensable,access_only
LK1103025,1.8386714116251484,False,66.13692212489246,61.26,True,50.90499654411438,True,3.8469284994964754,not_remotely_sensable,access_only
LK1103030,1.0933291079068292,False,22.93050520684699,33.44444444444444,False,13.063744105559113,False,2.3710349247036206,not_remotely_sensable,neither
LK1103035,0.4620518524856678,False,10.835786847884206,13.114754098360654,False,7.203210442067113,False,0.5845439697412533,not_remotely_sensable,neither
LK1103040,4.151237575521341,False,34.43085721330981,44.46153846153846,False,22.617393419439775,False,3.111884532705497,not_remotely_sensable,neither
LK1103045,0.0,False,0.0,0.0,False,0.0,False,0.0,not_remotely_sensable,neither
LK1103050,0.0,False,0.0,0.0,False,0.0,False,0.0,not_remotely_sensable,neither
LK1103055,0.0,False,0.0,0.0,False,0.0,False,0.0,not_remotely_sensable,neither
LK1103060,0.0,False,0.0,0.0,False,0.0,False,0.0,not_remotely_sensable,neither
LK1103065,0.0,False,0.0,0.0,False,0.0,False,0.0,not_remotely_sensable,neither
LK1103070,0.0,False,9.579987232242408,9.000000000000002,False,4.713866773276488,False,0.0,not_remotely_sensable,neither
LK1103075,0.0,False,31.52983135969649,30.528301886792455,False,16.898402432858557,False,0.0,not_remotely_sensable,neither
LK1103080,0.0,False,43.70211196330124,37.78787878787879,False,29.425618067301574,False,0.0,not_remotely_sensable,neither
LK1103085,0.0,False,97.66084723659402,97.92307692307692,True,76.46449687917563,True,0.0,not_remotely_sensable,access_only
LK1103090,3.6408977556109727,False,58.32891127246424,64.0,True,41.5021324230318,False,7.0393374741200825,not_remotely_sensable,access_only
LK1103095,0.0,False,41.69143270787123,46.26470588235294,False,34.846272043445616,False,0.0,not_remotely_sensable,neither
LK1103100,0.0,False,0.0,0.0,False,0.0,False,0.0,not_remotely_sensable,neither
LK1103105,0.0,False,0.0,0.0,False,0.0,False,0.0,not_remotely_sensable,neither
LK1103110,0.0,False,0.0,0.0,False,0.0,False,0.0,not_remotely_sensable,neither
LK1103115,0.1380643379814994,False,0.0,0.0,False,0.0,False,0.8986589243743951,not_remotely_sensable,neither
LK1103120,0.6933084053906676,False,33.782319918690874,38.04504504504504,False,26.9902028420529,False,1.83631470634795,not_remotely_sensable,neither
LK1103125,0.1799738219895288,False,59.7376616354538,80.84848484848486,True,36.516760492716415,False,1.141980569285836,not_remotely_sensable,access_only
LK1103130,0.0,False,42.48557527733676,43.36363636363636,False,30.462841619942044,False,0.0,not_remotely_sensable,neither
LK1103135,0.0,False,61.514126850739196,64.33333333333331,True,38.452381761080844,False,0.0,not_remotely_sensable,access_only
LK1103140,0.054306505919409144,False,1.7641138739317557,8.54945054945055,False,0.8845272657351542,False,0.7652782333005357,not_remotely_sensable,neither
LK1103145,0.0,False,0.0,0.0,False,0.0,False,0.0,not_remotely_sensable,neither
LK1103150,0.0,False,0.0,0.0,False,0.0,False,0.0,not_remotely_sensable,neither
LK1103155,0.06533812479581835,False,0.09393269102378284,0.21212121212121215,False,0.0,False,1.1114743380189605,not_remotely_sensable,neither
LK1103160,0.0,False,0.0,0.0,False,0.0,False,0.0,not_remotely_sensable,neither
LK1103165,0.0,False,0.0,0.0,False,0.0,False,0.0,not_remotely_sensable,neither
LK1103170,0.0,False,54.74339270958745,63.86666666666665,True,44.57892838503512,False,0.027643400138217002,not_remotely_sensable,access_only
LK1103175,0.0,False,33.85756579230076,41.24242424242425,False,21.1929106067128,False,0.0,not_remotely_sensable,neither
LK1106005,0.0,False,11.61097842511524,12.48,False,4.600003420408765,False,0.3061849357011635,not_remotely_sensable,neither
LK1106010,0.0,False,18.888212890970294,25.3,False,12.343319980295599,False,0.0,not_remotely_sensable,neither
LK1106015,3.3620946146980066,False,67.51550208226725,73.83783783783784,True,50.89426645232629,True,3.355911330049261,not_remotely_sensable,access_only
LK1106020,2.2173355323437787,False,81.27196477700708,82.60714285714288,True,66.89133650370955,True,4.115304380807889,not_remotely_sensable,access_only
LK1106025,1.273532668881506,False,32.80913516948292,40.625,False,19.949318063879282,False,7.234997195737521,not_remotely_sensable,neither
LK1106030,0.0,False,9.814603434357457,12.651162790697674,False,3.8098084807805415,False,0.0,not_remotely_sensable,neither
LK1106035,0.5515973339462192,False,17.191852066983355,20.711111111111112,False,7.265215571076401,False,2.2346368715083798,not_remotely_sensable,neither
LK1106040,4.613789528252981,False,59.77337382186292,66.52631578947368,True,36.01870058636423,False,8.337884580375023,not_remotely_sensable,access_only
LK1106045,0.0,False,12.101032327229273,18.322580645161295,False,7.512686967961691,False,0.16249593760155995,not_remotely_sensable,neither
LK1106050,0.014490653528474133,False,0.0,0.0,False,0.0,False,0.4057971014492754,not_remotely_sensable,neither
LK1106055,2.1306595644681185,False,31.16202660573336,28.080645161290324,False,22.344669060871983,False,4.081959340483432,not_remotely_sensable,neither
LK1106060,0.0,False,9.509896754043906,10.46551724137931,False,2.513290711547229,False,0.0,not_remotely_sensable,neither
LK1106065,27.461287114646968,False,95.88823282220307,95.72916666666667,True,91.45260465103304,True,22.26792009400705,not_remotely_sensable,access_only
LK1106070,14.10409649027491,False,84.01153189151232,84.67045454545453,True,70.88136018398262,True,14.471853257432006,not_remotely_sensable,access_only
LK1106075,18.49326322707854,False,91.01977978287835,91.45901639344262,True,85.74918428477717,True,16.22820280213688,not_remotely_sensable,access_only
LK1106080,3.052683407188577,False,96.81075438872868,97.11904761904762,True,79.83759386347198,True,5.256475368207211,not_remotely_sensable,access_only
LK1106085,7.11484593837535,False,65.56500915962154,75.76,True,44.986871495901724,False,8.845999195818255,not_remotely_sensable,access_only
LK1106090,2.2620689655172415,False,78.97911966309083,81.73684210526316,True,55.988393420810944,True,4.346598927462602,not_remotely_sensable,access_only
LK1106095,0.44879640962872297,False,37.50786551842399,37.56,False,21.513238121681958,False,1.721311475409836,not_remotely_sensable,neither
LK1106100,0.0,False,51.40500439215872,50.333333333333336,True,37.54178965238588,False,0.0,not_remotely_sensable,access_only
LK1106105,1.6773406526379995,False,84.50001307207339,88.20588235294117,True,69.47872072160666,True,3.7025316455696204,not_remotely_sensable,access_only
LK1106110,0.0,False,26.09282830873546,26.071428571428573,False,10.660516812399395,False,0.0,not_remotely_sensable,neither
LK1106115,23.096129837702872,False,92.84621402901746,90.92857142857143,True,82.915559623732,True,15.324675324675324,not_remotely_sensable,access_only
LK1106120,0.0,False,0.37844276838900615,0.5,False,0.0,False,0.4854368932038835,not_remotely_sensable,neither
LK1106125,0.7618356611645202,False,7.202784640176785,10.672727272727272,False,3.2054236641752007,False,3.5276914640833485,not_remotely_sensable,neither
LK1106130,0.0,False,6.761301663438874,5.56,False,0.3176946218392745,False,0.034223134839151265,not_remotely_sensable,neither
LK1106135,0.0,False,34.35855947293569,45.55813953488372,False,21.9879792106443,False,0.7158196134574087,not_remotely_sensable,neither
LK1106140,0.0,False,14.916832780941293,25.96969696969697,False,7.865884335287159,False,0.958994708994709,not_remotely_sensable,neither
LK1106145,3.641920285241309,False,76.40092164844941,74.22368421052632,True,57.49442781050686,True,4.361041363816572,not_remotely_sensable,access_only
LK1106150,10.350045394935943,False,95.1813813643571,96.0,True,83.01128551148678,True,8.383031394171262,not_remotely_sensable,access_only
LK1106155,20.864553314121036,False,98.96753829038246,98.9673913043478,True,93.16193948635437,True,16.523260901268777,not_remotely_sensable,access_only
LK1106160,12.180999356637358,False,92.55762518054594,94.78260869565217,True,83.43834030457487,True,16.703296703296704,not_remotely_sensable,access_only
LK1106165,16.073059360730593,False,95.46037109072118,95.76571428571428,True,86.19135949469621,True,17.303094473666235,not_remotely_sensable,access_only
LK1106170,5.169197974953371,False,52.63411177684822,52.72222222222222,True,40.510646704078376,False,4.5237426243326775,not_remotely_sensable,access_only
LK1106175,0.8407360406091371,False,15.470268574180379,17.89473684210526,False,7.647243510743884,False,2.5755879059350506,not_remotely_sensable,neither
LK1106180,1.6766981943250214,False,57.55757073756345,57.77083333333332,True,36.29406344111217,False,2.0769567118495846,not_remotely_sensable,access_only
LK1106185,12.33423180592992,False,68.06587843484144,64.58426966292134,True,60.65325239228351,True,10.4875,not_remotely_sensable,access_only
LK1106190,0.0,False,2.2884223871273064,3.125,False,0.024800026066979182,False,0.7355946056395587,not_remotely_sensable,neither
LK1106195,0.0,False,26.112077156331793,25.83333333333333,False,6.883800260246388,False,0.0,not_remotely_sensable,neither
LK1106200,47.27026620544443,True,94.94121075207124,97.55882352941177,True,85.6274343250265,True,19.59498003422704,not_remotely_sensable,both_30_and_300
LK1106205,29.18510324483776,False,75.5764999756631,82.45454545454545,True,64.72233893470423,True,11.519416210581182,not_remotely_sensable,access_only
LK1106210,25.81805106076951,False,59.97674722062483,68.22222222222223,True,51.28291056988716,True,9.452253999030537,not_remotely_sensable,access_only
LK1106215,3.2474151740206785,False,53.713939828897175,53.13846153846154,True,41.536955770244155,False,6.155930162552679,not_remotely_sensable,access_only
LK1106220,33.62742262076945,True,100.0,100.0,True,98.11901582031449,True,17.43299193724123,not_remotely_sensable,both_30_and_300
LK1106225,0.0,False,70.74973958471936,75.56,True,47.06662181155558,False,0.0,not_remotely_sensable,access_only
LK1106230,0.0,False,27.032568838933354,21.275862068965516,False,19.903131393272822,False,0.0,not_remotely_sensable,neither
LK1109005,21.90174502611982,False,92.96626122987381,92.98870056497174,True,84.35652736364663,True,17.314261315115285,not_remotely_sensable,access_only
LK1109010,17.713952471205715,False,88.52058486617014,89.25925925925925,True,77.33466936105737,True,12.703756201275691,not_remotely_sensable,access_only
LK1109015,14.958109761837523,False,93.43162704886645,93.62727272727271,True,81.3411004482739,True,13.83661722382112,not_remotely_sensable,access_only
LK1109020,19.183581161304915,False,97.06003348740761,97.42690058479535,True,86.92305152782603,True,15.950447928331467,not_remotely_sensable,access_only
LK1109025,34.3540544092522,True,100.0,100.0,True,97.64242127319652,True,24.07741074407741,not_remotely_sensable,both_30_and_300
LK1109030,28.65164388622091,False,100.0,100.0,True,97.82515767826976,True,24.686365992742353,not_remotely_sensable,access_only
LK1109035,28.020446096654275,False,100.0,100.0,True,98.91932641609637,True,29.34512892437156,not_remotely_sensable,access_only
LK1109040,29.425716396438432,False,98.13073218768687,98.89723320158102,True,93.01176031416253,True,22.545204852368965,not_remotely_sensable,access_only
LK1109045,20.857859167211686,False,100.0,100.0,True,99.03584234733913,True,21.093588595826734,not_remotely_sensable,access_only
LK1109050,41.547331225590476,True,100.0,100.0,True,99.68669670599549,True,28.714603881641743,not_remotely_sensable,both_30_and_300
LK1109055,27.496722027972027,False,87.8785346228305,90.6353591160221,True,80.27575219193123,True,12.90784417150177,not_remotely_sensable,access_only
LK1109060,32.04897646833748,True,95.63963791250937,97.06844106463879,True,85.70839460693222,True,17.921227852386863,not_remotely_sensable,both_30_and_300
LK1109065,14.177793394237526,False,77.61331750112922,80.54545454545455,True,60.857456206741766,True,7.267144319344934,not_remotely_sensable,access_only
LK1109070,10.137350886364716,False,88.646479819249,90.32843137254902,True,73.19169123737939,True,10.66043746018263,not_remotely_sensable,access_only
LK1109075,35.424508573818486,True,96.09825031096311,98.0944055944056,True,92.77470524325483,True,23.406783322531865,not_remotely_sensable,both_30_and_300
LK1109080,37.601586117545445,True,100.0,100.0,True,98.91063586809916,True,26.7504431501646,not_remotely_sensable,both_30_and_300
LK1109085,45.22650296359018,True,100.0,100.0,True,100.0,True,37.239149603213484,not_remotely_sensable,both_30_and_300
LK1109090,46.74241991663336,True,100.0,100.0,True,99.73922604977649,True,39.02332201905179,not_remotely_sensable,both_30_and_300
LK1109095,29.044938801036363,False,100.0,100.0,True,99.81785970851473,True,28.517254455821007,not_remotely_sensable,access_only
LK1109100,58.580403966976476,True,100.0,100.0,True,100.0,True,41.252864782276546,not_remotely_sensable,both_30_and_300
LK1109105,39.2165541662056,True,100.0,100.0,True,99.5327180550161,True,31.16048475945648,not_remotely_sensable,both_30_and_300
LK1109110,29.404714342788655,False,100.0,100.0,True,99.98466446425837,True,29.19254658385093,not_remotely_sensable,access_only
LK1109115,19.2346336988336,False,93.28192899482767,95.23043478260871,True,81.62600066677356,True,15.655937246416013,not_remotely_sensable,access_only
LK1109120,31.877644312600303,True,100.0,100.0,True,97.90908677065856,True,26.084142394822006,not_remotely_sensable,both_30_and_300
LK1109125,16.858082241138586,False,89.09311450787551,90.30837004405288,True,75.01434284034147,True,15.828819068255688,not_remotely_sensable,access_only
LK1109130,14.200098709722909,False,92.41065955911243,93.75886524822697,True,84.80233567871063,True,12.244227134522147,not_remotely_sensable,access_only
LK1109135,5.081411867555459,False,50.81412401432423,56.50000000000002,True,36.72358925116601,False,6.021183513700207,not_remotely_sensable,access_only
LK1109140,4.137550570062523,False,55.6836600328897,59.70909090909092,True,40.9549512765526,False,6.560521772491847,not_remotely_sensable,access_only
LK1109145,8.988249656645811,False,53.335010268026494,56.59541984732823,True,41.14007933017303,False,6.3715627095908784,not_remotely_sensable,access_only
LK1109150,4.953787195671777,False,53.71072911682456,51.89010989010989,True,42.62226146039992,False,5.390180265654649,not_remotely_sensable,access_only
LK1109155,5.1689992078162135,False,77.46133221730446,78.84868421052632,True,61.396501040716444,True,4.893839192481726,not_remotely_sensable,access_only
LK1109160,15.88508243656827,False,60.0191367664355,63.554455445544555,True,51.428883336021265,True,8.768634816292993,not_remotely_sensable,access_only
LK1109165,30.979537068097954,True,100.0,100.0,True,99.8070628721748,True,19.635479951397325,not_remotely_sensable,both_30_and_300
LK1109170,7.391506149918775,False,71.9576312193354,78.15476190476191,True,60.397157486180156,True,8.652140866480872,not_remotely_sensable,access_only
LK1109175,5.4118154376886585,False,54.19038295822703,52.125,True,43.176099852007205,False,6.086163665374971,not_remotely_sensable,access_only
LK1109180,2.2809123649459786,False,66.21814198605638,63.810344827586206,True,45.34843833200731,False,3.808353808353808,not_remotely_sensable,access_only
LK1109185,9.775280898876405,False,72.91147457808545,74.0,True,61.56122663388571,True,9.446717665895749,not_remotely_sensable,access_only
LK1109190,9.545885050595682,False,78.0840941235674,78.93,True,64.15508208426373,True,9.291303868621183,not_remotely_sensable,access_only
LK1109195,9.594570876967179,False,78.21418557049856,81.42682926829266,True,62.25989432775409,True,10.567043828846405,not_remotely_sensable,access_only
LK1109200,30.593110593110595,True,100.0,100.0,True,99.54920854177497,True,24.280050863938964,not_remotely_sensable,both_30_and_300
LK1109205,19.213143525741028,False,98.89620764971768,99.19417475728157,True,92.44712075150157,True,19.622922351773752,not_remotely_sensable,access_only
LK1109210,26.62855162855163,False,100.0,100.0,True,99.5447151844941,True,28.658008658008658,not_remotely_sensable,access_only
LK1109215,35.732711991345596,True,100.0,100.0,True,99.69592208955349,True,30.23436488411239,not_remotely_sensable,both_30_and_300
LK1109220,16.97725755942297,False,100.0,100.0,True,98.42287987001903,True,20.037105751391465,not_remotely_sensable,access_only
LK1109225,9.102402022756005,False,55.69117492757154,61.81889763779528,True,42.362680652806176,False,6.754172461752434,not_remotely_sensable,access_only
LK1109230,27.74157923799006,False,100.0,100.0,True,99.92953950263994,True,19.715291596510028,not_remotely_sensable,access_only
LK1109235,10.022736763955269,False,70.70549413690735,75.41860465116278,True,58.890019399752056,True,8.525140250616055,not_remotely_sensable,access_only
LK1109240,4.275741710296684,False,100.0,100.0,True,95.06319563347564,True,7.664233576642336,not_remotely_sensable,access_only
LK1109245,12.16422799737934,False,58.206678014072075,58.85106382978722,True,46.56624001224264,False,8.391434262948207,not_remotely_sensable,access_only
LK1109250,5.285812672176308,False,55.0765206483026,55.543859649122815,True,43.737791378030266,False,5.926195237229595,not_remotely_sensable,access_only
LK1109255,2.4931196373644164,False,93.05687758901693,93.39655172413794,True,75.89041512912007,True,4.867944070429829,not_remotely_sensable,access_only
LK1109260,17.750882501260715,False,100.0,100.0,True,96.8218215623753,True,20.159435842403802,not_remotely_sensable,access_only
LK1109265,18.170165037654222,False,73.20156731599359,74.37777777777778,True,64.83849344712746,True,11.108201872095307,not_remotely_sensable,access_only
LK1109270,8.528428093645484,False,78.04160853770007,82.79661016949153,True,61.268511291581994,True,6.617915904936015,not_remotely_sensable,access_only
LK1109275,13.04271090716555,False,98.39277774031616,98.67543859649122,True,85.03651914033199,True,11.38623909072458,not_remotely_sensable,access_only
LK1109280,15.197655711330729,False,89.76865435627677,92.61849710982658,True,80.53373786939889,True,16.830408564265873,not_remotely_sensable,access_only
LK1109285,18.535743755157153,False,99.76790438737605,99.82089552238806,True,96.66253813925668,True,23.02025782688766,not_remotely_sensable,access_only
LK1112005,33.054140819232906,True,100.0,100.0,True,98.54275320602645,True,26.296296296296298,not_remotely_sensable,both_30_and_300
LK1112010,53.175995788734866,True,99.17853344892885,98.50442477876106,True,97.58856355222599,True,34.183191690273844,not_remotely_sensable,both_30_and_300
LK1112015,60.449438202247194,True,100.0,100.0,True,100.0,True,46.13967509629878,not_remotely_sensable,both_30_and_300
LK1112020,61.802559806053694,True,100.0,100.0,True,100.0,True,41.22313717613979,not_remotely_sensable,both_30_and_300
LK1112025,50.491021324354655,True,100.0,100.0,True,100.0,True,46.21139459044696,not_remotely_sensable,both_30_and_300
LK1112030,36.80727874276261,True,100.0,100.0,True,98.28859587572057,True,31.319261213720317,not_remotely_sensable,both_30_and_300
LK1112035,38.680504715559195,True,100.0,100.0,True,99.975165399008,True,34.25600674441478,not_remotely_sensable,both_30_and_300
LK1112040,35.278398387874006,True,99.6400447118452,99.73127753303964,True,96.5451624426458,True,34.51724137931034,not_remotely_sensable,both_30_and_300
LK1112045,36.33206815795849,True,100.0,100.0,True,100.0,True,31.47384694666323,not_remotely_sensable,both_30_and_300
LK1112050,26.014677250262093,False,100.0,100.0,True,99.96269702393384,True,27.404756893285626,not_remotely_sensable,access_only
LK1112055,35.72052947052947,True,100.0,100.0,True,100.0,True,30.239608801955992,not_remotely_sensable,both_30_and_300
LK1112060,26.513362336855188,False,99.82825928533039,99.8974358974359,True,97.7655970877364,True,26.240054173015068,not_remotely_sensable,access_only
LK1112065,40.742468053353235,True,100.0,100.0,True,100.0,True,39.08120349401488,not_remotely_sensable,both_30_and_300
LK1112070,25.67938817938818,False,100.0,100.0,True,99.87659084560975,True,28.597122302158272,not_remotely_sensable,access_only
LK1112075,37.39062295938357,True,100.0,100.0,True,100.0,True,29.9645390070922,not_remotely_sensable,both_30_and_300
LK1112080,62.52158167347454,True,99.97235914473266,99.97674418604652,True,98.79917817639937,True,35.55817378497791,not_remotely_sensable,both_30_and_300
LK1112085,52.00832980375547,True,100.0,100.0,True,99.88292516136913,True,35.786446427254624,not_remotely_sensable,both_30_and_300
LK1112090,38.18863319386332,True,100.0,100.0,True,99.46399302555092,True,27.612466506839656,not_remotely_sensable,both_30_and_300
LK1112095,23.708311733195092,False,100.0,100.0,True,98.94260879790711,True,25.300113250283125,not_remotely_sensable,access_only
LK1112100,32.45699448231094,True,99.51420488410693,99.64285714285715,True,94.21816510584661,True,28.586878154289835,not_remotely_sensable,both_30_and_300
LK1112105,23.012262658227847,False,99.91637606785567,99.95049504950495,True,94.83515502966735,True,24.811388834218985,not_remotely_sensable,access_only
LK1112110,7.457999685978961,False,89.78633671303498,92.828125,True,65.685559746591,True,8.15457950289411,not_remotely_sensable,access_only
LK1112115,33.608608608608606,True,100.0,100.0,True,100.0,True,31.091802040045334,not_remotely_sensable,both_30_and_300
LK1112120,16.608505997818973,False,100.0,100.0,True,97.08751671633081,True,22.30366492146597,not_remotely_sensable,access_only
LK1112125,19.36826458565589,False,98.44876190338194,98.33082706766918,True,93.05004713300373,True,17.328786063231636,not_remotely_sensable,access_only
LK1112130,8.673074798364821,False,100.0,100.0,True,96.34305162528987,True,11.976772320348415,not_remotely_sensable,access_only
LK1112135,20.302513847464848,False,99.98344986609526,99.96907216494846,True,97.42545964512416,True,23.18801818668093,not_remotely_sensable,access_only
LK1112140,20.800926692040377,False,100.0,100.0,True,100.0,True,25.72085248641872,not_remotely_sensable,access_only
LK1112145,9.545886828340466,False,99.37914661416859,99.52941176470588,True,88.59208942467443,True,16.486983960031555,not_remotely_sensable,access_only
LK1112150,17.21462119665101,False,100.0,100.0,True,98.71958631692029,True,20.957788200444334,not_remotely_sensable,access_only
LK1112155,15.196454444728543,False,100.0,100.0,True,97.15087868025888,True,18.234938545234737,not_remotely_sensable,access_only
LK1112160,26.095637416392133,False,100.0,100.0,True,99.05692369011815,True,32.12211265703093,not_remotely_sensable,access_only
LK1112165,51.63130799750795,True,100.0,100.0,True,99.82584536615347,True,43.3180999861515,not_remotely_sensable,both_30_and_300
LK1112170,43.12595660394346,True,100.0,100.0,True,100.0,True,39.61166639357693,not_remotely_sensable,both_30_and_300
LK1112175,26.078380927879255,False,100.0,100.0,True,100.0,True,36.55635378636203,not_remotely_sensable,access_only
LK1112180,27.32278481012658,False,100.0,100.0,True,99.83426212865001,True,32.43860129644846,not_remotely_sensable,access_only
LK1112185,40.463493317532425,True,100.0,100.0,True,100.0,True,39.59896941861768,not_remotely_sensable,both_30_and_300
LK1112190,16.94041145804137,False,94.1453103774936,90.14689265536722,True,88.75643790679848,True,16.058193796321714,not_remotely_sensable,access_only
LK1112195,8.091446185461084,False,99.83610571291038,99.8875,True,91.56056873893242,True,10.662905500705218,not_remotely_sensable,access_only
LK1112200,25.447690857681433,False,99.88218353151875,99.94252873563218,True,95.02340489130002,True,18.11984781230184,not_remotely_sensable,access_only
LK1112205,14.492499342047548,False,100.0,100.0,True,99.73503010617736,True,17.882425361649737,not_remotely_sensable,access_only
LK1112210,20.495495495495497,False,99.74993401788136,99.76388888888889,True,96.62880194649429,True,22.043201133144475,not_remotely_sensable,access_only
LK1112215,23.229291716686674,False,100.0,100.0,True,98.49899398511931,True,16.132395100338805,not_remotely_sensable,access_only
LK1112220,23.38666187309006,False,100.0,100.0,True,98.2601712351114,True,21.18844696969697,not_remotely_sensable,access_only
LK1112225,23.329405823935364,False,97.16038186390553,97.91379310344826,True,83.42964359925979,True,20.375690607734807,not_remotely_sensable,access_only
LK1112230,26.193665934301485,False,100.0,100.0,True,99.41959360816365,True,23.227513227513228,not_remotely_sensable,access_only
LK1112235,12.763656030286642,False,100.0,100.0,True,100.0,True,39.80424143556281,not_remotely_sensable,access_only
LK1112240,24.958745874587457,False,100.0,100.0,True,100.0,True,21.663479923518164,not_remotely_sensable,access_only
LK1112245,33.46027171675587,True,99.98541533922482,99.98930481283422,True,98.95690259028966,True,37.435737653840164,not_remotely_sensable,both_30_and_300
LK1112250,49.38711978727544,True,100.0,100.0,True,100.0,True,44.16775884665793,not_remotely_sensable,both_30_and_300
LK1112255,44.0918934186988,True,100.0,100.0,True,100.0,True,38.910440209141505,not_remotely_sensable,both_30_and_300
LK1112260,30.498338870431894,True,100.0,100.0,True,100.0,True,28.22392181856809,not_remotely_sensable,both_30_and_300
LK1112265,32.62963893775655,True,100.0,100.0,True,97.939959727303,True,25.494120590442833,not_remotely_sensable,both_30_and_300
LK1112270,35.832471561530504,True,100.0,100.0,True,100.0,True,35.66270673188912,not_remotely_sensable,both_30_and_300
LK1112275,36.37953837621059,True,100.0,100.0,True,99.99568766978416,True,27.6052685456903,not_remotely_sensable,both_30_and_300
LK1112280,33.09073265405143,True,100.0,100.0,True,100.0,True,36.31254532269761,not_remotely_sensable,both_30_and_300
LK1112285,60.245183887915935,True,100.0,100.0,True,100.0,True,52.26460071513707,not_remotely_sensable,both_30_and_300
LK1112290,46.48140743702519,True,100.0,100.0,True,100.0,True,33.54775238383532,not_remotely_sensable,both_30_and_300
LK1112295,74.6553480475382,True,100.0,100.0,True,100.0,True,62.09415584415584,not_remotely_sensable,both_30_and_300
LK1112300,70.53706505295007,True,100.0,100.0,True,100.0,True,57.0675319407828,not_remotely_sensable,both_30_and_300
LK1112305,55.103468376566596,True,100.0,100.0,True,100.0,True,42.85528539851775,not_remotely_sensable,both_30_and_300
LK1112310,23.059515727540166,False,100.0,100.0,True,100.0,True,23.382254836557706,not_remotely_sensable,access_only
LK1112315,34.62618777266479,True,100.0,100.0,True,100.0,True,31.221761180267404,not_remotely_sensable,both_30_and_300
LK1112320,43.61746361746362,True,100.0,100.0,True,100.0,True,35.98257211538461,not_remotely_sensable,both_30_and_300
LK1112325,19.65480803099683,False,97.05453922259062,98.23863636363636,True,89.90827076233387,True,19.625850340136054,not_remotely_sensable,access_only
LK1112330,44.00289671404001,True,100.0,100.0,True,100.0,True,37.22002635046113,not_remotely_sensable,both_30_and_300
LK1112335,51.690201112537444,True,100.0,100.0,True,100.0,True,40.256864481842335,not_remotely_sensable,both_30_and_300
LK1112340,58.781768285407466,True,100.0,100.0,True,100.0,True,51.09865801504203,not_remotely_sensable,both_30_and_300
LK1112345,62.66557715465336,True,100.0,100.0,True,100.0,True,49.2523029070463,not_remotely_sensable,both_30_and_300
LK1112350,46.08756813785827,True,100.0,100.0,True,100.0,True,36.515004840271054,not_remotely_sensable,both_30_and_300
LK1112355,39.37151810584958,True,99.89443047936622,99.82051282051282,True,98.13850370902908,True,33.14598645337945,not_remotely_sensable,both_30_and_300
LK1112360,57.091821956164914,True,100.0,100.0,True,100.0,True,46.37285047261132,not_remotely_sensable,both_30_and_300
LK1112365,41.40269749518304,True,100.0,100.0,True,100.0,True,32.00271554650374,not_remotely_sensable,both_30_and_300
LK1112370,58.08435852372583,True,100.0,100.0,True,99.89312787420599,True,37.63365468886941,not_remotely_sensable,both_30_and_300
LK1112375,30.604960677555958,True,100.0,100.0,True,100.0,True,29.4461404273877,not_remotely_sensable,both_30_and_300
LK1112380,62.389421733867216,True,100.0,100.0,True,100.0,True,53.1328320802005,not_remotely_sensable,both_30_and_300
LK1112385,28.69720731875086,False,100.0,100.0,True,99.91984213743268,True,28.229387912724466,not_remotely_sensable,access_only
LK1112390,61.49963363999023,True,100.0,100.0,True,100.0,True,38.87234042553192,not_remotely_sensable,both_30_and_300
LK1112395,80.41163310961969,True,100.0,100.0,True,100.0,True,46.68798538145272,not_remotely_sensable,both_30_and_300
LK1112400,74.92769427717984,True,100.0,100.0,True,100.0,True,55.97930241471828,not_remotely_sensable,both_30_and_300
LK1112405,60.14406172123033,True,100.0,100.0,True,100.0,True,49.05416628218141,not_remotely_sensable,both_30_and_300
LK1115005,83.73675360732022,True,100.0,100.0,True,100.0,True,69.33398389851183,not_remotely_sensable,both_30_and_300
LK1115010,72.13224617446666,True,100.0,100.0,True,100.0,True,55.95528455284553,not_remotely_sensable,both_30_and_300
LK1115015,94.16802905134622,True,100.0,100.0,True,100.0,True,68.26086956521739,not_remotely_sensable,both_30_and_300
LK1115020,95.62009206607094,True,100.0,100.0,True,100.0,True,76.8160741885626,not_remotely_sensable,both_30_and_300
LK1115025,88.72451019592162,True,100.0,100.0,True,100.0,True,60.50490298351763,not_remotely_sensable,both_30_and_300
LK1115030,87.84600560616678,True,100.0,100.0,True,97.80087160214853,True,31.80870083432658,not_remotely_sensable,both_30_and_300
LK1115035,72.34387672343877,True,100.0,100.0,True,98.69270752454052,True,39.54659949622166,not_remotely_sensable,both_30_and_300
LK1115040,50.35503229648633,True,99.80429050605736,99.82432432432432,True,97.07014436940936,True,28.1354051054384,not_remotely_sensable,both_30_and_300
LK1115045,27.534127214638396,False,92.43662684291726,95.91176470588235,True,76.60431678234663,True,15.930979133226325,not_remotely_sensable,access_only
LK1115050,35.40454785827605,True,100.0,100.0,True,99.51986830774469,True,19.770773638968482,not_remotely_sensable,both_30_and_300
LK1115055,16.77618069815195,False,84.5832016990836,87.28000000000002,True,67.16323983012741,True,10.634098198865038,not_remotely_sensable,access_only
LK1115060,26.756689172293072,False,98.61696911413883,98.66666666666666,True,92.50346789527038,True,21.748036872652783,not_remotely_sensable,access_only
LK1115065,81.08499403849429,True,100.0,100.0,True,100.0,True,59.63529941467807,not_remotely_sensable,both_30_and_300
LK1115070,66.2561970254278,True,100.0,100.0,True,100.0,True,43.02339389621185,not_remotely_sensable,both_30_and_300
LK1115075,61.72496025437202,True,100.0,100.0,True,100.0,True,47.12153518123667,not_remotely_sensable,both_30_and_300
LK1115080,59.32598229538748,True,100.0,100.0,True,100.0,True,37.1897670866743,not_remotely_sensable,both_30_and_300
LK1115085,74.0497581202488,True,100.0,100.0,True,100.0,True,50.76020272072552,not_remotely_sensable,both_30_and_300
LK1115090,85.90585080104454,True,100.0,100.0,True,100.0,True,71.5122470713525,not_remotely_sensable,both_30_and_300
LK1115095,90.12020799562114,True,100.0,100.0,True,100.0,True,57.40572467060427,not_remotely_sensable,both_30_and_300
LK1115100,38.559866034049676,True,100.0,100.0,True,98.81625428992832,True,31.311475409836067,not_remotely_sensable,both_30_and_300
LK1115105,52.25848281824076,True,100.0,100.0,True,100.0,True,44.68814256339959,not_remotely_sensable,both_30_and_300
LK1115110,48.56769983686786,True,100.0,100.0,True,100.0,True,36.50088809946714,not_remotely_sensable,both_30_and_300
LK1115115,62.77281465565984,True,100.0,100.0,True,100.0,True,43.35371741229482,not_remotely_sensable,both_30_and_300
LK1115120,65.4719299182736,True,100.0,100.0,True,100.0,True,47.33498605515959,not_remotely_sensable,both_30_and_300
LK1115125,86.4436949597152,True,100.0,100.0,True,100.0,True,56.13668061366806,not_remotely_sensable,both_30_and_300
LK1115130,81.32033008252063,True,100.0,100.0,True,97.85618097196699,True,26.5905383360522,not_remotely_sensable,both_30_and_300
LK1115135,55.35442395533751,True,100.0,100.0,True,100.0,True,27.906976744186046,not_remotely_sensable,both_30_and_300
LK1115140,38.3375314861461,True,100.0,100.0,True,100.0,True,34.150326797385624,not_remotely_sensable,both_30_and_300
LK1115145,40.118118540392324,True,100.0,100.0,True,99.65810899891287,True,31.965480803099684,not_remotely_sensable,both_30_and_300
LK1115150,59.886689515282924,True,100.0,100.0,True,100.0,True,39.421234189344574,not_remotely_sensable,both_30_and_300
LK1115155,18.31530139103555,False,100.0,100.0,True,99.95847246330848,True,22.29580573951435,not_remotely_sensable,access_only
LK1115160,49.50485530237477,True,100.0,100.0,True,100.0,True,33.70165745856354,not_remotely_sensable,both_30_and_300
LK1115165,84.51196398957593,True,100.0,100.0,True,100.0,True,41.898148148148145,not_remotely_sensable,both_30_and_300
LK1115170,94.89785464008361,True,100.0,100.0,True,100.0,True,64.42863494886616,not_remotely_sensable,both_30_and_300
LK1115175,86.98232834210171,True,100.0,100.0,True,100.0,True,60.72563559322034,not_remotely_sensable,both_30_and_300
LK1115180,88.65821373833077,True,100.0,100.0,True,100.0,True,72.81941031941032,not_remotely_sensable,both_30_and_300
LK1115185,61.40475066855435,True,100.0,100.0,True,100.0,True,46.424167694204684,not_remotely_sensable,both_30_and_300
LK1115190,69.08713692946058,True,100.0,100.0,True,100.0,True,58.63636363636363,not_remotely_sensable,both_30_and_300
LK1115195,62.54945054945055,True,100.0,100.0,True,100.0,True,48.19672131147541,not_remotely_sensable,both_30_and_300
LK1115200,46.006441223832525,True,100.0,100.0,True,96.69248456198387,True,32.16814825975592,not_remotely_sensable,both_30_and_300
LK1115205,34.00962141811337,True,94.4837754383655,96.82394366197182,True,88.15366591478818,True,20.23139794077062,not_remotely_sensable,both_30_and_300
LK1115210,68.62167929943337,True,100.0,100.0,True,100.0,True,47.84250269687163,not_remotely_sensable,both_30_and_300
LK1115215,77.59840880706786,True,100.0,100.0,True,100.0,True,52.11090107120353,not_remotely_sensable,both_30_and_300
LK1115220,86.82375117813383,True,100.0,100.0,True,100.0,True,69.52705997074598,not_remotely_sensable,both_30_and_300
LK1115225,91.57152967966273,True,100.0,100.0,True,100.0,True,79.6952380952381,not_remotely_sensable,both_30_and_300
LK1115230,97.04195273478176,True,100.0,100.0,True,100.0,True,65.20924422236102,not_remotely_sensable,both_30_and_300
LK1115235,94.19905771495877,True,100.0,100.0,True,100.0,True,78.2560706401766,not_remotely_sensable,both_30_and_300
LK1115240,94.20846535541341,True,100.0,100.0,True,100.0,True,82.18239325250396,not_remotely_sensable,both_30_and_300
LK1115245,95.19225019434312,True,100.0,100.0,True,100.0,True,93.40329835082458,not_remotely_sensable,both_30_and_300
LK1115250,86.53191006132182,True,100.0,100.0,True,100.0,True,73.60782990212623,not_remotely_sensable,both_30_and_300
LK1115255,85.35327488396081,True,100.0,100.0,True,100.0,True,62.044353810859036,not_remotely_sensable,both_30_and_300
LK1115260,94.00877774097383,True,100.0,100.0,True,100.0,True,81.28698224852072,not_remotely_sensable,both_30_and_300
LK1115265,86.87435178427381,True,100.0,100.0,True,100.0,True,71.52141802067946,not_remotely_sensable,both_30_and_300
LK1115270,75.87739822180627,True,100.0,100.0,True,100.0,True,59.79631425800194,not_remotely_sensable,both_30_and_300
LK1115275,44.77227155542825,True,100.0,100.0,True,100.0,True,33.272821576763484,not_remotely_sensable,both_30_and_300
LK1115280,78.15301391035548,True,100.0,100.0,True,100.0,True,58.19642205184374,not_remotely_sensable,both_30_and_300
LK1115285,43.99656209712076,True,100.0,100.0,True,100.0,True,29.275406816088424,not_remotely_sensable,both_30_and_300
LK1115290,81.39930664985818,True,100.0,100.0,True,100.0,True,56.20465826651394,not_remotely_sensable,both_30_and_300
LK1115295,88.33054826131932,True,100.0,100.0,True,100.0,True,70.3754736479504,not_remotely_sensable,both_30_and_300
LK1115300,96.948723673439,True,100.0,100.0,True,100.0,True,84.8780487804878,not_remotely_sensable,both_30_and_300
LK1115305,95.5956007641865,True,100.0,100.0,True,100.0,True,88.57142857142857,not_remotely_sensable,both_30_and_300
LK1115310,99.6192124621376,True,100.0,100.0,True,100.0,True,100.0,not_remotely_sensable,both_30_and_300
LK1115315,94.10852713178295,True,100.0,100.0,True,100.0,True,89.19597989949749,not_remotely_sensable,both_30_and_300
LK1115320,95.75629316106037,True,100.0,100.0,True,100.0,True,82.67716535433071,not_remotely_sensable,both_30_and_300
LK1115325,83.84739387426114,True,100.0,100.0,True,100.0,True,69.02536715620828,not_remotely_sensable,both_30_and_300
LK1115330,75.03858421648317,True,100.0,100.0,True,100.0,True,54.52426361517271,not_remotely_sensable,both_30_and_300
LK1115335,50.54937781307916,True,100.0,100.0,True,100.0,True,45.89041095890411,not_remotely_sensable,both_30_and_300
LK1115340,80.11427455193632,True,100.0,100.0,True,100.0,True,30.27426160337553,not_remotely_sensable,both_30_and_300
LK1118005,88.33657886645486,True,100.0,100.0,True,100.0,True,67.45822339489885,not_remotely_sensable,both_30_and_300
LK1118010,83.87816387816387,True,100.0,100.0,True,100.0,True,69.16919679823351,not_remotely_sensable,both_30_and_300
LK1118015,91.6401355653692,True,100.0,100.0,True,100.0,True,70.27027027027027,not_remotely_sensable,both_30_and_300
LK1118020,88.17479962281942,True,100.0,100.0,True,100.0,True,53.09446254071661,not_remotely_sensable,both_30_and_300
LK1118025,96.43772424397744,True,100.0,100.0,True,100.0,True,88.95705521472392,not_remotely_sensable,both_30_and_300
LK1118030,94.96851975887475,True,100.0,100.0,True,100.0,True,83.33333333333333,not_remotely_sensable,both_30_and_300
LK1118035,83.32432223681161,True,100.0,100.0,True,100.0,True,53.883942278170096,not_remotely_sensable,both_30_and_300
LK1118040,86.67125171939477,True,100.0,100.0,True,100.0,True,76.33959638135003,not_remotely_sensable,both_30_and_300
LK1118045,95.79347278802581,True,100.0,100.0,True,100.0,True,69.06729634002362,not_remotely_sensable,both_30_and_300
LK1118050,85.30011230814026,True,100.0,100.0,True,100.0,True,65.1360544217687,not_remotely_sensable,both_30_and_300
LK1118055,79.67817697092802,True,100.0,100.0,True,100.0,True,60.62618595825427,not_remotely_sensable,both_30_and_300
LK1118060,61.206983550307804,True,100.0,100.0,True,100.0,True,47.465437788018434,not_remotely_sensable,both_30_and_300
LK1118065,63.56620871090325,True,100.0,100.0,True,100.0,True,49.484707446808514,not_remotely_sensable,both_30_and_300
LK1118070,28.60670919942375,False,100.0,100.0,True,98.14768345897593,True,23.847051955633393,not_remotely_sensable,access_only
LK1118075,39.26543647977289,True,100.0,100.0,True,99.92528436027652,True,31.72655565293602,not_remotely_sensable,both_30_and_300
LK1118080,37.3218304576144,True,100.0,100.0,True,100.0,True,22.3967684021544,not_remotely_sensable,both_30_and_300
LK1118085,53.25399776868724,True,100.0,100.0,True,100.0,True,39.431795285109814,not_remotely_sensable,both_30_and_300
LK1118090,32.29430953243929,True,100.0,100.0,True,99.96823557547768,True,33.13878080415046,not_remotely_sensable,both_30_and_300
LK1118095,37.57074937740548,True,100.0,100.0,True,99.43957413381152,True,35.82605531295488,not_remotely_sensable,both_30_and_300
LK1118100,63.25646656905808,True,100.0,100.0,True,100.0,True,54.62481114655028,not_remotely_sensable,both_30_and_300
LK1118105,62.055665589492335,True,100.0,100.0,True,100.0,True,47.39010989010989,not_remotely_sensable,both_30_and_300
LK1118110,74.07335077920555,True,100.0,100.0,True,100.0,True,55.4178145087236,not_remotely_sensable,both_30_and_300
LK1118115,78.43502773483678,True,100.0,100.0,True,100.0,True,52.12486883525708,not_remotely_sensable,both_30_and_300
LK1118120,77.59942414972107,True,100.0,100.0,True,100.0,True,65.77578051087986,not_remotely_sensable,both_30_and_300
LK1118125,66.77022768629888,True,100.0,100.0,True,100.0,True,60.167654285301346,not_remotely_sensable,both_30_and_300
LK1118130,56.886574074074076,True,100.0,100.0,True,100.0,True,59.3648736228127,not_remotely_sensable,both_30_and_300
LK1118135,60.34728152576146,True,100.0,100.0,True,99.95305408353036,True,26.859205776173287,not_remotely_sensable,both_30_and_300
LK1118140,73.99639672933894,True,100.0,100.0,True,100.0,True,65.2321630804077,not_remotely_sensable,both_30_and_300
LK1118145,77.39960822722821,True,100.0,100.0,True,100.0,True,68.76763875823141,not_remotely_sensable,both_30_and_300
LK1118150,72.76355628956784,True,100.0,100.0,True,100.0,True,51.445233265720084,not_remotely_sensable,both_30_and_300
LK1118155,71.73336781534881,True,100.0,100.0,True,100.0,True,50.840728631480616,not_remotely_sensable,both_30_and_300
LK1118160,70.71760797342192,True,100.0,100.0,True,100.0,True,55.27111938561787,not_remotely_sensable,both_30_and_300
LK1118165,73.03944482399051,True,100.0,100.0,True,100.0,True,55.234065784086255,not_remotely_sensable,both_30_and_300
LK1118170,65.39096503076692,True,100.0,100.0,True,100.0,True,44.59479121198894,not_remotely_sensable,both_30_and_300
LK1118175,85.81782474516038,True,100.0,100.0,True,100.0,True,73.25800376647834,not_remotely_sensable,both_30_and_300
LK1118180,55.869051636854536,True,100.0,100.0,True,100.0,True,50.76586433260394,not_remotely_sensable,both_30_and_300
LK1118185,79.45720535958436,True,100.0,100.0,True,100.0,True,82.9325975561687,not_remotely_sensable,both_30_and_300
LK1118190,89.31044572320296,True,100.0,100.0,True,100.0,True,81.23791102514507,not_remotely_sensable,both_30_and_300
LK1118195,92.46847318584457,True,100.0,100.0,True,100.0,True,80.58968058968058,not_remotely_sensable,both_30_and_300
LK1118200,81.9386065469367,True,100.0,100.0,True,100.0,True,77.33695652173913,not_remotely_sensable,both_30_and_300
LK1118205,85.67570174592457,True,100.0,100.0,True,100.0,True,80.09015777610819,not_remotely_sensable,both_30_and_300
LK1118210,89.76763523813923,True,100.0,100.0,True,100.0,True,80.74792243767313,not_remotely_sensable,both_30_and_300
LK1118215,81.15973934483974,True,100.0,100.0,True,100.0,True,60.420108567382584,not_remotely_sensable,both_30_and_300
LK1118220,93.76625879179112,True,100.0,100.0,True,100.0,True,75.06234413965088,not_remotely_sensable,both_30_and_300
LK1118225,95.7238191104649,True,100.0,100.0,True,100.0,True,37.634408602150536,not_remotely_sensable,both_30_and_300
LK1118230,94.51430459457359,True,100.0,100.0,True,100.0,True,38.64777618364419,not_remotely_sensable,both_30_and_300
LK1121005,3.665158371040724,False,47.49973279053634,52.0,False,33.904133291235034,False,4.861437294504462,not_remotely_sensable,neither
LK1121010,21.590535655603023,False,81.12786452211155,85.54838709677419,True,73.12468100381525,True,14.52919810002794,not_remotely_sensable,access_only
LK1121015,21.59359130248194,False,90.1532947298114,90.47761194029847,True,75.76853715422686,True,10.454296661193213,not_remotely_sensable,access_only
LK1121020,7.838737135340091,False,86.17100764280201,87.6875,True,72.20720957025571,True,13.357307988697663,not_remotely_sensable,access_only
LK1121025,1.1064156742220514,False,45.66521576650275,48.85271317829457,False,29.571671229831114,False,2.0200450625437028,not_remotely_sensable,neither
LK1121030,4.832433789381198,False,64.9522992983122,66.15384615384615,True,47.96073276483113,False,7.214455288841994,not_remotely_sensable,access_only
LK1121035,14.478675709851707,False,99.92272892584865,99.94350282485875,True,95.45872962310426,True,17.157994837657927,not_remotely_sensable,access_only
LK1121040,30.039857352632684,True,100.0,100.0,True,99.91427724596409,True,28.373598253932414,not_remotely_sensable,both_30_and_300
LK1121045,11.480201966516077,False,99.52763800919956,99.67567567567566,True,88.4296566325602,True,20.504353047132994,not_remotely_sensable,access_only
LK1121050,11.052251384541295,False,98.48928516563363,98.79545454545455,True,89.73479626018946,True,16.05740590305984,not_remotely_sensable,access_only
LK1121055,11.237205162438807,False,95.86114543394703,96.46666666666667,True,82.2456302268001,True,20.520231213872833,not_remotely_sensable,access_only
LK1121060,10.30540863333902,False,91.74767135089846,91.44827586206898,True,77.26301525625703,True,9.990485252140818,not_remotely_sensable,access_only
LK1121065,10.929961736815837,False,81.69487936639322,85.0655737704918,True,66.14128043541204,True,10.181840827002118,not_remotely_sensable,access_only
LK1121070,12.035642570281125,False,85.12767582653937,83.62820512820512,True,72.90500089179339,True,8.02001429592566,not_remotely_sensable,access_only
LK1121075,22.627190105874636,False,91.57544440811091,93.12037037037037,True,83.49448403477072,True,22.310007524454477,not_remotely_sensable,access_only
LK1121080,4.493060456363208,False,36.230983161008936,46.40625,False,24.81250600791448,False,5.317394888705689,not_remotely_sensable,neither
LK1121085,4.370179948586118,False,53.89273331580638,49.42857142857143,True,38.14790079250856,False,3.3751493428912784,not_remotely_sensable,access_only
LK1121090,6.856008550923805,False,45.12510569388069,40.57142857142857,False,33.2591384695406,False,4.163934426229508,not_remotely_sensable,neither
LK1121095,3.1018391435629975,False,36.118450366379065,41.266666666666666,False,26.778372336525536,False,5.498575498575499,not_remotely_sensable,neither
LK1121100,8.33062858379314,False,81.5648492635556,81.10752688172045,True,72.24044854786722,True,11.506622516556291,not_remotely_sensable,access_only
LK1121105,4.601357082273113,False,92.55893285522855,90.19565217391305,True,80.62607656097865,True,8.065246941549615,not_remotely_sensable,access_only
LK1121110,2.569651068433865,False,65.40960530664375,65.57894736842105,True,45.57411359938058,False,2.3042754025541368,not_remotely_sensable,access_only
LK1121115,6.62164886111671,False,90.51077475871593,92.08080808080808,True,78.09016439799818,True,10.819565921606738,not_remotely_sensable,access_only
LK1121120,3.032891926527125,False,73.73082438773949,72.98591549295773,True,54.98734067234522,True,6.8626010286554004,not_remotely_sensable,access_only
LK1121125,3.993166773435832,False,95.69592952239648,96.04347826086956,True,72.96760344604336,True,8.661767980405255,not_remotely_sensable,access_only
LK1121130,7.131782945736434,False,99.45498367300193,99.39669421487604,True,94.6182299149595,True,8.919940240794446,not_remotely_sensable,access_only
LK1121135,12.84339457567804,False,89.14341188411925,87.375,True,77.53444654508097,True,10.700662517566753,not_remotely_sensable,access_only
LK1121140,21.14495897387532,False,100.0,100.0,True,98.370383276274,True,22.760435354622654,not_remotely_sensable,access_only
LK1121145,21.188193269411542,False,86.03442276470918,84.4090909090909,True,74.54326914663223,True,9.889061195276154,not_remotely_sensable,access_only
LK1121150,21.234752302713467,False,97.72629778729764,97.35443037974683,True,90.39439628463188,True,25.630052306229196,not_remotely_sensable,access_only
LK1121155,5.0303951367781155,False,94.39327318084459,95.33076923076923,True,74.52795871681786,True,6.409025444071052,not_remotely_sensable,access_only
LK1121160,0.0,False,39.19445172030233,40.5,False,19.982187545526003,False,0.0,not_remotely_sensable,neither
LK1121165,8.461775585696671,False,76.78379769827139,78.30232558139537,True,58.26879668628018,True,7.08270170119589,not_remotely_sensable,access_only
LK1121170,17.947673826733176,False,79.76923219909544,79.91089108910892,True,71.34007559178525,True,12.185134632088348,not_remotely_sensable,access_only
LK1121175,1.8790369935408104,False,52.77078788288296,53.247058823529414,True,39.050665378697516,False,5.889437552691798,not_remotely_sensable,access_only
LK1121180,0.0,False,9.79989426431672,10.28125,False,1.1249687969202071,False,0.0,not_remotely_sensable,neither
LK1121185,2.4436518175609017,False,66.52643737040123,64.93798449612405,True,47.2018964882511,False,6.0907736928745,not_remotely_sensable,access_only
LK1121190,2.0859407592824364,False,57.99147573145424,58.06849315068493,True,40.17934363560132,False,2.7268853855986364,not_remotely_sensable,access_only
LK1121195,0.2931691586045148,False,27.54012200903044,17.567567567567565,False,14.426190026790946,False,1.5289620699794177,not_remotely_sensable,neither
LK1121200,0.635997456010176,False,33.5887233655848,28.0,False,25.1991014968567,False,1.237465329635161,not_remotely_sensable,neither
LK1121205,0.0,False,0.0,0.0,False,0.0,False,0.06993985172751434,not_remotely_sensable,neither
LK1124005,1.372351160443996,False,44.270708722531914,49.71428571428572,False,30.438686231441803,False,4.902772031443939,not_remotely_sensable,neither
LK1124010,21.49582997040624,False,66.58389975376551,72.21518987341773,True,55.85946612349616,True,8.975459069847263,not_remotely_sensable,access_only
LK1124015,14.20495262361653,False,80.47771741316478,83.327868852459,True,73.53569940412048,True,17.21662938105891,not_remotely_sensable,access_only
LK1124020,1.8673144071656294,False,35.626747638577356,35.2537313432836,False,21.37023924780234,False,2.630357419155191,not_remotely_sensable,neither
LK1124025,6.475388260068439,False,74.83380966253387,78.5,True,64.30115664723132,True,9.541547277936962,not_remotely_sensable,access_only
LK1124030,22.911346224005836,False,90.31146840974681,93.88235294117646,True,75.98206642160036,True,11.509397403603952,not_remotely_sensable,access_only
LK1124035,12.342822653656574,False,79.59026085250701,82.31372549019608,True,63.57476191436611,True,8.07895340830847,not_remotely_sensable,access_only
LK1124040,13.505335244465678,False,76.3558057063548,78.93548387096774,True,53.687099104656625,True,8.43462246777164,not_remotely_sensable,access_only
LK1124045,8.42068072076316,False,86.55744515051006,90.0,True,70.67609816090618,True,9.606481481481481,not_remotely_sensable,access_only
LK1124050,21.448999046711155,False,99.2901895102975,99.40186915887851,True,90.7538729424541,True,13.905658446741022,not_remotely_sensable,access_only
LK1124055,0.0,False,33.0972472259305,35.37499999999999,False,19.398565222107152,False,0.034112229234180454,not_remotely_sensable,neither
LK1124060,18.03835616438356,False,79.90347254900293,78.72826086956523,True,67.74561055414809,True,9.97459553416232,not_remotely_sensable,access_only
LK1124065,15.71941087613293,False,78.21468513470586,82.17757009345794,True,65.05335959089858,True,9.812927075165229,not_remotely_sensable,access_only
LK1124070,4.072398190045249,False,46.00924517480785,46.12087912087913,False,33.02203474487708,False,2.931266846361186,not_remotely_sensable,neither
LK1124075,9.965466206216083,False,35.10705084232218,45.21518987341773,False,27.630103920348315,False,5.602739726027397,not_remotely_sensable,neither
LK1124080,0.0,False,13.362522162867164,13.701754385964913,False,10.353687003279981,False,1.1219422475629943,not_remotely_sensable,neither
LK1124085,0.0,False,0.0,0.0,False,0.0,False,0.0,not_remotely_sensable,neither
LK1124090,0.0,False,0.0,0.0,False,0.0,False,0.0,not_remotely_sensable,neither
LK1124095,1.2459428332111822,False,45.71976116787916,45.84375,False,32.325252569618044,False,2.97921967769296,not_remotely_sensable,neither
LK1124100,1.492537313432836,False,29.36483847094834,35.56603773584906,False,22.417717532067485,False,2.8893587033121917,not_remotely_sensable,neither
LK1127005,0.0,False,2.682618473361507,2.292682926829268,False,0.08722107941875669,False,0.0,not_remotely_sensable,neither
LK1127010,0.10243652593839174,False,6.629910279962484,12.453900709219857,False,3.8681985898307207,False,0.4687614443712005,not_remotely_sensable,neither
LK1127015,5.2288117081695065,False,33.92038490654008,60.284931506849325,False,26.807022757699126,False,3.2068842305859935,not_remotely_sensable,neither
LK1127020,0.0,False,1.06508563021804,1.7317073170731707,False,0.045003618178227046,False,0.0,not_remotely_sensable,neither
LK1127025,0.0,False,26.362881637614713,33.77551020408163,False,16.169263330273967,False,0.0,not_remotely_sensable,neither
LK1127030,0.08135593220338982,False,14.893736988525403,18.205882352941178,False,7.0595084193738975,False,0.7223660896824315,not_remotely_sensable,neither
LK1127035,2.066625539790253,False,53.53015984885811,63.76470588235294,True,36.6806986602854,False,6.499284919752106,not_remotely_sensable,access_only
LK1127040,0.3206373882627283,False,75.36625850314542,76.01904761904758,True,55.18304673593894,True,1.129548180727709,not_remotely_sensable,access_only
LK1127045,0.0,False,14.642374813539456,23.666666666666668,False,7.305493942541908,False,0.0,not_remotely_sensable,neither
LK1127050,8.488593155893536,False,52.37731050073671,70.69902912621359,True,46.05527065132023,False,7.241469132586611,not_remotely_sensable,access_only
LK1127055,11.650145772594753,False,66.64204043259193,82.125,True,46.786683073592094,False,6.110520722635494,not_remotely_sensable,access_only
LK1127060,2.3633440514469455,False,58.93611600042395,68.34408602150536,True,39.75501879288885,False,3.089187842551071,not_remotely_sensable,access_only
LK1127065,0.0,False,9.74779016299877,9.951923076923077,False,5.237490136212372,False,0.0,not_remotely_sensable,neither
LK1127070,0.0,False,51.97358995880297,49.18548387096776,True,38.10118879273311,False,0.0,not_remotely_sensable,access_only
LK1127075,0.6848939784121418,False,45.80747720540469,49.73888888888889,False,31.131467844436294,False,1.4002333722287048,not_remotely_sensable,neither
LK1127080,0.3593429158110883,False,32.78442924109254,34.77037037037038,False,20.405308606353152,False,0.6663211668023987,not_remotely_sensable,neither
LK1127085,0.0,False,26.700159486139356,25.94,False,16.206327018354102,False,0.0,not_remotely_sensable,neither
LK1127090,0.0,False,0.0,0.0,False,0.0,False,0.0,not_remotely_sensable,neither
LK1127095,0.0,False,0.032821341425512386,0.031746031746031744,False,0.0,False,0.0,not_remotely_sensable,neither
LK1127100,0.0,False,0.0,0.0,False,0.0,False,0.0,not_remotely_sensable,neither
LK1130005,0.0,False,0.0,0.0,False,0.0,False,0.0,not_remotely_sensable,neither
LK1130010,0.0,False,0.0,0.0,False,0.0,False,0.0,not_remotely_sensable,neither
LK1130015,0.0,False,9.659317786550746,10.743589743589745,False,5.027184549501361,False,0.0,not_remotely_sensable,neither
LK1130020,1.614026939154668,False,37.98902893769756,38.207317073170735,False,28.177939762857317,False,2.0771863566623394,not_remotely_sensable,neither
LK1130025,0.9531374106433678,False,3.737753393625629,5.583333333333333,False,0.7557417760012525,False,1.9246190858059342,not_remotely_sensable,neither
LK1130030,0.0,False,0.0,0.0,False,0.0,False,0.0,not_remotely_sensable,neither
LK1130035,0.0,False,0.0,0.0,False,0.0,False,0.0,not_remotely_sensable,neither
LK1130040,0.0,False,0.0,0.0,False,0.0,False,0.0,not_remotely_sensable,neither
LK1130045,0.0,False,0.0,0.0,False,0.0,False,0.0,not_remotely_sensable,neither
LK1130050,0.040265753976243206,False,0.0,0.0,False,0.0,False,0.6847935548841894,not_remotely_sensable,neither
LK1130055,0.0,False,0.010883215734751624,0.01282051282051282,False,0.0,False,0.0,not_remotely_sensable,neither
LK1130060,0.0,False,0.0,0.0,False,0.0,False,0.0,not_remotely_sensable,neither
LK1130065,0.0,False,7.3136181405982335,8.605263157894736,False,2.8642056815006147,False,0.0,not_remotely_sensable,neither
LK1130070,0.0,False,0.0,0.0,False,0.0,False,0.0,not_remotely_sensable,neither
LK1130075,5.709726039542512,False,60.311079797740994,66.19827586206898,True,42.645376787902286,False,5.952045133991537,not_remotely_sensable,access_only
LK1131005,0.049363214532530356,False,50.73435731278909,52.43689320388351,True,34.62173723840878,False,0.29561671763506625,not_remotely_sensable,access_only
LK1131010,0.0,False,2.9797490773435507,3.519230769230769,False,1.1624721949621333,False,0.0,not_remotely_sensable,neither
LK1131015,0.0,False,13.171357651258864,16.0,False,5.945190275211707,False,0.0,not_remotely_sensable,neither
LK1131020,0.0,False,1.5464445653983567,1.2830188679245282,False,0.0,False,0.0,not_remotely_sensable,neither
LK1131025,0.5511601031202774,False,47.44253841274692,47.31531531531532,False,37.461735530842496,False,1.4330047462577582,not_remotely_sensable,neither
LK1131030,28.697090444327493,False,57.90570038607608,67.4263565891473,True,49.2832619272654,False,8.266554196541543,not_remotely_sensable,access_only
LK1131035,12.873778453976241,False,59.67325660122257,72.62573099415205,True,50.365084220655994,True,7.852875548837544,not_remotely_sensable,access_only
LK1131040,0.0,False,0.0,0.0,False,0.0,False,0.0,not_remotely_sensable,neither
LK1131045,0.09940357852882704,False,41.66770828191005,39.285714285714285,False,33.538185679137136,False,0.5621925509486999,not_remotely_sensable,neither
LK1131050,0.0,False,23.927193906505327,21.08571428571429,False,15.522702830629031,False,0.0,not_remotely_sensable,neither
LK1131055,2.445437812253484,False,59.35639711213966,49.846153846153854,True,42.68748704018414,False,4.344284550638067,not_remotely_sensable,access_only
LK1131060,0.7714561234329798,False,46.49713942733231,46.634615384615394,False,35.56670171409137,False,1.997416277452052,not_remotely_sensable,neither
LK1131065,6.420593239144907,False,78.06778562578147,82.40148698884757,True,65.89373880295922,True,6.309627059843885,not_remotely_sensable,access_only
LK1133005,0.0,False,97.17970652303575,95.72413793103448,True,80.7452965879052,True,0.0,not_remotely_sensable,access_only
LK1133010,0.0,False,5.1435726602939535,5.4186046511627906,False,0.3280121717243468,False,0.0,not_remotely_sensable,neither
LK1133015,0.09140767824497258,False,0.0,0.0,False,0.0,False,1.829826166514181,not_remotely_sensable,neither
LK1133020,0.550314465408805,False,0.0,0.0,False,0.0,False,2.2782750203417415,not_remotely_sensable,neither
LK1133025,0.0,False,4.224811639874978,4.878787878787879,False,0.7123482867636827,False,0.0,not_remotely_sensable,neither
LK1133030,6.429161259879675,False,44.13414090514178,51.93023255813954,False,36.884415446411786,False,4.428686111854429,not_remotely_sensable,neither
LK1133035,8.473080317740513,False,42.15437678088144,51.83168316831683,False,32.307226581522,False,6.361718663261907,not_remotely_sensable,neither
LK1133040,0.022920009168003668,False,6.0378843268973705,6.813953488372093,False,1.302434042992502,False,0.6419073819348923,not_remotely_sensable,neither
LK1133045,0.0,False,0.09205407305036363,0.08064516129032258,False,0.0,False,0.0,not_remotely_sensable,neither
LK1133050,0.0,False,56.85595943284803,50.16,True,34.271539726303814,False,0.0,not_remotely_sensable,access_only
LK1133055,0.0,False,100.0,100.0,True,100.0,True,0.0,not_remotely_sensable,access_only
LK1133060,0.8705114254624592,False,0.1973547019219863,0.16923076923076924,False,0.0,False,3.269412134548884,not_remotely_sensable,neither
LK1133065,0.42105263157894735,False,85.47860987445063,79.26666666666667,True,69.43883548958911,True,2.1124361158432707,not_remotely_sensable,access_only
LK1133070,0.0,False,0.0,0.0,False,0.0,False,0.0,not_remotely_sensable,neither
LK1133075,0.34489754514100224,False,51.791573529265655,48.74,True,39.6554254777835,False,0.805951642901426,not_remotely_sensable,access_only
LK1133080,0.0,False,15.863870108830765,17.08196721311476,False,9.365421854621303,False,0.032932652725177015,not_remotely_sensable,neither
LK1133085,0.0,False,94.41660145138253,94.90625000000001,True,59.03766746984435,True,0.1287001287001287,not_remotely_sensable,access_only
LK1133090,18.461068702290078,False,88.93773648796684,91.07272727272726,True,79.0397311102222,True,12.677888293802601,not_remotely_sensable,access_only
LK1133095,8.009554140127388,False,75.97686408691123,77.66101694915254,True,62.54940899945798,True,6.849076333217149,not_remotely_sensable,access_only
LK1133100,2.1962937542896364,False,51.59623770483675,52.07142857142857,True,34.29426589195151,False,2.5964912280701755,not_remotely_sensable,access_only
LK1133105,0.0,False,2.773383848112218,2.9,False,0.5100476042505229,False,0.41639974375400385,not_remotely_sensable,neither
LK1133110,0.16105941302791696,False,2.073800937538653,1.8214285714285714,False,0.18590727600401336,False,0.914470145239376,not_remotely_sensable,neither
LK1133115,0.5041470157749227,False,0.0,0.0,False,0.0,False,1.5691402419091207,not_remotely_sensable,neither
LK1133120,0.435052827843381,False,72.4362948385761,71.52941176470588,True,59.74041059275084,True,3.034389750505732,not_remotely_sensable,access_only
LK1133125,0.10434056761268781,False,57.430498234256056,51.071428571428584,True,44.99750289938222,False,0.7817451933234735,not_remotely_sensable,access_only
LK1133130,0.6818777865198007,False,81.77021126199224,80.08333333333333,True,54.93167762528146,True,1.6107736994982835,not_remotely_sensable,access_only
LK1133135,0.0,False,2.551233549542812,3.4054054054054053,False,0.29245436115228124,False,0.0,not_remotely_sensable,neither
LK1133140,1.8813775510204083,False,63.09380572779268,69.76666666666667,True,43.46234631351784,False,4.029899252518687,not_remotely_sensable,access_only
LK1133145,16.03119584055459,False,88.91469447881046,91.10810810810811,True,70.69365006924438,True,14.293085655314757,not_remotely_sensable,access_only
LK1133150,0.0,False,6.417571460505498,7.225806451612904,False,2.348746058317778,False,0.0,not_remotely_sensable,neither
LK1133155,3.1291006359140003,False,99.335283199167,98.65957446808511,True,89.32701162676886,True,6.168594352401792,not_remotely_sensable,access_only
LK1133160,0.0,False,9.381235382811253,9.906976744186048,False,4.175297585383857,False,0.0,not_remotely_sensable,neither
LK1133165,0.0,False,100.0,100.0,True,100.0,True,0.0,not_remotely_sensable,access_only
LK1133170,0.0,False,94.18728513777141,90.21951219512194,True,85.26458697801198,True,0.0,not_remotely_sensable,access_only
LK1133175,0.858480749219563,False,1.2297798245266731,1.4,False,0.0,False,4.067173970086592,not_remotely_sensable,neither
LK1133180,0.0,False,82.90493532244143,65.03703703703705,True,71.27555912714581,True,0.0,not_remotely_sensable,access_only
LK1133185,0.18933417481855475,False,33.770426605270295,28.548387096774192,False,20.224280849414516,False,1.707239962061334,not_remotely_sensable,neither
LK1133190,0.025497195308516064,False,4.2768368533467775,4.054054054054054,False,0.1745019710429938,False,0.7194244604316546,not_remotely_sensable,neither
LK1133195,1.3537117903930131,False,74.24993791979846,71.30952380952381,True,53.98838862090702,True,4.377931650658923,not_remotely_sensable,access_only
LK1133200,0.3602882305844676,False,0.0,0.0,False,0.0,False,3.756528726396143,not_remotely_sensable,neither
LK1133205,0.8296460176991151,False,77.47925592454298,77.93939393939395,True,59.16168081371528,True,3.514086640411996,not_remotely_sensable,access_only
LK1133210,3.714360449908449,False,96.30793002050241,96.55172413793103,True,93.525923155317,True,9.267241379310345,not_remotely_sensable,access_only
LK1136005,0.0,False,6.167727644808907,6.382352941176471,False,1.5560520247060752,False,0.0,not_remotely_sensable,neither
LK1136010,1.7458100558659218,False,0.0,0.0,False,0.0,False,4.446816079686944,not_remotely_sensable,neither
LK1136015,0.0,False,1.2217292133397173,1.2333333333333334,False,0.0,False,0.0,not_remotely_sensable,neither
LK1136020,13.9047184864372,False,73.73118251581188,80.69767441860466,True,57.103116214670614,True,4.606830818109611,not_remotely_sensable,access_only
LK1136025,19.27286217770358,False,72.57394271806393,78.47169811320755,True,62.838526056338225,True,9.191176470588236,not_remotely_sensable,access_only
LK1136030,33.71696504688832,True,72.80954639716862,79.72972972972973,True,52.634857938475065,True,6.237942122186495,not_remotely_sensable,both_30_and_300
LK1136035,23.54586129753915,False,100.0,100.0,True,97.25814071424105,True,28.10062893081761,not_remotely_sensable,access_only
LK1136040,5.4274084124830395,False,61.349496187984116,62.39705882352941,True,45.491897712573866,False,9.15032679738562,not_remotely_sensable,access_only
LK1136045,3.3550792171481825,False,96.38903790555682,93.93103448275862,True,77.56652871390882,True,8.486017357762778,not_remotely_sensable,access_only
LK1136050,3.278476091745497,False,62.045889930846464,64.48101265822785,True,49.332449219321155,False,7.502679528403001,not_remotely_sensable,access_only
LK1136055,39.52822470684483,True,92.51374489726011,94.875,True,80.67011511675817,True,13.419117647058824,not_remotely_sensable,both_30_and_300
LK1136060,36.6865671641791,True,89.19645448023886,91.2459016393443,True,71.42679847124455,True,9.40302331539841,not_remotely_sensable,both_30_and_300
LK1136065,14.112484120568196,False,63.15368145141265,65.20454545454547,True,50.42202873603825,True,12.404040404040405,not_remotely_sensable,access_only
LK1136070,6.694323967565529,False,41.41440738464436,50.78846153846154,False,31.718535427838574,False,6.729991915925627,not_remotely_sensable,neither
LK1136075,5.286750164798946,False,76.28635325651392,79.01315789473684,True,58.341259516068334,True,7.795100222717149,not_remotely_sensable,access_only
LK1136080,26.06694560669456,False,100.0,100.0,True,100.0,True,20.821448944666287,not_remotely_sensable,access_only
LK1136085,22.83407240717453,False,94.90224337174936,96.18243243243244,True,83.48341845054297,True,12.832429641105087,not_remotely_sensable,access_only
LK1136090,8.740707366523992,False,98.6774700095124,98.70454545454545,True,88.18807134787232,True,10.466551468773142,not_remotely_sensable,access_only
LK1136095,28.205481338658586,False,100.0,100.0,True,93.91384344324396,True,13.689648321080867,not_remotely_sensable,access_only
LK1136100,16.4758755193759,False,72.89936725876446,75.98290598290595,True,54.273415490733946,True,6.259526470887105,not_remotely_sensable,access_only
LK1136105,18.54535448959002,False,99.76481444846661,99.8440366972477,True,94.33717792559048,True,23.38263520379361,not_remotely_sensable,access_only
LK1136110,15.868005738880917,False,98.65211152505394,98.88405797101449,True,86.64388603182523,True,17.0891533022935,not_remotely_sensable,access_only
LK1136115,4.986221150533931,False,74.9235049888692,78.84070796460178,True,58.89962923768493,True,9.308833131237758,not_remotely_sensable,access_only
LK1136120,11.479964902018134,False,100.0,100.0,True,95.16282024861698,True,15.824468085106384,not_remotely_sensable,access_only
LK1136125,3.3555105582875324,False,100.0,100.0,True,94.17555007050612,True,12.421430709368453,not_remotely_sensable,access_only
LK1136130,14.262023217247098,False,99.36642992994689,99.13829787234043,True,88.45730316514182,True,13.354300229829443,not_remotely_sensable,access_only
LK1136135,17.816521378165213,False,89.3295206223303,90.40163934426229,True,74.90016047969945,True,14.046035805626598,not_remotely_sensable,access_only
LK1136140,20.250449702504497,False,92.20098018444092,92.7123287671233,True,80.90824356304113,True,18.633703153664715,not_remotely_sensable,access_only
LK1136145,7.286961758506474,False,75.94784249170735,78.03030303030306,True,55.59162359485379,True,8.898993179603767,not_remotely_sensable,access_only
LK1136150,15.741935483870968,False,99.50652466132408,99.49090909090908,True,97.5384047461029,True,18.782837127845884,not_remotely_sensable,access_only
LK1136155,4.743611157507934,False,87.32676135779413,88.0,True,72.10790669748148,True,8.118534104857092,not_remotely_sensable,access_only
LK1136160,20.01656216727789,False,94.09908555473827,94.1975308641975,True,76.7274148864705,True,12.986244638367106,not_remotely_sensable,access_only
LK1136165,37.920489296636084,True,96.15506049680195,97.2046783625731,True,92.05128079528762,True,28.091923333651188,not_remotely_sensable,both_30_and_300
LK1136170,25.679448994787787,False,89.69603180286036,92.77450980392157,True,81.40980179923774,True,18.385012919896642,not_remotely_sensable,access_only
LK1136175,6.716886377903327,False,78.10285702238562,81.82352941176472,True,69.89480172920196,True,8.01987224982257,not_remotely_sensable,access_only
LK1136180,1.7263633430138754,False,61.64372647318866,59.91935483870969,True,39.64828325794035,False,5.977011494252873,not_remotely_sensable,access_only
LK1136185,11.089712726689134,False,97.78769322864407,98.11811023622047,True,89.06344819435246,True,13.889404342178512,not_remotely_sensable,access_only
LK1136190,2.8148682785997834,False,95.07661254960084,95.7142857142857,True,69.14485957514131,True,5.848496101002599,not_remotely_sensable,access_only
LK1136195,15.730604474059971,False,99.47535975784245,99.65853658536585,True,89.65486937135034,True,16.464275628353573,not_remotely_sensable,access_only
LK1136200,17.865429234338748,False,100.0,100.0,True,99.64945230509704,True,20.523708421797593,not_remotely_sensable,access_only
LK1136205,11.321612609881782,False,99.6281158905551,99.65151515151517,True,91.3098357152563,True,17.18967921896792,not_remotely_sensable,access_only
LK1136210,11.908602150537634,False,100.0,100.0,True,99.80521350549506,True,15.732758620689655,not_remotely_sensable,access_only
LK1136215,0.0,False,99.14021385579395,99.41666666666667,True,73.76318966692796,True,0.0,not_remotely_sensable,access_only
LK1136220,4.096156887553376,False,83.27397544340677,83.55384615384615,True,62.865239028084204,True,5.672823218997362,not_remotely_sensable,access_only
LK1136225,2.838148811045768,False,72.25076061144918,71.97435897435898,True,57.00035261491585,True,4.2368421052631575,not_remotely_sensable,access_only
LK1136230,14.53244510239329,False,89.32399508989702,89.20987654320986,True,74.91833822461872,True,9.718969555035128,not_remotely_sensable,access_only
LK1136235,7.158524426719841,False,94.14176130587953,94.54901960784314,True,86.1884442591211,True,13.187285223367697,not_remotely_sensable,access_only
LK1136240,8.181154127100074,False,89.06951071991415,89.40740740740739,True,63.74903816108757,True,12.937783271528636,not_remotely_sensable,access_only
LK1136245,9.693486590038313,False,85.38621936260438,88.44303797468355,True,69.13108441912608,True,10.465280724084288,not_remotely_sensable,access_only
LK1136250,26.571688892570197,False,97.87178219011686,98.26446280991736,True,91.83142440544202,True,14.61321287408244,not_remotely_sensable,access_only
LK1136255,10.672853828306264,False,93.53520328255371,95.10526315789474,True,76.67079215506291,True,11.109799291617474,not_remotely_sensable,access_only
LK1136260,10.117905127502057,False,91.9825840018545,93.97297297297295,True,80.2285295257064,True,12.906178489702517,not_remotely_sensable,access_only
LK1136265,26.31972111553785,False,100.0,100.0,True,99.20175742878943,True,27.394701086956523,not_remotely_sensable,access_only
LK1136270,26.518665783079303,False,100.0,100.0,True,92.66128671858772,True,22.456406368460954,not_remotely_sensable,access_only
LK1136275,22.465408805031448,False,100.0,100.0,True,99.23689764101262,True,21.624576363835136,not_remotely_sensable,access_only
LK1136280,14.95760821062026,False,98.03073046505502,98.29310344827587,True,90.86099758782079,True,15.540326831839748,not_remotely_sensable,access_only
LK1136285,13.341700658926891,False,90.27021581610975,92.25949367088609,True,74.02040340741765,True,13.579084588644264,not_remotely_sensable,access_only
LK1136290,2.8837129937718626,False,57.04113926961906,60.290598290598304,True,37.6578621777421,False,3.5755073355003075,not_remotely_sensable,access_only
LK1136295,36.80896990046768,True,98.88390042338617,99.20245398773005,True,95.48824284977252,True,29.10958904109589,not_remotely_sensable,both_30_and_300
LK1136300,8.3409996933456,False,100.0,100.0,True,88.8524603466838,True,10.622462787550745,not_remotely_sensable,access_only
LK1136305,16.87096239854232,False,100.0,100.0,True,99.6389848369314,True,16.344323078464775,not_remotely_sensable,access_only
LK1136310,31.77122974883114,True,99.56471820237634,99.76635514018692,True,95.71718639746591,True,17.38114209827357,not_remotely_sensable,both_30_and_300
LK1136315,13.320319762037553,False,99.58087300490885,99.56363636363638,True,93.9407278185117,True,12.954423592493297,not_remotely_sensable,access_only
LK1136320,10.611821638437608,False,93.32994010787208,94.06666666666666,True,72.28652454972692,True,9.667440061871616,not_remotely_sensable,access_only
LK1136325,45.039523185526484,True,97.69317443705782,98.38260869565218,True,94.04079847000189,True,25.137686860739574,not_remotely_sensable,both_30_and_300
LK1136330,31.252955082742318,True,99.936279149574,99.9402985074627,True,93.24351643391003,True,26.805074971164938,not_remotely_sensable,both_30_and_300
LK1136335,62.90497597271741,True,100.0,100.0,True,99.50297870839269,True,27.413288758880068,not_remotely_sensable,both_30_and_300
LK1136340,34.63480309660047,True,100.0,100.0,True,100.0,True,30.855796911803193,not_remotely_sensable,both_30_and_300
LK1136345,31.01827676240209,True,100.0,100.0,True,100.0,True,16.502649507948522,not_remotely_sensable,both_30_and_300
LK1136350,35.97656006483386,True,100.0,100.0,True,98.55466111061261,True,27.75073028237585,not_remotely_sensable,both_30_and_300
LK1136355,34.09846972721224,True,100.0,100.0,True,99.89511531938426,True,36.53944020356234,not_remotely_sensable,both_30_and_300
LK1136360,47.916666666666664,True,100.0,100.0,True,99.92211809496773,True,22.59535655058043,not_remotely_sensable,both_30_and_300
LK1136365,54.24960967993755,True,100.0,100.0,True,100.0,True,31.857207410754633,not_remotely_sensable,both_30_and_300
