zone_id,wetland_within_pct,adjacent_within_250m,adjacent_within_500m,adjacent_within_1000m,adjacent_queen,wetland_status,wetland_policy_flag,adjacency_disagreement,dw_flooded_vegetation_pct,worldcover_wetland_pct,gsw_seasonal_pct,wdpa_pct,wetland_sources
LK1103005,2.9702970297029703,False,False,False,False,within,True,False,0.0,0.066006600660066,2.9702970297029703,0.0,gsw_seasonal
LK1103010,2.4570982839313573,False,False,False,False,within,True,False,0.0,0.4387675507020281,2.1792121684867394,0.0,gsw_seasonal
LK1103015,0.48994326972666324,True,True,True,True,adjacent,True,False,0.0,0.5028365136668386,0.0,0.0,
LK1103020,1.8439716312056738,False,False,False,False,within,True,False,0.0,0.0,1.8439716312056738,0.0,gsw_seasonal
LK1103025,0.8699090549624358,True,True,True,True,adjacent,True,False,0.0,0.0,0.8699090549624358,0.0,
LK1103030,0.1584534938995405,True,True,True,True,adjacent,True,False,0.0,0.0,0.22183489145935667,0.0,
LK1103035,1.9594421151707024,False,False,False,False,within,True,False,0.0,0.0,2.1134593993325916,0.0,gsw_seasonal
LK1103040,0.0,True,True,True,True,adjacent,True,False,0.0,0.0,0.0,0.0,
LK1103045,0.0,True,True,True,True,adjacent,True,False,0.0,0.0,0.0,0.0,
LK1103050,0.0,True,True,True,True,adjacent,True,False,0.0,0.0,0.0,0.0,
LK1103055,0.0,True,True,True,True,adjacent,True,False,0.0,0.0,0.0,0.0,
LK1103060,0.0,True,True,True,False,adjacent,True,True,0.0,0.0,0.0,0.0,
LK1103065,0.0,False,True,True,False,adjacent,True,True,0.0,0.0,0.0,0.0,
LK1103070,0.0,False,False,True,False,neither,False,False,0.0,0.0,0.0,0.0,
LK1103075,0.8876881512929371,False,False,True,False,neither,False,False,0.8876881512929371,0.0,0.0,0.0,
LK1103080,0.0,False,False,True,False,neither,False,False,0.0,0.0,0.0,0.0,
LK1103085,0.0,False,False,True,False,neither,False,False,0.0,0.0,0.0,0.0,
LK1103090,0.0,False,False,True,False,neither,False,False,0.0,0.0,0.0,0.0,
LK1103095,0.0,False,False,True,False,neither,False,False,0.0,0.0,0.0,0.0,
LK1103100,0.0,False,True,True,False,adjacent,True,True,0.0,0.0,0.0,0.0,
LK1103105,0.0,True,True,True,False,adjacent,True,True,0.0,0.0,0.0,0.0,
LK1103110,0.0,True,True,True,True,adjacent,True,False,0.0,0.0,0.0,0.0,
LK1103115,1.2563854756316444,False,False,False,False,within,True,False,0.0,0.0,1.4220626812094437,0.0,gsw_seasonal
LK1103120,11.80365296803653,False,False,False,False,within,True,False,0.0,0.867579908675799,12.054794520547945,0.0,gsw_seasonal
LK1103125,11.665575916230367,False,False,False,False,within,True,False,0.0,0.0,11.81282722513089,0.0,gsw_seasonal
LK1103130,0.0,True,True,True,True,adjacent,True,False,0.0,0.0,0.0,0.0,
LK1103135,14.75616591928251,False,False,False,False,within,True,False,1.4714125560538116,0.07006726457399103,13.298766816143498,0.0,dw_flooded_vegetation;gsw_seasonal
LK1103140,10.318236124687738,False,False,False,False,within,True,False,0.054306505919409144,0.20636472249375476,10.253068317584447,0.0,gsw_seasonal
LK1103145,0.0,True,True,True,True,adjacent,True,False,0.0,0.0,0.0,0.0,
LK1103150,0.0,True,True,True,True,adjacent,True,False,0.0,0.0,0.0,0.0,
LK1103155,0.0,True,True,True,True,adjacent,True,False,0.0,0.0,0.0,0.0,
LK1103160,0.0,True,True,True,False,adjacent,True,True,0.0,0.0,0.0,0.0,
LK1103165,0.0,True,True,True,True,adjacent,True,False,0.0,0.0,0.0,0.0,
LK1103170,0.134390538906061,True,True,True,True,adjacent,True,False,0.013439053890606102,0.0,0.12095148501545491,0.0,
LK1103175,21.046265497429694,False,False,False,False,within,True,False,0.06047777441790142,2.4795887511339583,19.62503779860901,0.0,worldcover_wetland;gsw_seasonal
LK1106005,0.9378185524974516,True,True,True,True,adjacent,True,False,0.0,0.0,0.9378185524974516,0.0,
LK1106010,5.421994884910486,False,False,False,False,within,True,False,0.0,0.0,5.439045183290707,0.0,gsw_seasonal
LK1106015,7.49776852127343,False,False,False,False,within,True,False,0.0,0.0,7.58702767033621,0.0,gsw_seasonal
LK1106020,0.0,True,True,True,True,adjacent,True,False,0.0,0.0,0.0,0.0,
LK1106025,0.0,True,True,True,True,adjacent,True,False,0.0,0.0,0.0,0.0,
LK1106030,0.3297428006155199,True,True,True,False,adjacent,True,True,0.0,0.0,0.3297428006155199,0.0,
LK1106035,0.0,True,True,True,True,adjacent,True,False,0.0,0.0,0.0,0.0,
LK1106040,0.0,True,True,True,True,adjacent,True,False,0.0,0.0,0.0,0.0,
LK1106045,1.7712057198570035,False,False,False,False,within,True,False,0.0,0.0,1.7712057198570035,0.0,gsw_seasonal
LK1106050,2.1156354151572234,False,False,False,False,within,True,False,0.0,0.0,2.1156354151572234,0.0,gsw_seasonal
LK1106055,1.785994046686511,False,False,False,False,within,True,False,0.0,0.0,1.785994046686511,0.0,gsw_seasonal
LK1106060,2.8274293142671434,False,False,False,False,within,True,False,0.0,0.0,2.859928501787455,0.0,gsw_seasonal
LK1106065,3.409575223753374,False,False,False,False,within,True,False,0.0,0.07813609887768148,3.409575223753374,0.0,gsw_seasonal
LK1106070,3.1076822775182005,False,False,False,False,within,True,False,0.0,0.0,3.162012387265022,0.0,gsw_seasonal
LK1106075,0.0,True,True,True,True,adjacent,True,False,0.0,0.0,0.0,0.0,
LK1106080,0.0,True,True,True,True,adjacent,True,False,0.0,0.0,0.0,0.0,
LK1106085,0.0,True,True,True,True,adjacent,True,False,0.0,0.0,0.0,0.0,
LK1106090,0.0,True,True,True,True,adjacent,True,False,0.0,0.0,0.0,0.0,
LK1106095,0.0,True,True,True,True,adjacent,True,False,0.0,0.0,0.0,0.0,
LK1106100,0.0,True,True,True,True,adjacent,True,False,0.0,0.0,0.0,0.0,
LK1106105,0.5489478499542544,False,True,True,False,adjacent,True,True,0.0,0.0,0.5489478499542544,0.0,
LK1106110,0.0,True,True,True,True,adjacent,True,False,0.0,0.0,0.0,0.0,
LK1106115,0.0,True,True,True,False,adjacent,True,True,0.0,0.0,0.0,0.0,
LK1106120,0.970873786407767,True,True,True,True,adjacent,True,False,0.0,0.0,0.970873786407767,0.0,
LK1106125,0.0,True,True,True,True,adjacent,True,False,0.0,0.0,0.0,0.0,
LK1106130,0.0,True,True,True,False,adjacent,True,True,0.0,0.0,0.0,0.0,
LK1106135,0.0,False,True,True,False,adjacent,True,True,0.0,0.0,0.0,0.0,
LK1106140,0.0,True,True,True,True,adjacent,True,False,0.0,0.0,0.0,0.0,
LK1106145,0.0,True,True,True,True,adjacent,True,False,0.0,0.0,0.0,0.0,
LK1106150,0.0,True,True,True,True,adjacent,True,False,0.0,0.0,0.0,0.0,
LK1106155,3.365994236311239,False,False,False,False,within,True,False,0.0,1.8097982708933718,2.351585014409222,0.0,worldcover_wetland;gsw_seasonal
LK1106160,1.7799699764100365,False,False,False,False,within,True,False,0.0,0.06433626420759168,1.7370791336049753,0.0,gsw_seasonal
LK1106165,0.005707762557077625,True,True,True,True,adjacent,True,False,0.0,0.005707762557077625,0.0,0.0,
LK1106170,0.0,True,True,True,True,adjacent,True,False,0.0,0.0,0.0,0.0,
LK1106175,0.0,True,True,True,True,adjacent,True,False,0.0,0.0,0.0,0.0,
LK1106180,0.0,True,True,True,True,adjacent,True,False,0.0,0.0,0.0,0.0,
LK1106185,4.269541778975741,False,False,False,False,within,True,False,0.0,1.0673854447439353,3.6549865229110514,0.0,worldcover_wetland;gsw_seasonal
LK1106190,0.0,True,True,True,True,adjacent,True,False,0.0,0.0,0.0,0.0,
LK1106195,0.0,True,True,True,False,adjacent,True,True,0.0,0.0,0.0,0.0,
LK1106200,0.5715145134606707,True,True,True,True,adjacent,True,False,0.0,0.1654384117912468,0.4662355241389683,0.0,
LK1106205,0.995575221238938,True,True,True,True,adjacent,True,False,0.0,0.38716814159292035,0.6452802359882006,0.0,
LK1106210,0.17979144192736426,True,True,True,True,adjacent,True,False,0.0,0.17979144192736426,0.0,0.0,
LK1106215,1.033930391728557,False,False,False,False,within,True,False,0.0,0.8446191932430465,0.218435998252512,0.0,
LK1106220,3.312120335551056,False,False,False,False,within,True,False,0.0,0.3471217818918137,3.312120335551056,0.0,gsw_seasonal
LK1106225,0.0,True,True,True,True,adjacent,True,False,0.0,0.0,0.0,0.0,
LK1106230,0.0,True,True,True,True,adjacent,True,False,0.0,0.0,0.0,0.0,
LK1109005,1.2948760698010449,False,False,False,False,within,True,False,0.0,0.005557408024897188,1.361564966099811,0.0,gsw_seasonal
LK1109010,1.822423093745444,False,False,False,False,within,True,False,0.0,0.0,1.8370024784954075,0.0,gsw_seasonal
LK1109015,0.6212934199378707,True,True,True,True,adjacent,True,False,0.0,0.0,0.6212934199378707,0.0,
LK1109020,2.7590885961440605,False,False,False,False,within,True,False,0.0,1.5435065302199356,1.5435065302199356,0.0,worldcover_wetland;gsw_seasonal
LK1109025,3.6097603714899025,False,False,False,False,within,True,False,0.0,1.598983659701231,2.6372278442195647,0.0,worldcover_wetland;gsw_seasonal
LK1109030,1.9135574436645733,False,False,False,False,within,True,False,0.0,0.0,1.9209456963428149,0.0,gsw_seasonal
LK1109035,1.092007434944238,False,False,False,False,within,True,False,0.0,0.0,1.2004337050805451,0.0,gsw_seasonal
LK1109040,2.208484000155527,False,False,False,False,within,True,False,0.0,1.3219798592480267,0.9253859014736188,0.0,worldcover_wetland
LK1109045,0.5940701983867451,True,True,True,True,adjacent,True,False,0.0,0.20165685633311534,0.4360148245040331,0.0,
LK1109050,4.770318021201414,False,False,False,False,within,True,False,0.0,3.8311326018225778,1.6923935279895852,0.0,worldcover_wetland;gsw_seasonal
LK1109055,1.4586975524475525,False,False,False,False,within,True,False,0.0,1.2674825174825175,0.2458479020979021,0.0,worldcover_wetland
LK1109060,0.16070403673235126,True,True,True,True,adjacent,True,False,0.0,0.16070403673235126,0.0,0.0,
LK1109065,0.0,False,False,True,False,neither,False,False,0.0,0.0,0.0,0.0,
LK1109070,0.04277363243191863,True,True,True,True,adjacent,True,False,0.0,0.0,0.04277363243191863,0.0,
LK1109075,2.0179841070681723,False,False,False,False,within,True,False,0.0,1.7844695385473304,0.7005437055625261,0.0,worldcover_wetland
LK1109080,1.3780377684425424,False,False,False,False,within,True,False,0.2198578775862746,1.1424757567429626,0.18844960935966393,0.0,worldcover_wetland
LK1109085,3.5827688399661306,False,False,False,False,within,True,False,0.021168501270110076,0.7091447925486876,3.117061812023709,0.0,gsw_seasonal
LK1109090,2.1583966196539714,False,False,False,False,within,True,False,0.13133101124878663,0.3768629018443442,1.758693541940273,0.0,gsw_seasonal
LK1109095,3.118020191190923,False,False,False,False,within,True,False,0.0,1.0274278566961494,2.2246046636290537,0.0,worldcover_wetland;gsw_seasonal
LK1109100,2.554649774131575,False,False,False,False,within,True,False,0.09865517420426813,1.1163611817851393,1.5005971234228153,0.0,worldcover_wetland;gsw_seasonal
LK1109105,0.4758216222197632,True,True,True,True,adjacent,True,False,0.0,0.011065619121389841,0.46475600309837334,0.0,
LK1109110,0.1038753495805034,True,True,True,True,adjacent,True,False,0.0,0.007990411506192568,0.09588493807431082,0.0,
LK1109115,0.1965838102310952,True,True,True,True,adjacent,True,False,0.0,0.0,0.1965838102310952,0.0,
LK1109120,0.043767932694645725,True,True,True,True,adjacent,True,False,0.0,0.0,0.043767932694645725,0.0,
LK1109125,1.4097194072873036,False,False,False,False,within,True,False,0.0,0.4278701076431113,0.9818492996441922,0.0,
LK1109130,0.0,True,True,True,True,adjacent,True,False,0.0,0.0,0.0,0.0,
LK1109135,0.03278330237132554,True,True,True,True,adjacent,True,False,0.0,0.0,0.0,0.03278330237132554,
LK1109140,0.0,True,True,True,True,adjacent,True,False,0.0,0.0,0.0,0.0,
LK1109145,13.940180070196856,False,False,False,False,within,True,False,0.0,0.030520372348542654,0.0,13.924919884022586,wdpa
LK1109150,3.646302975653742,False,False,False,False,within,True,False,0.0,0.10144274120829576,0.25924256086564473,3.3081605049594227,wdpa
LK1109155,0.8185899128597834,True,True,True,True,adjacent,True,False,0.0,0.15183522577237918,0.7855822550831792,0.0,
LK1109160,2.2608352255898905,False,False,False,False,within,True,False,0.009872642906506073,0.36528778754072466,1.9449106525816962,0.0,gsw_seasonal
LK1109165,0.9560550150956055,True,True,True,True,adjacent,True,False,0.0,0.20127474002012746,0.7547802750754781,0.0,
LK1109170,4.641448131817127,False,False,False,False,within,True,False,0.0,0.03481086098862845,4.606637270828498,0.0,gsw_seasonal
LK1109175,2.652005174644243,False,False,False,False,within,True,False,0.0,0.45278137128072443,2.393272962483829,0.0,gsw_seasonal
LK1109180,0.0,True,True,True,True,adjacent,True,False,0.0,0.0,0.0,0.0,
LK1109185,15.321027287319422,False,False,False,False,within,True,False,0.0,0.0,0.0,15.321027287319422,wdpa
LK1109190,4.007776282338867,False,False,False,False,within,True,False,0.0,0.0,0.0,4.007776282338867,wdpa
LK1109195,0.6844907271982683,True,True,True,True,adjacent,True,False,0.0,0.0,0.6844907271982683,0.0,
LK1109200,1.2742812742812744,False,False,False,False,within,True,False,0.1554001554001554,0.09842009842009843,1.0256410256410255,0.0,gsw_seasonal
LK1109205,0.0,True,True,True,True,adjacent,True,False,0.0,0.0,0.0,0.0,
LK1109210,0.0,True,True,True,True,adjacent,True,False,0.0,0.0,0.0,0.0,
LK1109215,0.0,True,True,True,False,adjacent,True,True,0.0,0.0,0.0,0.0,
LK1109220,0.0,False,True,True,False,adjacent,True,True,0.0,0.0,0.0,0.0,
LK1109225,0.0,True,True,True,True,adjacent,True,False,0.0,0.0,0.0,0.0,
LK1109230,7.7084483710657095,False,False,False,False,within,True,False,0.0,0.011043622308117063,0.0,7.7084483710657095,wdpa
LK1109235,13.136281379054337,False,False,False,False,within,True,False,0.0556818709108626,0.92803118184771,1.795740336875319,12.013363649018608,gsw_seasonal;wdpa
LK1109240,0.0,True,True,True,True,adjacent,True,False,0.0,0.0,0.0,0.0,
LK1109245,1.04826381305962,False,False,False,False,within,True,False,0.0,0.0,1.04826381305962,0.0,gsw_seasonal
LK1109250,0.3615702479338843,True,True,True,True,adjacent,True,False,0.0,0.0,0.3615702479338843,0.0,
LK1109255,76.41249797636394,False,False,False,False,within,True,False,0.0,0.016189088554314394,2.7845232313420754,76.13728347094059,gsw_seasonal;wdpa
LK1109260,70.14624306606153,False,False,False,False,within,True,False,0.0,0.22692889561270801,2.244074634392335,70.08320726172467,gsw_seasonal;wdpa
LK1109265,77.17780270255835,False,False,False,False,within,True,False,0.0,0.14420765902900176,3.770763232387972,76.0935747476366,gsw_seasonal;wdpa
LK1109270,0.6020066889632107,True,True,True,True,adjacent,True,False,0.0,0.016722408026755852,0.0,0.5852842809364549,
LK1109275,0.0,True,True,True,True,adjacent,True,False,0.0,0.0,0.0,0.0,
LK1109280,0.0,True,True,True,False,adjacent,True,True,0.0,0.0,0.0,0.0,
LK1109285,0.07501312729727702,True,True,True,True,adjacent,True,False,0.0,0.07501312729727702,0.0,0.0,
LK1112005,0.42482319148422604,True,True,True,True,adjacent,True,False,0.0,0.01931014506746482,0.4055130464167612,0.0,
LK1112010,0.8861203719950869,True,True,True,True,adjacent,True,False,0.0,0.0,0.9387611861730129,0.0,
LK1112015,1.2161269001982815,False,False,False,False,within,True,False,0.01982815598149372,0.0,1.1962987442167878,0.0,gsw_seasonal
LK1112020,0.8699062355164177,True,True,True,True,adjacent,True,False,0.03208670540839246,0.2887803486755321,0.6060822132696353,0.0,
LK1112025,0.12626262626262627,True,True,True,True,adjacent,True,False,0.0,0.0,0.12626262626262627,0.0,
LK1112030,0.8850289495450786,True,True,True,True,adjacent,True,False,0.0,0.0,0.8850289495450786,0.0,
LK1112035,0.15503208302829335,False,False,True,False,neither,False,False,0.0,0.0,0.15503208302829335,0.0,
LK1112040,0.192754194594121,True,True,True,True,adjacent,True,False,0.02190388574933193,0.013142331449599158,0.1577079773951899,0.0,
LK1112045,3.3271420495841073,False,False,False,False,within,True,False,0.024226762496971654,1.0175240248728095,2.3015424372123072,0.0,worldcover_wetland;gsw_seasonal
LK1112050,3.2499625580350457,False,False,False,False,within,True,False,2.8306125505466526,0.014976785981728321,0.40437322150666466,0.0,dw_flooded_vegetation
LK1112055,0.3371628371628372,True,True,True,True,adjacent,True,False,0.0,0.0,0.3371628371628372,0.0,
LK1112060,0.0,True,True,True,True,adjacent,True,False,0.0,0.0,0.0,0.0,
LK1112065,0.9234213226378136,True,True,True,True,adjacent,True,False,0.9234213226378136,0.0,0.0,0.0,
LK1112070,0.0,False,False,False,False,neither,False,False,0.0,0.0,0.0,0.0,
LK1112075,0.0,False,False,False,False,neither,False,False,0.0,0.0,0.0,0.0,
LK1112080,0.8843222301764433,True,True,True,True,adjacent,True,False,0.0,0.02737187855308039,0.8590558807428307,0.0,
LK1112085,0.03176620076238882,False,False,False,False,neither,False,False,0.0,0.0,0.03176620076238882,0.0,
LK1112090,0.0,False,False,False,False,neither,False,False,0.0,0.0,0.0,0.0,
LK1112095,0.0,False,False,False,False,neither,False,False,0.0,0.0,0.0,0.0,
LK1112100,0.0,False,False,True,False,neither,False,False,0.0,0.0,0.0,0.0,
LK1112105,0.01483386075949367,False,False,True,False,neither,False,False,0.0,0.01483386075949367,0.0,0.0,
LK1112110,0.0,False,False,True,False,neither,False,False,0.0,0.0,0.0,0.0,
LK1112115,0.0,False,False,False,False,neither,False,False,0.0,0.0,0.0,0.0,
LK1112120,0.0,False,False,False,False,neither,False,False,0.0,0.0,0.0,0.0,
LK1112125,0.5351170568561873,False,True,True,False,adjacent,True,True,0.0,0.0,0.5351170568561873,0.0,
LK1112130,0.0,False,False,False,False,neither,False,False,0.0,0.0,0.0,0.0,
LK1112135,0.0,False,False,False,False,neither,False,False,0.0,0.0,0.0,0.0,
LK1112140,0.0,False,False,False,False,neither,False,False,0.0,0.0,0.0,0.0,
LK1112145,0.0,False,False,False,False,neither,False,False,0.0,0.0,0.0,0.0,
LK1112150,0.0612619971411068,False,False,False,False,neither,False,False,0.0612619971411068,0.0,0.0,0.0,
LK1112155,0.01704593880507969,False,False,False,False,neither,False,False,0.01704593880507969,0.0,0.0,0.0,
LK1112160,0.0,False,False,False,False,neither,False,False,0.0,0.0,0.0,0.0,
LK1112165,0.13116044201068958,False,False,True,False,neither,False,False,0.13116044201068958,0.0,0.0,0.0,
LK1112170,0.12604663725578463,False,False,False,False,neither,False,False,0.12604663725578463,0.0,0.0,0.0,
LK1112175,0.0,False,False,False,False,neither,False,False,0.0,0.0,0.0,0.0,
LK1112180,0.05063291139240506,False,False,False,False,neither,False,False,0.05063291139240506,0.0,0.0,0.0,
LK1112185,0.11850681414181316,False,False,False,False,neither,False,False,0.0,0.0,0.11850681414181316,0.0,
LK1112190,0.0,False,False,False,False,neither,False,False,0.0,0.0,0.0,0.0,
LK1112195,0.0,False,False,False,False,neither,False,False,0.0,0.0,0.0,0.0,
LK1112200,0.0,False,False,False,False,neither,False,False,0.0,0.0,0.0,0.0,
LK1112205,0.0,False,False,False,False,neither,False,False,0.0,0.0,0.0,0.0,
LK1112210,0.0,False,False,False,False,neither,False,False,0.0,0.0,0.0,0.0,
LK1112215,0.0,False,False,False,False,neither,False,False,0.0,0.0,0.0,0.0,
LK1112220,0.0,False,False,False,False,neither,False,False,0.0,0.0,0.0,0.0,
LK1112225,0.0,False,False,False,False,neither,False,False,0.0,0.0,0.0,0.0,
LK1112230,0.0,False,False,False,False,neither,False,False,0.0,0.0,0.0,0.0,
LK1112235,0.0,False,False,False,False,neither,False,False,0.0,0.0,0.0,0.0,
LK1112240,0.7288228822882288,False,False,False,False,neither,False,False,0.0,0.5088008800880088,0.3712871287128713,0.0,
LK1112245,0.2521613832853026,False,False,False,False,neither,False,False,0.2521613832853026,0.0,0.0,0.0,
LK1112250,0.14268110772423634,False,False,False,False,neither,False,False,0.0,0.025942019586224788,0.11673908813801154,0.0,
LK1112255,0.0,False,False,False,False,neither,False,False,0.0,0.0,0.0,0.0,
LK1112260,0.0,False,False,False,False,neither,False,False,0.0,0.0,0.0,0.0,
LK1112265,0.36860182625450283,False,False,False,False,neither,False,False,0.0,0.0,0.36860182625450283,0.0,
LK1112270,0.06647953907519574,False,False,False,False,neither,False,False,0.0,0.0,0.06647953907519574,0.0,
LK1112275,0.230385255343658,False,False,False,False,neither,False,False,0.0,0.0,0.230385255343658,0.0,
LK1112280,0.0,False,False,False,False,neither,False,False,0.0,0.0,0.0,0.0,
LK1112285,0.0,False,False,False,False,neither,False,False,0.0,0.0,0.0,0.0,
LK1112290,0.003998400639744102,False,False,False,False,neither,False,False,0.003998400639744102,0.0,0.0,0.0,
LK1112295,0.0,False,False,False,False,neither,False,False,0.0,0.0,0.0,0.0,
LK1112300,0.0,False,False,False,False,neither,False,False,0.0,0.0,0.0,0.0,
LK1112305,0.05829204313611192,False,False,False,False,neither,False,False,0.0,0.05829204313611192,0.0,0.0,
LK1112310,0.0,False,False,False,False,neither,False,False,0.0,0.0,0.0,0.0,
LK1112315,0.992051634494711,False,False,False,False,neither,False,False,0.0,0.8366700531883106,0.2689296599533855,0.0,
LK1112320,0.0,False,False,False,False,neither,False,False,0.0,0.0,0.0,0.0,
LK1112325,0.17611835153222966,False,False,False,False,neither,False,False,0.0,0.17611835153222966,0.0,0.0,
LK1112330,0.009052231375033946,False,False,False,False,neither,False,False,0.009052231375033946,0.0,0.0,0.0,
LK1112335,0.0,False,False,False,False,neither,False,False,0.0,0.0,0.0,0.0,
LK1112340,0.011931750387781888,False,False,False,False,neither,False,False,0.0,0.011931750387781888,0.0,0.0,
LK1112345,0.0,False,False,False,False,neither,False,False,0.0,0.0,0.0,0.0,
LK1112350,0.29892737823105325,False,False,False,False,neither,False,False,0.0,0.0,0.29892737823105325,0.0,
LK1112355,0.0,False,False,False,False,neither,False,False,0.0,0.0,0.0,0.0,
LK1112360,0.0,False,False,False,False,neither,False,False,0.0,0.0,0.0,0.0,
LK1112365,0.0,False,False,False,False,neither,False,False,0.0,0.0,0.0,0.0,
LK1112370,0.0,False,False,False,False,neither,False,False,0.0,0.0,0.0,0.0,
LK1112375,0.024198427102238355,False,False,False,False,neither,False,False,0.024198427102238355,0.0,0.0,0.0,
LK1112380,0.01836715951878042,False,True,True,False,adjacent,True,True,0.0,0.01836715951878042,0.0,0.0,
LK1112385,0.0,False,False,True,False,neither,False,False,0.0,0.0,0.0,0.0,
LK1112390,0.26052267361393794,True,True,True,True,adjacent,True,False,0.0,0.22795733941219573,0.03256533420174224,0.0,
LK1112395,2.460850111856823,False,False,False,False,within,True,False,0.0,2.4161073825503356,0.0447427293064877,0.0,worldcover_wetland
LK1112400,0.2086197904319378,True,True,True,True,adjacent,True,False,0.0,0.2086197904319378,0.0,0.0,
LK1112405,0.6004220788871385,False,False,True,False,neither,False,False,0.34479683738073297,0.041613411408019496,0.214011830098386,0.0,
LK1115005,2.7177100848551206,False,False,False,False,within,True,False,0.0,0.003910374222813123,2.7137997106323075,0.0,gsw_seasonal
LK1115010,1.8206187869987713,False,False,False,False,within,True,False,0.0,0.0,1.8206187869987713,0.0,gsw_seasonal
LK1115015,0.6814334698129313,True,True,True,True,adjacent,True,False,0.0,0.0,0.6814334698129313,0.0,
LK1115020,0.060926076360682375,False,False,False,False,neither,False,False,0.0,0.0,0.060926076360682375,0.0,
LK1115025,0.8867041418726627,False,False,True,False,neither,False,False,0.0,0.0,1.0348801655808264,0.0,gsw_seasonal
LK1115030,0.14891380518570427,True,True,True,True,adjacent,True,False,0.0,0.0,0.15621350151833685,0.0,
LK1115035,1.4348992451182232,False,False,False,False,within,True,False,0.0,0.0,1.4348992451182232,0.0,gsw_seasonal
LK1115040,0.2519584039580375,True,True,True,True,adjacent,True,False,0.0,0.0,0.2931879609693527,0.0,
LK1115045,0.0,True,True,True,True,adjacent,True,False,0.0,0.0,0.0,0.0,
LK1115050,0.0,False,False,True,False,neither,False,False,0.0,0.0,0.0,0.0,
LK1115055,0.0,True,True,True,True,adjacent,True,False,0.0,0.0,0.0,0.0,
LK1115060,0.0,True,True,True,True,adjacent,True,False,0.0,0.0,0.0,0.0,
LK1115065,0.0,False,False,False,False,neither,False,False,0.0,0.0,0.0,0.0,
LK1115070,0.0,False,True,True,False,adjacent,True,True,0.0,0.0,0.0,0.0,
LK1115075,0.07154213036565978,True,True,True,True,adjacent,True,False,0.0,0.0,0.07154213036565978,0.0,
LK1115080,0.0,True,True,True,True,adjacent,True,False,0.0,0.0,0.0,0.0,
LK1115085,0.44229440221147204,True,True,True,True,adjacent,True,False,0.0,0.0,0.4561161022805805,0.0,
LK1115090,2.674853553532359,False,False,False,False,within,True,False,0.0,0.021172983273343216,2.7313148422612747,0.0,gsw_seasonal
LK1115095,0.04210437674996316,True,True,True,True,adjacent,True,False,0.0,0.004210437674996316,0.03789393907496684,0.0,
LK1115100,0.0,False,False,True,False,neither,False,False,0.0,0.0,0.0,0.0,
LK1115105,0.0,False,False,True,False,neither,False,False,0.0,0.0,0.0,0.0,
LK1115110,0.0,False,False,True,False,neither,False,False,0.0,0.0,0.0,0.0,
LK1115115,0.0,False,False,False,False,neither,False,False,0.0,0.0,0.0,0.0,
LK1115120,0.0,False,False,False,False,neither,False,False,0.0,0.0,0.0,0.0,
LK1115125,0.0,False,False,False,False,neither,False,False,0.0,0.0,0.0,0.0,
LK1115130,0.0,False,False,True,False,neither,False,False,0.0,0.0,0.0,0.0,
LK1115135,0.0,False,False,False,False,neither,False,False,0.0,0.0,0.0,0.0,
LK1115140,0.012594458438287154,False,False,False,False,neither,False,False,0.0,0.0,0.012594458438287154,0.0,
LK1115145,0.0,False,False,False,False,neither,False,False,0.0,0.0,0.0,0.0,
LK1115150,0.0,False,False,False,False,neither,False,False,0.0,0.0,0.0,0.0,
LK1115155,0.0,False,False,False,False,neither,False,False,0.0,0.0,0.0,0.0,
LK1115160,0.0,False,False,False,False,neither,False,False,0.0,0.0,0.0,0.0,
LK1115165,0.0,False,False,False,False,neither,False,False,0.0,0.0,0.0,0.0,
LK1115170,0.0,False,False,False,False,neither,False,False,0.0,0.0,0.0,0.0,
LK1115175,0.0,False,False,False,False,neither,False,False,0.0,0.0,0.0,0.0,
LK1115180,0.0,False,False,False,False,neither,False,False,0.0,0.0,0.0,0.0,
LK1115185,0.0,True,True,True,False,adjacent,True,True,0.0,0.0,0.0,0.0,
LK1115190,2.2591055786076533,False,False,False,False,within,True,False,0.0,0.0,2.5011526048870447,0.0,gsw_seasonal
LK1115195,5.201465201465202,False,False,False,False,within,True,False,4.673992673992674,0.4542124542124542,0.7912087912087912,0.0,dw_flooded_vegetation
LK1115200,3.4541062801932365,False,False,False,False,within,True,False,0.0,0.0966183574879227,3.550724637681159,0.0,gsw_seasonal
LK1115205,2.2589416440075296,False,False,False,False,within,True,False,0.0,0.46712682144600154,1.8615352436728718,0.0,gsw_seasonal
LK1115210,0.0,True,True,True,True,adjacent,True,False,0.0,0.0,0.0,0.0,
LK1115215,0.0,False,True,True,False,adjacent,True,True,0.0,0.0,0.0,0.0,
LK1115220,0.0,False,True,True,False,adjacent,True,True,0.0,0.0,0.0,0.0,
LK1115225,0.0,False,False,False,False,neither,False,False,0.0,0.0,0.0,0.0,
LK1115230,0.0,False,False,False,False,neither,False,False,0.0,0.0,0.0,0.0,
LK1115235,0.0,False,False,False,False,neither,False,False,0.0,0.0,0.0,0.0,
LK1115240,0.0,False,False,False,False,neither,False,False,0.0,0.0,0.0,0.0,
LK1115245,0.0,False,False,False,False,neither,False,False,0.0,0.0,0.0,0.0,
LK1115250,0.0,False,False,False,False,neither,False,False,0.0,0.0,0.0,0.0,
LK1115255,0.025786487880350695,False,False,False,False,neither,False,False,0.0,0.025786487880350695,0.0,0.0,
LK1115260,0.0,False,False,False,False,neither,False,False,0.0,0.0,0.0,0.0,
LK1115265,0.03457150539699612,False,False,True,False,neither,False,False,0.0,0.0,0.03457150539699612,0.0,
LK1115270,0.10528778661675246,True,True,True,True,adjacent,True,False,0.0,0.0,0.10528778661675246,0.0,
LK1115275,0.0,True,True,True,True,adjacent,True,False,0.0,0.0,0.0,0.0,
LK1115280,0.4559505409582689,True,True,True,True,adjacent,True,False,0.0,0.2009273570324575,0.401854714064915,0.0,
LK1115285,1.0829394069617533,False,False,False,False,within,True,False,0.0,0.3266007735281478,0.8336914482165879,0.0,
LK1115290,0.05672864796722345,True,True,True,True,adjacent,True,False,0.0,0.0,0.05672864796722345,0.0,
LK1115295,0.0,False,False,False,False,neither,False,False,0.0,0.0,0.0,0.0,
LK1115300,0.0,False,False,False,False,neither,False,False,0.0,0.0,0.0,0.0,
LK1115305,0.038725667372334384,False,False,True,False,neither,False,False,0.0,0.0,0.038725667372334384,0.0,
LK1115310,0.0,False,False,False,False,neither,False,False,0.0,0.0,0.0,0.0,
LK1115315,0.0,False,False,True,False,neither,False,False,0.0,0.0,0.0,0.0,
LK1115320,0.0,False,False,False,False,neither,False,False,0.0,0.0,0.0,0.0,
LK1115325,0.0,True,True,True,False,adjacent,True,True,0.0,0.0,0.0,0.0,
LK1115330,0.11832493054841033,True,True,True,True,adjacent,True,False,0.005144562197756971,0.0,0.11318036835065336,0.0,
LK1115335,0.2978554408260524,False,False,True,False,neither,False,False,0.0,0.0,0.2978554408260524,0.0,
LK1115340,0.0,False,False,True,False,neither,False,False,0.0,0.0,0.0,0.0,
LK1118005,0.0,False,False,False,False,neither,False,False,0.0,0.0,0.0,0.0,
LK1118010,0.0,False,False,False,False,neither,False,False,0.0,0.0,0.0,0.0,
LK1118015,0.0,False,False,False,False,neither,False,False,0.0,0.0,0.0,0.0,
LK1118020,0.0,False,False,True,False,neither,False,False,0.0,0.0,0.0,0.0,
LK1118025,0.0,True,True,True,True,adjacent,True,False,0.0,0.0,0.0,0.0,
LK1118030,0.0,True,True,True,True,adjacent,True,False,0.0,0.0,0.0,0.0,
LK1118035,0.0,False,True,True,False,adjacent,True,True,0.0,0.0,0.0,0.0,
LK1118040,0.0,False,True,True,False,adjacent,True,True,0.0,0.0,0.0,0.0,
LK1118045,0.0,False,False,False,False,neither,False,False,0.0,0.0,0.0,0.0,
LK1118050,0.0,False,False,False,False,neither,False,False,0.0,0.0,0.0,0.0,
LK1118055,0.0,False,False,False,False,neither,False,False,0.0,0.0,0.0,0.0,
LK1118060,0.0,False,False,False,False,neither,False,False,0.0,0.0,0.0,0.0,
LK1118065,0.0,False,False,False,False,neither,False,False,0.0,0.0,0.0,0.0,
LK1118070,0.0,False,False,False,False,neither,False,False,0.0,0.0,0.0,0.0,
LK1118075,0.0,False,False,True,False,neither,False,False,0.0,0.0,0.0,0.0,
LK1118080,0.0,False,False,False,False,neither,False,False,0.0,0.0,0.0,0.0,
LK1118085,0.055782818891781334,False,False,True,False,neither,False,False,0.055782818891781334,0.0,0.0,0.0,
LK1118090,0.02899601304820587,True,True,True,True,adjacent,True,False,0.02899601304820587,0.0,0.0,0.0,
LK1118095,0.0905592030790129,False,False,False,False,neither,False,False,0.0905592030790129,0.0,0.0,0.0,
LK1118100,0.0,True,True,True,True,adjacent,True,False,0.0,0.0,0.0,0.0,
LK1118105,0.0,False,True,True,False,adjacent,True,True,0.0,0.0,0.0,0.0,
LK1118110,0.0,False,True,True,False,adjacent,True,True,0.0,0.0,0.0,0.0,
LK1118115,0.20914794944075657,True,True,True,True,adjacent,True,False,0.20914794944075657,0.0,0.0,0.0,
LK1118120,3.8114090336512505,False,False,False,False,within,True,False,3.8114090336512505,0.0,0.0,0.0,dw_flooded_vegetation
LK1118125,1.2826772003018063,False,False,False,False,within,True,False,1.2826772003018063,0.0,0.0,0.0,dw_flooded_vegetation
LK1118130,2.0750661375661377,False,False,False,False,within,True,False,2.0419973544973544,0.0,0.0744047619047619,0.0,dw_flooded_vegetation
LK1118135,0.0,True,True,True,True,adjacent,True,False,0.0,0.0,0.0,0.0,
LK1118140,0.009239155541183536,True,True,True,True,adjacent,True,False,0.009239155541183536,0.0,0.0,0.0,
LK1118145,0.15670910871694418,True,True,True,True,adjacent,True,False,0.15670910871694418,0.0,0.0,0.0,
LK1118150,0.0,False,False,False,False,neither,False,False,0.0,0.0,0.0,0.0,
LK1118155,0.11637680222409,False,False,False,False,neither,False,False,0.0,0.0,0.11637680222409,0.0,
LK1118160,0.0,False,False,False,False,neither,False,False,0.0,0.0,0.0,0.0,
LK1118165,0.0,False,False,False,False,neither,False,False,0.0,0.0,0.0,0.0,
LK1118170,0.0,False,False,False,False,neither,False,False,0.0,0.0,0.0,0.0,
LK1118175,0.06078743102964556,False,False,False,False,neither,False,False,0.03273169363134761,0.0,0.02805573739829795,0.0,
LK1118180,0.01349983125210935,False,False,True,False,neither,False,False,0.01349983125210935,0.0,0.0,0.0,
LK1118185,1.8115942028985508,False,False,False,False,within,True,False,1.8184304074377906,0.0,0.0,0.0,dw_flooded_vegetation
LK1118190,0.15605188725251146,True,True,True,True,adjacent,True,False,0.15605188725251146,0.0,0.0,0.0,
LK1118195,0.713867251068631,True,True,True,True,adjacent,True,False,0.713867251068631,0.0,0.0,0.0,
LK1118200,0.30569354222392053,False,False,False,False,neither,False,False,0.30569354222392053,0.0,0.0,0.0,
LK1118205,0.4898900148888142,False,False,False,False,neither,False,False,0.4898900148888142,0.0,0.0,0.0,
LK1118210,0.18940268859426249,True,True,True,False,adjacent,True,True,0.258696355153139,0.0,0.0,0.0,
LK1118215,0.0,False,False,True,False,neither,False,False,0.0,0.0,0.0,0.0,
LK1118220,0.0,True,True,True,True,adjacent,True,False,0.0,0.0,0.0,0.0,
LK1118225,1.8180914389392189,False,False,False,False,within,True,False,0.0,0.03976686674371497,1.7783245721955039,0.0,gsw_seasonal
LK1118230,1.3614631112493198,False,False,False,False,within,True,False,0.0,0.0068024566586332895,1.3721526859986006,0.0,gsw_seasonal
LK1121005,0.0,True,True,True,True,adjacent,True,False,0.0,0.0,0.0,0.0,
LK1121010,28.491620111731844,False,False,False,False,within,True,False,0.0,0.0,0.8325117756599847,28.491620111731844,wdpa
LK1121015,48.40140190258207,False,False,False,False,within,True,False,0.0,0.028610256777054574,0.8296974465345827,48.215435233531224,wdpa
LK1121020,12.57447960999768,False,False,False,False,within,True,False,0.34047821713224485,0.45655033660914646,1.122030488276716,10.941731796022596,gsw_seasonal;wdpa
LK1121025,0.08451786400307337,True,True,True,True,adjacent,True,False,0.0,0.0,0.0,0.08451786400307337,
LK1121030,0.0,True,True,True,True,adjacent,True,False,0.0,0.0,0.0,0.0,
LK1121035,0.0,False,True,True,False,adjacent,True,True,0.0,0.0,0.0,0.0,
LK1121040,0.0,True,True,True,True,adjacent,True,False,0.0,0.0,0.0,0.0,
LK1121045,1.674196120116928,False,False,False,False,within,True,False,0.0,0.0,1.674196120116928,0.0,gsw_seasonal
LK1121050,0.0,True,True,True,True,adjacent,True,False,0.0,0.0,0.0,0.0,
LK1121055,0.0,False,False,False,False,neither,False,False,0.0,0.0,0.0,0.0,
LK1121060,0.0,False,False,False,False,neither,False,False,0.0,0.0,0.0,0.0,
LK1121065,0.0,True,True,True,True,adjacent,True,False,0.0,0.0,0.0,0.0,
LK1121070,0.06275100401606426,True,True,True,True,adjacent,True,False,0.0,0.06275100401606426,0.0,0.0,
LK1121075,1.23676567038321,False,False,False,False,within,True,False,0.093694368968425,0.6090133982947625,0.693338330366345,0.0,
LK1121080,1.8505449698110248,False,False,False,False,within,True,False,0.1568258448992394,0.0,1.6780365404218616,0.10977809142946758,gsw_seasonal
LK1121085,0.0,True,True,True,True,adjacent,True,False,0.0,0.0,0.0,0.0,
LK1121090,0.07634753397465262,True,True,True,True,adjacent,True,False,0.0,0.07634753397465262,0.0,0.0,
LK1121095,0.0,True,True,True,True,adjacent,True,False,0.0,0.0,0.0,0.0,
LK1121100,0.021637996321540624,True,True,True,True,adjacent,True,False,0.0,0.021637996321540624,0.0,0.0,
LK1121105,0.10602205258693809,True,True,True,True,adjacent,True,False,0.0,0.10602205258693809,0.0,0.0,
LK1121110,0.0,True,True,True,True,adjacent,True,False,0.0,0.0,0.0,0.0,
LK1121115,0.0,True,True,True,True,adjacent,True,False,0.0,0.0,0.0,0.0,
LK1121120,0.0,False,False,True,False,neither,False,False,0.0,0.0,0.0,0.0,
LK1121125,0.0,False,False,False,False,neither,False,False,0.0,0.0,0.0,0.0,
LK1121130,0.0,False,False,False,False,neither,False,False,0.0,0.0,0.0,0.0,
LK1121135,0.0,False,False,True,False,neither,False,False,0.0,0.0,0.0,0.0,
LK1121140,0.0,False,True,True,False,adjacent,True,True,0.0,0.0,0.0,0.0,
LK1121145,0.0,False,False,False,False,neither,False,False,0.0,0.0,0.0,0.0,
LK1121150,0.0,False,False,False,False,neither,False,False,0.0,0.0,0.0,0.0,
LK1121155,0.0,False,False,False,False,neither,False,False,0.0,0.0,0.0,0.0,
LK1121160,0.0,False,False,False,False,neither,False,False,0.0,0.0,0.0,0.0,
LK1121165,0.0,True,True,True,True,adjacent,True,False,0.0,0.0,0.0,0.0,
LK1121170,0.04072075740608775,True,True,True,False,adjacent,True,True,0.0,0.04072075740608775,0.0,0.0,
LK1121175,0.0,True,True,True,False,adjacent,True,True,0.0,0.0,0.0,0.0,
LK1121180,0.0,True,True,True,True,adjacent,True,False,0.0,0.0,0.0,0.0,
LK1121185,4.2725961903316385,False,False,False,False,within,True,False,0.7437201183881005,1.8593002959702511,3.688244668740988,0.0,worldcover_wetland;gsw_seasonal
LK1121190,0.0,True,True,True,True,adjacent,True,False,0.0,0.0,0.0,0.0,
LK1121195,0.0,True,True,True,True,adjacent,True,False,0.0,0.0,0.0,0.0,
LK1121200,1.907992368030528,False,False,False,False,within,True,False,0.0,0.0,1.907992368030528,0.0,gsw_seasonal
LK1121205,4.616030214015947,False,False,False,False,within,True,False,0.0,0.06993985172751434,4.616030214015947,0.0,gsw_seasonal
LK1124005,2.885973763874874,False,False,False,False,within,True,False,1.0696266397578205,0.060544904137235116,1.7558022199798184,0.0,dw_flooded_vegetation;gsw_seasonal
LK1124010,2.071563088512241,False,False,False,False,within,True,False,0.12106537530266344,0.9416195856873822,1.089588377723971,0.0,gsw_seasonal
LK1124015,3.5751254080738915,False,False,False,False,within,True,False,0.01592483477983916,1.2023250258778566,2.3409507126363565,0.13536109562863285,worldcover_wetland;gsw_seasonal
LK1124020,11.158342189160468,False,False,False,False,within,True,False,0.0,0.0,0.0,11.158342189160468,wdpa
LK1124025,0.07896814951302975,True,True,True,True,adjacent,True,False,0.0,0.07896814951302975,0.0,0.0,
LK1124030,3.1229478292593944,False,False,False,False,within,True,False,0.10215249908792412,2.0941262313024445,1.3790587376869756,0.0,worldcover_wetland;gsw_seasonal
LK1124035,21.134694698722463,False,False,False,False,within,True,False,0.0,0.5130268584649431,0.0905341514938135,20.581430439593603,wdpa
LK1124040,95.11068641503424,False,False,False,False,within,True,False,0.0,0.06370441153049848,0.1433349259436216,95.11068641503424,wdpa
LK1124045,97.2912495583559,False,False,False,False,within,True,False,0.0,0.7301849016605818,2.061005770816158,96.93793428335886,gsw_seasonal;wdpa
LK1124050,100.0,False,False,False,False,within,True,False,0.0,0.603749602796314,3.408007626310772,100.0,gsw_seasonal;wdpa
LK1124055,58.331911990448575,False,False,False,False,within,True,False,0.0,0.0,0.0,58.331911990448575,wdpa
LK1124060,92.35068493150685,False,False,False,False,within,True,False,0.0,0.6684931506849315,0.4602739726027397,92.35068493150685,wdpa
LK1124065,16.229229607250755,False,False,False,False,within,True,False,0.0,1.5200151057401812,0.00944108761329305,15.87046827794562,worldcover_wetland;wdpa
LK1124070,0.2801120448179272,True,True,True,True,adjacent,True,False,0.0,0.03232062055591468,0.2477914242620125,0.0,
LK1124075,19.227923038973852,False,False,False,False,within,True,False,0.0,0.1110014800197336,0.9990133201776024,18.53724716329551,wdpa
LK1124080,0.0,True,True,True,True,adjacent,True,False,0.0,0.0,0.0,0.0,
LK1124085,0.0,True,True,True,True,adjacent,True,False,0.0,0.0,0.0,0.0,
LK1124090,0.0,True,True,True,True,adjacent,True,False,0.0,0.0,0.0,0.0,
LK1124095,0.0,True,True,True,True,adjacent,True,False,0.0,0.0,0.0,0.0,
LK1124100,0.0,True,True,True,False,adjacent,True,True,0.0,0.0,0.0,0.0,
LK1127005,1.1333914559721012,False,False,False,False,within,True,False,0.0,0.0,1.1583011583011582,0.0,gsw_seasonal
LK1127010,0.19023926245701325,True,True,True,True,adjacent,True,False,0.0,0.0,0.21218994658666862,0.0,
LK1127015,0.0,True,True,True,True,adjacent,True,False,0.0,0.0,0.0,0.0,
LK1127020,0.0,True,True,True,False,adjacent,True,True,0.0,0.0,0.0,0.0,
LK1127025,0.0,False,False,True,False,neither,False,False,0.0,0.0,0.0,0.0,
LK1127030,0.0,True,True,True,True,adjacent,True,False,0.0,0.0,0.0,0.0,
LK1127035,0.15422578655151142,True,True,True,True,adjacent,True,False,0.0,0.12338062924120913,0.030845157310302282,0.0,
LK1127040,0.18460940536338905,True,True,True,True,adjacent,True,False,0.0,0.0,0.18460940536338905,0.0,
LK1127045,0.19838242026552724,True,True,True,True,adjacent,True,False,0.0,0.0,0.19838242026552724,0.0,
LK1127050,0.06653992395437262,True,True,True,True,adjacent,True,False,0.0,0.0,0.06653992395437262,0.0,
LK1127055,0.0,True,True,True,True,adjacent,True,False,0.0,0.0,0.0,0.0,
LK1127060,0.0,False,False,True,False,neither,False,False,0.0,0.0,0.0,0.0,
LK1127065,0.11685655857434998,False,False,False,False,neither,False,False,0.0,0.0,0.14607069821793747,0.0,
LK1127070,0.05148005148005148,False,False,False,False,neither,False,False,0.0,0.0,0.05148005148005148,0.0,
LK1127075,0.032874910963782804,True,True,True,True,adjacent,True,False,0.0,0.0,0.032874910963782804,0.0,
LK1127080,0.0,True,True,True,False,adjacent,True,True,0.0,0.0,0.0,0.0,
LK1127085,0.301737592342108,False,False,False,False,neither,False,False,0.0,0.14566642388929352,0.1560711684528145,0.0,
LK1127090,0.09499683343888538,False,False,False,False,neither,False,False,0.0,0.0,0.26915769474350854,0.0,
LK1127095,0.0,False,False,False,False,neither,False,False,0.0,0.0,0.0,0.0,
LK1127100,0.0,False,False,True,False,neither,False,False,0.0,0.0,0.0,0.0,
LK1130005,0.0,False,False,False,False,neither,False,False,0.0,0.0,0.0,0.0,
LK1130010,0.0,False,False,False,False,neither,False,False,0.0,0.0,0.0,0.0,
LK1130015,0.0,False,True,True,False,adjacent,True,True,0.0,0.0,0.0,0.0,
LK1130020,0.0,True,True,True,True,adjacent,True,False,0.0,0.0,0.0,0.0,
LK1130025,0.0,False,False,True,False,neither,False,False,0.0,0.0,0.0,0.0,
LK1130030,0.0,False,False,False,False,neither,False,False,0.0,0.0,0.0,0.0,
LK1130035,0.0,False,False,False,False,neither,False,False,0.0,0.0,0.0,0.0,
LK1130040,0.0,False,True,True,False,adjacent,True,True,0.0,0.0,0.0,0.0,
LK1130045,0.0,False,True,True,False,adjacent,True,True,0.0,0.0,0.0,0.0,
LK1130050,0.0,True,True,True,False,adjacent,True,True,0.0,0.0,0.0,0.0,
LK1130055,0.0,True,True,True,True,adjacent,True,False,0.0,0.0,0.0,0.0,
LK1130060,0.0,True,True,True,False,adjacent,True,True,0.0,0.0,0.0,0.0,
LK1130065,0.0,True,True,True,True,adjacent,True,False,0.0,0.0,0.0,0.0,
LK1130070,0.0,True,True,True,True,adjacent,True,False,0.0,0.0,0.0,0.0,
LK1130075,21.721783846085646,False,False,False,False,within,True,False,0.0,0.044330171114460505,1.1614504831988652,20.569199397109674,gsw_seasonal;wdpa
LK1131005,1.6684766511995262,False,False,False,False,within,True,False,0.0,0.0,1.6783492941060323,0.0,gsw_seasonal
LK1131010,0.0,True,True,True,True,adjacent,True,False,0.0,0.0,0.0,0.0,
LK1131015,0.0,True,True,True,True,adjacent,True,False,0.0,0.0,0.0,0.0,
LK1131020,0.0,True,True,True,True,adjacent,True,False,0.0,0.0,0.0,0.0,
LK1131025,0.5689394612854476,True,True,True,True,adjacent,True,False,0.0,0.0,0.5689394612854476,0.0,
LK1131030,85.12893767385911,False,False,False,False,within,True,False,0.0,0.030072926847605444,0.0,85.1139012104353,wdpa
LK1131035,31.99719117561004,False,False,False,False,within,True,False,0.4154719410146878,0.690502662531453,0.10533091462344198,31.94452571829832,wdpa
LK1131040,0.0,True,True,True,True,adjacent,True,False,0.0,0.0,0.0,0.0,
LK1131045,0.03313452617627568,True,True,True,True,adjacent,True,False,0.0,0.0,0.03313452617627568,0.0,
LK1131050,0.10505778177997899,True,True,True,True,adjacent,True,False,0.0,0.0,0.10505778177997899,0.0,
LK1131055,0.28924533263213253,False,False,True,False,neither,False,False,0.0,0.0,0.28924533263213253,0.0,
LK1131060,0.0,True,True,True,True,adjacent,True,False,0.0,0.0,0.0,0.0,
LK1131065,32.23981063688143,False,False,False,False,within,True,False,0.5695687550854354,0.3920408314224425,0.795177158073822,31.77379983726607,wdpa
LK1133005,0.10238907849829351,True,True,True,True,adjacent,True,False,0.0,0.0,0.10238907849829351,0.0,
LK1133010,0.0,True,True,True,True,adjacent,True,False,0.0,0.0,0.0,0.0,
LK1133015,0.0,True,True,True,False,adjacent,True,True,0.0,0.0,0.0,0.0,
LK1133020,0.0,True,True,True,True,adjacent,True,False,0.0,0.0,0.0,0.0,
LK1133025,0.0,True,True,True,True,adjacent,True,False,0.0,0.0,0.0,0.0,
LK1133030,12.563406865636429,False,False,False,False,within,True,False,5.261295269552908,2.9491565412292085,4.447328064173647,12.563406865636429,dw_flooded_vegetation;worldcover_wetland;gsw_seasonal;wdpa
LK1133035,18.593704030597234,False,False,False,False,within,True,False,1.4906345003432382,2.1771109149749925,3.393154849465529,18.593704030597234,dw_flooded_vegetation;worldcover_wetland;gsw_seasonal;wdpa
LK1133040,0.0,True,True,True,True,adjacent,True,False,0.0,0.0,0.0,0.0,
LK1133045,0.0,True,True,True,True,adjacent,True,False,0.0,0.0,0.0,0.0,
LK1133050,2.8204064703442553,False,False,False,False,within,True,False,0.0,0.0,2.8204064703442553,0.0,gsw_seasonal
LK1133055,0.0,True,True,True,True,adjacent,True,False,0.0,0.0,0.0,0.0,
LK1133060,4.15047411782994,False,False,False,False,within,True,False,0.0,0.7616974972796517,3.6374941706824186,0.0,gsw_seasonal
LK1133065,4.030075187969925,False,False,False,False,within,True,False,0.45112781954887216,0.09022556390977443,3.488721804511278,0.0,gsw_seasonal
LK1133070,0.0,True,True,True,True,adjacent,True,False,0.0,0.0,0.0,0.0,
LK1133075,0.0,True,True,True,True,adjacent,True,False,0.0,0.0,0.0,0.0,
LK1133080,0.6915857072287173,True,True,True,True,adjacent,True,False,0.0,0.06586530545035403,0.6421867281409518,0.0,
LK1133085,1.3513513513513513,False,False,False,False,within,True,False,0.0,0.0,1.3513513513513513,0.0,gsw_seasonal
LK1133090,13.459541984732825,False,False,False,False,within,True,False,1.6854961832061068,3.3465648854961834,4.360305343511451,13.386259541984733,dw_flooded_vegetation;worldcover_wetland;gsw_seasonal;wdpa
LK1133095,18.93312101910828,False,False,False,False,within,True,False,0.07961783439490445,4.856687898089172,4.3789808917197455,18.93312101910828,worldcover_wetland;gsw_seasonal;wdpa
LK1133100,0.0,True,True,True,True,adjacent,True,False,0.0,0.0,0.0,0.0,
LK1133105,8.360025624599615,False,False,False,False,within,True,False,0.0,0.0,0.0,8.360025624599615,wdpa
LK1133110,2.0758768790264854,False,False,False,False,within,True,False,0.0,0.08947745168217609,1.9863994273443093,0.0,gsw_seasonal
LK1133115,41.90925353716052,False,False,False,False,within,True,False,0.0,0.3089933322491462,2.9760936737680925,42.02309318588388,gsw_seasonal;wdpa
LK1133120,0.0,True,True,True,True,adjacent,True,False,0.0,0.0,0.0,0.0,
LK1133125,24.37395659432387,False,False,False,False,within,True,False,0.0,0.020868113522537562,3.1302170283806343,25.02086811352254,gsw_seasonal;wdpa
LK1133130,26.619459742984528,False,False,False,False,within,True,False,0.0,0.0,1.966955153422502,27.196433254655126,gsw_seasonal;wdpa
LK1133135,0.0,True,True,True,True,adjacent,True,False,0.0,0.0,0.0,0.0,
LK1133140,30.676020408163264,False,False,False,False,within,True,False,0.0,0.3826530612244898,2.997448979591837,30.676020408163264,gsw_seasonal;wdpa
LK1133145,43.86915077989602,False,False,False,False,within,True,False,0.0,5.935875216637782,9.488734835355286,43.86915077989602,worldcover_wetland;gsw_seasonal;wdpa
LK1133150,0.0,True,True,True,True,adjacent,True,False,0.0,0.0,0.0,0.0,
LK1133155,77.84394872312507,False,False,False,False,within,True,False,0.0,2.0995255879681034,4.077924699707277,78.5404259614414,worldcover_wetland;gsw_seasonal;wdpa
LK1133160,15.512216991705895,False,False,False,False,within,True,False,0.0,0.0,1.5243219009190765,16.072629455279085,gsw_seasonal;wdpa
LK1133165,0.13210039630118892,True,True,True,True,adjacent,True,False,0.0,0.0,0.13210039630118892,0.0,
LK1133170,0.3110419906687403,True,True,True,True,adjacent,True,False,0.0,0.0,0.41472265422498705,0.0,
LK1133175,40.97294484911551,False,False,False,False,within,True,False,0.0,0.026014568158168574,1.8470343392299688,40.97294484911551,gsw_seasonal;wdpa
LK1133180,23.572744014732965,False,False,False,False,within,True,False,0.0,0.0,2.5046040515653774,23.462246777163905,gsw_seasonal;wdpa
LK1133185,20.952982013253393,False,False,False,False,within,True,False,0.0,0.0,2.398232881035027,21.80498579993689,gsw_seasonal;wdpa
LK1133190,22.5395206527282,False,False,False,False,within,True,False,0.0,0.0,2.6517083120856704,23.30443651198368,gsw_seasonal;wdpa
LK1133195,26.2882096069869,False,False,False,False,within,True,False,0.0,0.0,1.5938864628820961,26.2882096069869,gsw_seasonal;wdpa
LK1133200,24.539631705364293,False,False,False,False,within,True,False,0.0,0.0,2.7822257806244997,25.360288230584466,gsw_seasonal;wdpa
LK1133205,28.125,False,False,False,False,within,True,False,0.0,0.0,1.6316371681415929,29.286504424778762,gsw_seasonal;wdpa
LK1133210,38.817682448339,False,False,False,False,within,True,False,0.0,0.026157467957101752,3.0865812189380066,39.288516871566834,gsw_seasonal;wdpa
LK1136005,0.0,True,True,True,True,adjacent,True,False,0.0,0.0,0.0,0.0,
LK1136010,0.5586592178770949,True,True,True,True,adjacent,True,False,0.0,0.0,0.5586592178770949,0.0,
LK1136015,0.10604453870625663,True,True,True,True,adjacent,True,False,0.0,0.0,0.10604453870625663,0.0,
LK1136020,4.74128105767039,False,False,False,False,within,True,False,0.0,1.2309095053567358,3.89788010029633,0.0,worldcover_wetland;gsw_seasonal
LK1136025,12.001483954739381,False,False,False,False,within,True,False,0.0,0.0,0.0,12.001483954739381,wdpa
LK1136030,7.203751065643649,False,False,False,False,within,True,False,0.0,0.3836317135549872,0.11366865586814436,6.848536516055698,wdpa
LK1136035,10.048471290082029,False,False,False,False,within,True,False,1.5473527218493661,1.2117822520507084,8.538404175988068,0.0,dw_flooded_vegetation;worldcover_wetland;gsw_seasonal
LK1136040,0.015076134479119555,True,True,True,True,adjacent,True,False,0.0,0.015076134479119555,0.0,0.0,
LK1136045,0.0,True,True,True,True,adjacent,True,False,0.0,0.0,0.0,0.0,
LK1136050,0.23325126344434366,True,True,True,True,adjacent,True,False,0.0,0.0,0.23325126344434366,0.0,
LK1136055,34.86501227161167,False,False,False,False,within,True,False,0.0,5.413144259612762,3.381510771748023,32.58794655031361,worldcover_wetland;gsw_seasonal;wdpa
LK1136060,44.0,False,False,False,False,within,True,False,1.328358208955224,13.298507462686567,7.104477611940299,43.97014925373134,dw_flooded_vegetation;worldcover_wetland;gsw_seasonal;wdpa
LK1136065,0.0,True,True,True,True,adjacent,True,False,0.0,0.0,0.0,0.0,
LK1136070,0.0,False,True,True,False,adjacent,True,True,0.0,0.0,0.0,0.0,
LK1136075,0.0,True,True,True,True,adjacent,True,False,0.0,0.0,0.0,0.0,
LK1136080,0.0,False,False,True,False,neither,False,False,0.0,0.0,0.0,0.0,
LK1136085,25.680058243431066,False,False,False,False,within,True,False,0.22503143821563307,5.016877357866172,3.441657290356741,24.528426765504005,worldcover_wetland;gsw_seasonal;wdpa
LK1136090,0.0,True,True,True,True,adjacent,True,False,0.0,0.0,0.0,0.0,
LK1136095,0.39939402286186476,True,True,True,True,adjacent,True,False,0.0,0.0,0.39939402286186476,0.0,
LK1136100,0.2035105571101501,False,False,False,False,neither,False,False,0.0,0.2035105571101501,0.0,0.0,
LK1136105,0.0,False,False,False,False,neither,False,False,0.0,0.0,0.0,0.0,
LK1136110,0.0,False,False,False,False,neither,False,False,0.0,0.0,0.0,0.0,
LK1136115,0.0,False,False,False,False,neither,False,False,0.0,0.0,0.0,0.0,
LK1136120,0.0,False,False,False,False,neither,False,False,0.0,0.0,0.0,0.0,
LK1136125,0.0,False,False,False,False,neither,False,False,0.0,0.0,0.0,0.0,
LK1136130,0.0,False,False,False,False,neither,False,False,0.0,0.0,0.0,0.0,
LK1136135,0.0,False,False,False,False,neither,False,False,0.0,0.0,0.0,0.0,
LK1136140,0.027674000276740003,False,False,False,False,neither,False,False,0.0,0.027674000276740003,0.0,0.0,
LK1136145,0.0,False,True,True,False,adjacent,True,True,0.0,0.0,0.0,0.0,
LK1136150,0.20276497695852536,True,True,True,True,adjacent,True,False,0.0,0.20276497695852536,0.0,0.0,
LK1136155,1.0188742274929012,False,False,False,False,within,True,False,0.0,0.0,1.0188742274929012,0.0,gsw_seasonal
LK1136160,0.0,True,True,True,True,adjacent,True,False,0.0,0.0,0.0,0.0,
LK1136165,10.068663089262015,False,False,False,False,within,True,False,1.1193814551958918,2.590733367953378,1.9560325428423058,8.856961514049969,dw_flooded_vegetation;worldcover_wetland;gsw_seasonal;wdpa
LK1136170,28.145941921072225,False,False,False,False,within,True,False,2.280342516753537,6.505956813104989,11.252792256142964,28.145941921072225,dw_flooded_vegetation;worldcover_wetland;gsw_seasonal;wdpa
LK1136175,11.6551579828416,False,False,False,False,within,True,False,4.3314500941619585,5.210295040803516,5.04289600334798,11.6551579828416,dw_flooded_vegetation;worldcover_wetland;gsw_seasonal;wdpa
LK1136180,0.0,True,True,True,True,adjacent,True,False,0.0,0.0,0.0,0.0,
LK1136185,0.0,True,True,True,True,adjacent,True,False,0.0,0.0,0.0,0.0,
LK1136190,0.0,False,False,True,False,neither,False,False,0.0,0.0,0.0,0.0,
LK1136195,0.0,False,False,False,False,neither,False,False,0.0,0.0,0.0,0.0,
LK1136200,0.0,False,False,False,False,neither,False,False,0.0,0.0,0.0,0.0,
LK1136205,0.0,False,False,True,False,neither,False,False,0.0,0.0,0.0,0.0,
LK1136210,0.0,False,False,True,False,neither,False,False,0.0,0.0,0.0,0.0,
LK1136215,0.0,True,True,True,True,adjacent,True,False,0.0,0.0,0.0,0.0,
LK1136220,0.0,False,True,True,False,adjacent,True,True,0.0,0.0,0.0,0.0,
LK1136225,0.0,True,True,True,True,adjacent,True,False,0.0,0.0,0.0,0.0,
LK1136230,0.037009622501850484,True,True,True,True,adjacent,True,False,0.0,0.037009622501850484,0.0,0.0,
LK1136235,0.0,True,True,True,True,adjacent,True,False,0.0,0.0,0.0,0.0,
LK1136240,15.193571950328707,False,False,False,False,within,True,False,3.1775018261504746,1.168736303871439,3.7983929875821767,15.193571950328707,dw_flooded_vegetation;worldcover_wetland;gsw_seasonal;wdpa
LK1136245,4.814814814814815,False,False,False,False,within,True,False,0.0,0.0,0.06385696040868455,4.814814814814815,wdpa
LK1136250,1.035368176923714,False,False,False,False,within,True,False,0.0,1.035368176923714,0.0,0.0,worldcover_wetland
LK1136255,0.0,True,True,True,True,adjacent,True,False,0.0,0.0,0.0,0.0,
LK1136260,4.442007129147244,False,False,False,False,within,True,False,0.0,2.7282698108034,3.125856868659172,0.0,worldcover_wetland;gsw_seasonal
LK1136265,0.0,True,True,True,True,adjacent,True,False,0.0,0.0,0.0,0.0,
LK1136270,0.0,False,True,True,False,adjacent,True,True,0.0,0.0,0.0,0.0,
LK1136275,0.0,True,True,True,True,adjacent,True,False,0.0,0.0,0.0,0.0,
LK1136280,0.0,True,True,True,True,adjacent,True,False,0.0,0.0,0.0,0.0,
LK1136285,0.006275494195167869,True,True,True,True,adjacent,True,False,0.006275494195167869,0.0,0.0,0.0,
LK1136290,0.0,True,True,True,True,adjacent,True,False,0.0,0.0,0.0,0.0,
LK1136295,8.29835711716033,False,False,False,False,within,True,False,0.0,0.4137186713035136,0.9173761841947475,8.226406043890155,wdpa
LK1136300,19.871205151793927,False,False,False,False,within,True,False,0.0,0.0,0.1533272002453235,19.871205151793927,wdpa
LK1136305,67.48384959416929,False,False,False,False,within,True,False,0.48037104522113633,2.1036938876925624,9.657114460824912,67.48384959416929,worldcover_wetland;gsw_seasonal;wdpa
LK1136310,45.48222246384691,False,False,False,False,within,True,False,0.0,0.2065891051429814,3.269181979631039,45.97513681997753,gsw_seasonal;wdpa
LK1136315,0.0,True,True,True,True,adjacent,True,False,0.0,0.0,0.0,0.0,
LK1136320,0.0,True,True,True,True,adjacent,True,False,0.0,0.0,0.0,0.0,
LK1136325,0.05495202265714165,True,True,True,True,adjacent,True,False,0.03381662932747179,0.021135393329669867,0.0,0.0,
LK1136330,0.015760441292356184,False,False,True,False,neither,False,False,0.015760441292356184,0.0,0.0,0.0,
LK1136335,1.1471089753526584,False,False,False,False,within,True,False,0.0,1.1471089753526584,0.0,0.0,worldcover_wetland
LK1136340,3.8202625378660384,False,False,False,False,within,True,False,0.38707505890272637,3.4500168293503872,0.0,0.0,worldcover_wetland
LK1136345,0.391644908616188,True,True,True,True,adjacent,True,False,0.0,0.391644908616188,0.0,0.0,
LK1136350,11.308521912598966,False,False,False,False,within,True,False,0.0,0.854061467489558,2.150738731999252,10.560438875381834,gsw_seasonal;wdpa
LK1136355,1.3805721889554226,False,False,False,False,within,True,False,0.0,0.0,0.0,1.3805721889554226,wdpa
LK1136360,0.0,True,True,True,True,adjacent,True,False,0.0,0.0,0.0,0.0,
LK1136365,46.609094457455114,False,False,False,False,within,True,False,2.5614754098360657,2.8688524590163933,6.591530054644808,47.09699453551912,dw_flooded_vegetation;worldcover_wetland;gsw_seasonal;wdpa
