zone_id,observed_lst_c,greened_lst_c,delta_c,rank,priority
LK1103005,41.01134918328331,41.01134918328331,-5.921189464667501e-16,135,False
LK1103010,40.25015132508575,40.25015132508576,-3.533085426431437e-16,147,False
LK1103015,40.52054901097665,40.52054901097665,3.8407715446491904e-16,133,False
LK1103020,40.0746786307908,40.0746786307908,-2.9605947323337506e-16,155,False
LK1103025,40.17115979075095,40.17115979075095,2.900174431673878e-16,96,False
LK1103030,40.64116679729047,40.64116679729047,2.408619443254577e-16,113,False
LK1103035,40.618772535004915,39.64734891555355,-0.9714236194513705,53,True
LK1103040,40.944613336113804,40.223686406313284,-0.7209269298005149,17,True
LK1103045,41.449416290652884,40.86740286918096,-0.5820134214719158,9,True
LK1103050,41.04783374051402,40.520280269840214,-0.5275534706738092,45,True
LK1103055,41.1079500789458,40.570275900754524,-0.5376741781912728,29,True
LK1103060,41.500624394543436,40.95284647995573,-0.5477779145877065,24,True
LK1103065,41.826780031671916,41.26153728178751,-0.5652427498844004,7,True
LK1103070,42.21571986029188,41.37331215767126,-0.8424077026206136,1,True
LK1103075,41.55753362636736,40.73878240513609,-0.8187512212312555,2,True
LK1103080,41.71510605606322,40.93400850383633,-0.7810975522268998,3,True
LK1103085,41.605290948065054,40.82712858979877,-0.7781623582662854,5,True
LK1103090,40.21603977141307,40.216039771413065,-2.3684757858670006e-16,70,False
LK1103095,41.29573326341589,40.535928640122265,-0.7598046232935973,39,True
LK1103100,41.78080728264579,41.1426384569176,-0.6381688257281904,8,True
LK1103105,41.47687807136408,41.02971217046877,-0.4471659008953114,36,True
LK1103110,41.34424455690944,40.79671471603327,-0.5475298408761595,6,True
LK1103115,40.967903610859885,40.189684500709056,-0.7782191101508159,27,True
LK1103120,40.02255476661136,40.02255476661136,6.208625846447478e-16,117,False
LK1103125,39.54473456463535,39.54473456463535,1.246566203087895e-16,174,False
LK1103130,40.76407174855569,40.76407174855569,-1.937843824800273e-15,110,False
LK1103135,40.19420206067921,40.19420206067921,5.465713352000771e-16,127,False
LK1103140,40.100364042341205,40.100364042341205,-7.894919286223336e-17,75,False
LK1103145,41.161403394350025,40.595673911497975,-0.5657294828520485,43,True
LK1103150,41.473383315131215,40.95310560908226,-0.5202777060489534,46,True
LK1103155,41.118328444135166,40.42039116193419,-0.6979372822009617,31,True
LK1103160,41.5773734412206,40.82647634311609,-0.7508970981045057,25,True
LK1103165,41.515445507784094,40.93760655014974,-0.5778389576343507,30,True
LK1103170,40.97049161658439,40.97049161658439,9.473903143468003e-17,80,False
LK1103175,39.05539389335711,39.05539389335712,-2.153159805333637e-16,151,False
LK1106005,40.53593399694457,39.93698269910479,-0.5989512978397628,35,True
LK1106010,40.244091866153475,40.244091866153475,-1.5789838572446671e-16,122,False
LK1106015,38.511600257337086,38.511600257337086,-2.4501473646900006e-16,238,False
LK1106020,39.446416752593926,39.446416752593926,5.075305255429287e-16,194,False
LK1106025,39.32181550209245,39.32181550209245,-8.881784197001252e-16,156,False
LK1106030,41.50160584218974,40.642938700440475,-0.8586671417492598,10,True
LK1106035,40.76180165073115,40.03501937435339,-0.7267822763777447,48,True
LK1106040,39.519905028529735,39.519905028529735,-1.246566203087895e-16,196,False
LK1106045,40.07891952714693,40.07891952714693,-2.408619443254577e-16,170,False
LK1106050,39.93084935003426,39.93084935003426,0.0,177,False
LK1106055,39.07397998464579,39.07397998464579,1.246566203087895e-16,190,False
LK1106060,39.922467831201374,39.922467831201374,0.0,181,False
LK1106065,37.40617412663625,37.40617412663626,-1.0684853169324814e-16,289,False
LK1106070,37.71995850491662,37.71995850491662,8.77213254024815e-17,287,False
LK1106075,37.91066369977651,37.91066369977651,-3.4944724709513123e-16,275,False
LK1106080,39.425993519314616,39.425993519314616,0.0,186,False
LK1106085,39.48015838678637,39.48015838678637,-2.842170943040401e-16,160,False
LK1106090,39.525141104073946,39.525141104073946,-5.609547913895527e-16,154,False
LK1106095,40.323840035698055,40.323840035698055,1.4210854715202004e-16,84,False
LK1106100,41.2299706718393,41.2299706718393,0.0,143,False
LK1106105,40.77155830533155,40.77155830533155,-4.179663151530001e-16,106,False
LK1106110,41.16418043754446,40.33624363493772,-0.8279368026067314,49,True
LK1106115,40.603881505452925,40.603881505452925,-8.458842092382145e-16,134,False
LK1106120,40.55069341823399,40.55069341823399,8.198570028001156e-16,141,False
LK1106125,40.81431273398523,40.81431273398523,-3.8756876496005463e-16,120,False
LK1106130,40.3922041213549,40.3922041213549,0.0,118,False
LK1106135,40.61518614409278,40.61518614409278,1.652424966883954e-16,86,False
LK1106140,39.75833939075078,39.75833939075078,0.0,173,False
LK1106145,38.87769802926003,38.87769802926003,9.349246523159212e-17,230,False
LK1106150,38.63881500316177,38.63881500316177,2.7864421010200007e-16,260,False
LK1106155,38.071230008242686,38.071230008242686,-6.178632484870436e-16,279,False
LK1106160,37.80340184432231,37.80340184432231,-1.544658121217609e-16,305,False
LK1106165,37.92766202846649,37.92766202846649,-8.120488408686859e-17,247,False
LK1106170,38.8432069656459,38.8432069656459,-1.9737298215558337e-16,211,False
LK1106175,38.73783977966149,38.73783977966149,0.0,224,False
LK1106180,39.092088593785114,39.092088593785114,1.1842378929335002e-15,225,False
LK1106185,38.590813987844854,38.590813987844854,0.0,187,False
LK1106190,39.71484289950341,39.71484289950341,-1.1842378929335002e-15,119,False
LK1106195,41.23488664035714,40.399742755821094,-0.8351438845360301,57,True
LK1106200,36.58810453053006,36.58810453053006,0.0,292,False
LK1106205,38.15574601122155,38.15574601122155,2.583791766400364e-16,240,False
LK1106210,39.29344916349479,39.293449163494806,5.26327952414889e-16,200,False
LK1106215,39.949759466409375,39.949759466409375,1.0931426704001542e-16,88,False
LK1106220,37.637074543472416,37.637074543472416,3.002293249690564e-16,311,False
LK1106225,40.23746685570312,40.23746685570312,-5.684341886080802e-16,163,False
LK1106230,40.41006376592201,40.41006376592201,-4.900294729380001e-16,81,False
LK1109005,37.39848393790648,37.39848393790648,-1.2538989454590003e-16,324,False
LK1109010,37.32266812236591,37.32266812236591,2.711995174656871e-16,327,False
LK1109015,38.07294750857146,38.07294750857146,2.656234526205982e-16,286,False
LK1109020,37.378604391694836,37.378604391694836,-8.458842092382145e-17,294,False
LK1109025,36.46488206706729,36.4648820670673,0.0,360,False
LK1109030,36.64474058191653,36.64474058191654,-3.383536836952858e-16,361,False
LK1109035,36.29667472071801,36.29667472071801,1.1460366705808067e-16,372,False
LK1109040,36.01992337989626,36.01992337989626,1.4267926420885546e-16,371,False
LK1109045,37.11822242828799,37.11822242828799,7.681543089298381e-17,350,False
LK1109050,35.66580389422704,35.66580389422705,2.656234526205982e-16,383,False
LK1109055,37.652343195452424,37.652343195452424,-2.0417894705750005e-16,302,False
LK1109060,36.69727355391003,36.69727355391003,5.40336681186388e-17,328,False
LK1109065,38.34032093778394,38.34032093778394,-5.167583532800728e-16,243,False
LK1109070,37.990112551628975,37.990112551628975,1.0449157878825003e-16,263,False
LK1109075,35.83996244396285,35.83996244396285,-7.667727364317628e-17,362,False
LK1109080,35.90355799543641,35.90355799543641,1.0027820867582059e-16,394,False
LK1109085,35.29446089304765,35.29446089304765,0.0,404,False
LK1109090,34.779447328534914,34.77944732853492,2.9430764203081075e-16,423,False
LK1109095,36.379327315500575,36.379327315500575,3.3516166781136804e-16,338,False
LK1109100,34.2084532723706,34.2084532723706,4.616520599571272e-16,457,False
LK1109105,34.98499577202762,34.98499577202762,8.458842092382145e-17,439,False
LK1109110,35.384553152095194,35.384553152095194,2.842170943040401e-16,424,False
LK1109115,36.89507511339638,36.89507511339638,3.102806706375983e-16,336,False
LK1109120,36.260471307117825,36.260471307117825,-3.51753829584208e-17,382,False
LK1109125,37.065247948403204,37.06524794840321,1.8780865262381503e-16,316,False
LK1109130,37.58854677190403,37.58854677190402,-4.0314481461565967e-16,271,False
LK1109135,38.4218883506802,38.4218883506802,1.4802973661668753e-16,239,False
LK1109140,38.546929976604936,38.546929976604936,2.583791766400364e-16,221,False
LK1109145,38.615541072311956,38.615541072311956,-5.4239903493137417e-17,235,False
LK1109150,38.909888815524,38.909888815524,3.9040809657148365e-17,166,False
LK1109155,38.77198058976388,38.77198058976388,0.0,197,False
LK1109160,38.67432220063913,38.67432220063913,-7.03507659168416e-17,222,False
LK1109165,37.18018161328802,37.18018161328802,-4.817238886509154e-16,296,False
LK1109170,38.36927032629073,38.36927032629074,1.7988423690129118e-16,195,False
LK1109175,39.369954136132336,39.369954136132336,-1.3322676295501878e-15,126,False
LK1109180,39.869344122420955,39.869344122420955,-1.2250736823450003e-16,99,False
LK1109185,38.45471112570927,38.45471112570927,2.2920733411616134e-16,229,False
LK1109190,37.72603463586298,37.72603463586298,1.0658141036401502e-16,276,False
LK1109195,37.6063620063924,37.60636200639241,-1.7330310628295127e-16,277,False
LK1109200,36.07351908411067,36.07351908411067,1.5037941497568257e-16,376,False
LK1109205,36.20994326868194,36.20994326868194,4.505880763356733e-16,380,False
LK1109210,35.969962284635514,35.969962284635514,-8.214366887400002e-17,386,False
LK1109215,36.442859373021165,36.442859373021165,1.7330310628295127e-16,363,False
LK1109220,36.67155717628378,36.67155717628378,4.3951097057325786e-16,357,False
LK1109225,37.87166031938978,37.87166031938978,4.475859752819529e-16,284,False
LK1109230,36.82357654651473,36.82357654651474,1.5280488941077425e-16,317,False
LK1109235,38.21435583618898,38.21435583618898,1.321939973507163e-16,209,False
LK1109240,40.74238629118304,40.74238629118304,-1.6397140056002313e-15,94,False
LK1109245,38.67209336965684,38.67209336965684,7.558965274043619e-16,189,False
LK1109250,39.58476633872268,39.58476633872268,-4.98626481235158e-16,167,False
LK1109255,38.654584805774796,38.654584805774796,-1.246566203087895e-16,162,False
LK1109260,37.814396157183076,37.814396157183076,-8.359326303060002e-16,213,False
LK1109265,38.285309963869494,38.285309963869494,0.0,205,False
LK1109270,39.4051304154198,39.4051304154198,-3.806478941571965e-16,192,False
LK1109275,37.998909882003296,37.998909882003296,0.0,293,False
LK1109280,36.90009581541435,36.90009581541436,1.2321550331100002e-16,356,False
LK1109285,36.466458843708665,36.466458843708665,-2.651278864776493e-16,358,False
LK1112005,35.75732471396309,35.75732471396309,1.1985058193543859e-16,413,False
LK1112010,35.53906707375235,35.539067073752356,2.6074962780187164e-16,401,False
LK1112015,34.724689719298986,34.724689719298986,-2.3527905157619213e-16,456,False
LK1112020,34.57092238757326,34.57092238757326,2.81150003358313e-16,442,False
LK1112025,34.7589940301154,34.7589940301154,-3.304849933767908e-17,434,False
LK1112030,35.17364926693987,35.17364926693987,0.0,432,False
LK1112035,35.31616229217498,35.31616229217498,2.460754063238442e-16,419,False
LK1112040,35.48320674509014,35.48320674509014,-1.5719972030090712e-16,412,False
LK1112045,35.13616386310038,35.13616386310038,3.675221047035001e-16,444,False
LK1112050,35.094525242032645,35.094525242032645,-1.0605115459105973e-16,421,False
LK1112055,35.22307969370045,35.22307969370045,0.0,430,False
LK1112060,35.88322907323022,35.88322907323022,-9.109522253334617e-17,388,False
LK1112065,35.11216440649453,35.11216440649453,1.3664283380001927e-16,409,False
LK1112070,36.200160280179745,36.200160280179745,1.8489959666619708e-16,391,False
LK1112075,34.91988569712904,34.91988569712905,-5.176139134676226e-16,431,False
LK1112080,34.45296927033611,34.45296927033611,0.0,471,False
LK1112085,34.905896395840934,34.905896395840934,2.220446049250313e-16,445,False
LK1112090,35.47108370374898,35.47108370374898,2.408619443254577e-16,416,False
LK1112095,36.1593344266957,36.1593344266957,1.1648241569837709e-16,365,False
LK1112100,36.023591991424325,36.023591991424325,1.7053025658242405e-16,389,False
LK1112105,36.536168026392346,36.536168026392346,-2.4622768070894563e-16,329,False
LK1112110,36.8767828016793,36.8767828016793,-1.1102230246251565e-16,348,False
LK1112115,35.56237659136026,35.56237659136026,-1.7763568394002506e-16,393,False
LK1112120,36.48915840610737,36.48915840610737,7.105427357601002e-16,359,False
LK1112125,36.56498862207157,36.56498862207157,-2.6712132923312036e-16,319,False
LK1112130,37.53832807167902,37.53832807167902,-1.5967252488991015e-16,281,False
LK1112135,36.94200164232213,36.94200164232213,2.9300731371550523e-16,325,False
LK1112140,36.8499705237682,36.8499705237682,1.0838787494645597e-15,351,False
LK1112145,36.776941259046644,36.77694125904665,-8.359326303060002e-17,340,False
LK1112150,36.3141313729997,36.3141313729997,-1.450087215836939e-16,373,False
LK1112155,36.2034430296516,36.2034430296516,0.0,385,False
LK1112160,35.64197268877227,35.64197268877227,4.306319610667274e-16,418,False
LK1112165,34.89673001077528,34.89673001077528,1.1842378929335003e-16,477,False
LK1112170,35.01962587655484,35.01962587655484,4.800964430811488e-16,468,False
LK1112175,34.97297151646193,34.97297151646193,3.036507417778206e-16,437,False
LK1112180,35.29370743838386,35.29370743838386,-3.1680249365100006e-16,436,False
LK1112185,34.68489850235531,34.68489850235531,1.882232412609537e-16,420,False
LK1112190,36.47992788350553,36.47992788350553,-4.014365738757628e-16,346,False
LK1112195,37.814245840471585,37.814245840471585,-3.552713678800501e-16,264,False
LK1112200,36.205182634124355,36.205182634124355,4.083578941150001e-16,353,False
LK1112205,37.371628124110416,37.371628124110416,4.440892098500626e-16,332,False
LK1112210,36.97886901196327,36.97886901196327,0.0,342,False
LK1112215,36.82662898879362,36.82662898879362,-6.966105252550002e-16,345,False
LK1112220,37.0657099683647,37.0657099683647,1.2043097216272884e-16,344,False
LK1112225,37.041542467913644,37.041542467913644,2.4501473646900006e-16,341,False
LK1112230,37.12384478193511,37.12384478193511,7.599387548236365e-17,304,False
LK1112235,39.540548773997735,39.540548773997735,-4.179663151530001e-16,165,False
LK1112240,37.37846928829632,37.37846928829632,-9.733462133700002e-17,291,False
LK1112245,35.86681051560601,35.86681051560601,3.43811001174242e-16,364,False
LK1112250,34.926880463586535,34.926880463586535,0.0,403,False
LK1112255,35.06835720100917,35.06835720100917,-2.631639762074445e-16,406,False
LK1112260,35.66537883087937,35.66537883087937,-3.739698609263685e-16,379,False
LK1112265,35.54249980851377,35.54249980851377,1.8064645824409328e-16,405,False
LK1112270,34.665491582530876,34.665491582530876,1.0297720808117394e-16,455,False
LK1112275,35.35044406752575,35.35044406752575,-3.062684205862501e-17,426,False
LK1112280,34.75463671983504,34.75463671983504,-2.599546594244269e-16,452,False
LK1112285,34.29270724142959,34.29270724142959,0.0,465,False
LK1112290,34.55678481365921,34.55678481365921,-2.8084693113047436e-17,410,False
LK1112295,34.22332760466819,34.22332760466819,2.3843715965104033e-16,448,False
LK1112300,34.854302120845894,34.854302120845894,0.0,402,False
LK1112305,35.53545082143716,35.535450821437166,1.2393187251629654e-16,378,False
LK1112310,38.21666503411096,38.21666503411096,-8.074349270001138e-16,249,False
LK1112315,35.89902439930131,35.89902439930131,4.332577657073782e-17,370,False
LK1112320,35.84641478598143,35.84641478598143,-4.697803211637026e-16,387,False
LK1112325,35.76098437032804,35.76098437032804,-2.4223047810003414e-16,375,False
LK1112330,35.29477756289865,35.29477756289865,6.40128590774865e-17,384,False
LK1112335,35.43153346742608,35.43153346742608,-2.9605947323337506e-16,381,False
LK1112340,35.36023007042125,35.36023007042125,4.254746920719163e-17,390,False
LK1112345,34.39132291605498,34.39132291605498,0.0,417,False
LK1112350,34.85299205465638,34.85299205465638,-4.2877578882075013e-16,377,False
LK1112355,34.80527197599787,34.80527197599787,-1.8219044506669235e-16,440,False
LK1112360,34.52388764370173,34.52388764370173,-2.5721004009415394e-16,427,False
LK1112365,35.483420799723156,35.483420799723156,-2.7974123455122054e-16,368,False
LK1112370,34.92009348837442,34.92009348837442,-9.868649107779169e-17,397,False
LK1112375,35.62169086372235,35.62169086372235,1.7225278442669095e-16,367,False
LK1112380,34.74240696177711,34.74240696177711,6.703233356227361e-16,422,False
LK1112385,36.317500675961185,36.317500675961185,0.0,366,False
LK1112390,34.79287941326386,34.79287941326386,2.912060392459427e-16,449,False
LK1112395,33.99521852864504,33.99521852864505,8.17438545564717e-16,484,False
LK1112400,34.35975148283645,34.35975148283645,-1.9466924267400004e-16,466,False
LK1112405,34.85158116908676,34.85158116908675,-4.883455228591754e-17,429,False
LK1115005,33.36432561097507,33.36432561097508,-6.434048394678073e-16,518,False
LK1115010,33.841260027181434,33.841260027181434,-8.167157882300002e-17,507,False
LK1115015,32.39146108344077,32.39146108344077,1.9203857723245952e-16,540,False
LK1115020,32.62592963262794,32.62592963262794,-3.893384853480001e-16,536,False
LK1115025,32.92931225960338,32.92931225960338,1.5635414723327389e-16,531,False
LK1115030,32.90582995153824,32.90582995153824,1.6007866866688302e-16,525,False
LK1115035,33.860274243072745,33.860274243072745,4.644070168366668e-17,458,False
LK1115040,36.388159448422485,36.388159448422485,2.4223047810003414e-16,326,False
LK1115045,36.86971923501148,36.86971923501148,3.134747363647501e-16,343,False
LK1115050,35.82762258729684,35.82762258729684,-2.7328566760003855e-16,414,False
LK1115055,36.95701023253071,36.95701023253071,0.0,400,False
LK1115060,36.06173902352464,36.06173902352464,9.109522253334617e-16,399,False
LK1115065,33.227647358159125,33.227647358159125,6.047172219234895e-17,538,False
LK1115070,33.94222992987576,33.94222992987576,9.987548494619882e-17,491,False
LK1115075,33.93976733124114,33.93976733124114,0.0,517,False
LK1115080,34.536706361928154,34.536706361928154,1.1842378929335002e-15,494,False
LK1115085,33.58789870130027,33.58789870130027,-1.9737298215558337e-16,505,False
LK1115090,33.315946645566044,33.315946645566044,-4.179663151530001e-16,506,False
LK1115095,33.427414300143724,33.427414300143724,5.945964315984101e-17,503,False
LK1115100,35.32508147041962,35.32508147041962,3.5926318100229784e-16,446,False
LK1115105,34.697287256329666,34.697287256329666,-7.640244470538712e-17,472,False
LK1115110,34.60978182877895,34.60978182877895,2.322035084183334e-16,462,False
LK1115115,34.02415097704756,34.02415097704756,0.0,467,False
LK1115120,34.05242867538677,34.05242867538678,1.7007671866598143e-16,502,False
LK1115125,33.27815643929153,33.27815643929152,-9.868649107779169e-17,521,False
LK1115130,33.557887903005216,33.557887903005216,-1.0711699534071862e-16,510,False
LK1115135,34.615145416915276,34.615145416915276,0.0,459,False
LK1115140,35.28238827364331,35.28238827364331,2.599546594244269e-16,428,False
LK1115145,34.94291547539736,34.94291547539736,3.2593703475233955e-16,447,False
LK1115150,33.8534805361072,33.8534805361072,2.0301221021717148e-16,498,False
LK1115155,36.17867746064077,36.17867746064077,-3.552713678800501e-16,435,False
LK1115160,34.06548864183391,34.06548864183391,-1.0347709744079128e-15,489,False
LK1115165,32.778002070282106,32.778002070282106,-1.1735690830872525e-16,539,False
LK1115170,32.197532616966186,32.197532616966186,1.3158198810372225e-16,550,False
LK1115175,32.962254583048896,32.9622545830489,-9.537486386041613e-17,529,False
LK1115180,33.43780870505955,33.43780870505955,1.4700884188140004e-16,515,False
LK1115185,34.34133279294841,34.341332792948414,1.6985085316974506e-16,474,False
LK1115190,34.19135798523511,34.19135798523511,7.47939721852737e-16,473,False
LK1115195,35.23903843829538,35.23903843829538,-3.1815346377317917e-16,411,False
LK1115200,35.11192748028785,35.111927480287854,3.062684205862501e-16,433,False
LK1115205,36.37740493569092,36.37740493569092,-2.1210230918211945e-16,425,False
LK1115210,34.046824695029315,34.046824695029315,-2.691449756667046e-16,488,False
LK1115215,33.41428077915494,33.41428077915494,-1.6296851737616978e-16,500,False
LK1115220,33.524358989437545,33.524358989437545,2.2066544588822987e-16,476,False
LK1115225,33.005214833205955,33.005214833205955,-4.319408728024925e-17,516,False
LK1115230,32.237055694603804,32.237055694603804,0.0,534,False
LK1115235,32.0066729454366,32.0066729454366,-1.8735013540549517e-16,553,False
LK1115240,32.17267845496525,32.17267845496525,0.0,551,False
LK1115245,33.051892251873184,33.051892251873184,-2.166288828536891e-17,520,False
LK1115250,33.185584162240225,33.185584162240225,-3.200642953874325e-17,533,False
LK1115255,33.4507661527857,33.4507661527857,-1.5967252488991015e-16,509,False
LK1115260,33.30437737142806,33.30437737142806,5.824120784918854e-16,514,False
LK1115265,33.41584577582432,33.41584577582432,-2.4223047810003414e-16,511,False
LK1115270,34.11956397007257,34.11956397007257,4.844609562000683e-16,479,False
LK1115275,35.246315236419875,35.246315236419875,-1.0297720808117394e-16,441,False
LK1115280,34.87364613080171,34.87364613080171,-2.2556912246352386e-16,454,False
LK1115285,35.367806703670084,35.367806703670084,-1.291895883200182e-16,450,False
LK1115290,33.101048192828614,33.101048192828614,-1.5225915766287861e-16,501,False
LK1115295,32.979304476268524,32.979304476268524,-4.297637514678025e-17,530,False
LK1115300,32.74290971904615,32.74290971904615,-1.1744508029092565e-16,544,False
LK1115305,31.68949167859898,31.68949167859898,-2.7540416114732565e-17,557,False
LK1115310,31.371329213507256,31.371329213507256,-3.089316242435218e-17,548,False
LK1115315,31.761609042102812,31.761609042102812,1.2422075800001752e-16,549,False
LK1115320,32.20259678783927,32.202596787839276,-1.6148698540002277e-16,554,False
LK1115325,33.452030683706965,33.452030683706965,-1.4802973661668753e-16,487,False
LK1115330,34.032696784419,34.032696784419,2.550666230933693e-16,485,False
LK1115335,34.432715640555365,34.43271564055537,-2.880578658486893e-16,451,False
LK1115340,33.237010403105565,33.237010403105565,-1.38642485026361e-16,492,False
LK1118005,33.05635927433332,33.05635927433332,0.0,519,False
LK1118010,33.30244070710786,33.30244070710786,-2.408619443254577e-16,522,False
LK1118015,33.155139170566216,33.155139170566216,-7.640244470538712e-17,543,False
LK1118020,32.80812303956962,32.80812303956962,3.153296164615829e-17,552,False
LK1118025,31.98693634756225,31.98693634756225,2.885452734051168e-16,555,False
LK1118030,32.558190456079885,32.558190456079885,7.619761241395176e-17,547,False
LK1118035,33.28627935789721,33.28627935789721,-1.9505094707140005e-16,526,False
LK1118040,33.42428757026701,33.42428757026701,4.800964430811488e-17,527,False
LK1118045,32.79204492515785,32.79204492515785,6.1928036602944515e-16,541,False
LK1118050,32.98045837520996,32.98045837520996,-4.350261647510817e-17,535,False
LK1118055,33.06116749893271,33.06116749893271,-1.9419978308555794e-16,542,False
LK1118060,33.71909012752846,33.71909012752846,0.0,478,False
LK1118065,33.7528992636517,33.7528992636517,-2.0655312086049424e-16,461,False
LK1118070,35.20011825672534,35.20011825672534,1.4802973661668753e-16,398,False
LK1118075,35.41785446395367,35.41785446395367,-2.5376526277146434e-16,395,False
LK1118080,35.76470649881257,35.76470649881257,1.407015318336832e-16,408,False
LK1118085,34.43622264311708,34.43622264311708,1.3037481390093582e-16,460,False
LK1118090,35.516826681470334,35.51682668147033,2.691449756667046e-16,438,False
LK1118095,34.571179743486965,34.571179743486965,7.983626244495507e-17,470,False
LK1118100,33.84916182768216,33.84916182768216,-8.77213254024815e-17,508,False
LK1118105,33.673036515326125,33.673036515326125,1.5117930548087238e-16,499,False
LK1118110,33.50139865739053,33.50139865739053,5.529515453385994e-17,528,False
LK1118115,33.30348019758729,33.30348019758729,4.613913868572079e-16,523,False
LK1118120,33.234088679796756,33.234088679796756,-5.4239903493137417e-17,512,False
LK1118125,33.981494025731564,33.981494025731564,1.3343525554180285e-16,497,False
LK1118130,33.89166484716843,33.89166484716843,1.71905500587121e-16,469,False
LK1118135,34.89651379782079,34.89651379782079,2.0301221021717148e-16,463,False
LK1118140,33.583865264615376,33.583865264615376,1.7246182906798548e-16,496,False
LK1118145,33.64008977106806,33.64008977106806,-3.104312923223739e-16,490,False
LK1118150,33.67287619537345,33.67287619537345,-4.768743193020807e-16,486,False
LK1118155,33.846119731640826,33.846119731640826,-4.6139138685720794e-17,493,False
LK1118160,34.16459174241282,34.16459174241282,0.0,480,False
LK1118165,33.75524490990731,33.75524490990731,-2.5286218354451963e-17,495,False
LK1118170,34.02809826238175,34.02809826238175,-3.4492365813597096e-16,464,False
LK1118175,33.57673109623559,33.57673109623559,-3.304849933767908e-16,475,False
LK1118180,33.928851320331766,33.928851320331766,-1.3158198810372225e-16,482,False
LK1118185,33.364373992346515,33.364373992346515,-2.9812981920004205e-16,504,False
LK1118190,32.71937409521724,32.71937409521723,1.7358535889904728e-16,545,False
LK1118195,32.97043582004575,32.97043582004575,9.188052617587502e-17,524,False
LK1118200,33.57968332633026,33.57968332633026,9.051499818600003e-17,481,False
LK1118205,33.394536474572206,33.3945364745722,3.304849933767908e-17,483,False
LK1118210,32.92982670718878,32.92982670718878,-3.5049193243771756e-16,532,False
LK1118215,33.445383148658536,33.445383148658536,-2.460754063238442e-16,513,False
LK1118220,32.8899004655897,32.889900465589704,1.575094734443572e-16,537,False
LK1118225,30.507002640856946,30.507002640856946,4.147136590039495e-17,546,False
LK1118230,30.867712138741744,30.867712138741744,9.708832927896106e-17,556,False
LK1121005,40.481040273905656,40.48104027390565,-4.633974363652827e-16,83,False
LK1121010,39.21737221478371,39.2173722147837,-2.2920733411616134e-16,157,False
LK1121015,38.00208758556296,38.00208758556296,0.0,227,False
LK1121020,38.38477924410515,38.38477924410514,-1.340646671245472e-16,259,False
LK1121025,38.804684440463404,38.804684440463404,6.45947941600091e-17,241,False
LK1121030,37.51852483795756,37.51852483795756,-1.3664283380001927e-16,313,False
LK1121035,37.07234923344292,37.07234923344292,-2.81005601713034e-16,335,False
LK1121040,36.81062489242209,36.81062489242209,7.518970748784129e-17,320,False
LK1121045,37.01669879871571,37.01669879871571,5.761157316973786e-16,322,False
LK1121050,38.143011294453665,38.143011294453665,-4.844609562000683e-16,274,False
LK1121055,37.27319525223782,37.27319525223782,7.894919286223336e-17,347,False
LK1121060,37.71681895831395,37.71681895831395,1.2250736823450003e-16,303,False
LK1121065,37.57927578501639,37.57927578501639,3.8827471899459027e-17,282,False
LK1121070,37.998292960419676,37.998292960419676,0.0,278,False
LK1121075,37.60487603507018,37.60487603507018,-6.579099405186112e-16,258,False
LK1121080,39.22257737318298,39.22257737318298,3.582568415597144e-16,207,False
LK1121085,40.449700168164256,40.449700168164256,-2.0301221021717148e-16,128,False
LK1121090,40.029123022222876,40.029123022222876,7.894919286223335e-16,136,False
LK1121095,39.24307932424157,39.24307932424157,9.473903143468003e-17,176,False
LK1121100,38.874252446081435,38.874252446081435,0.0,171,False
LK1121105,39.70438568772788,39.70438568772788,4.633974363652827e-16,183,False
LK1121110,39.549627006819144,39.549627006819144,-7.47939721852737e-16,158,False
LK1121115,38.34259160004929,38.34259160004929,-7.177199351112124e-17,226,False
LK1121120,37.7270024207535,37.72700242075349,-6.004586499381128e-16,257,False
LK1121125,37.87599809124482,37.87599809124482,3.089316242435218e-16,283,False
LK1121130,37.870997981884855,37.870997981884855,-4.110577810182398e-16,265,False
LK1121135,37.716351953184606,37.716351953184606,-1.2688263138573217e-16,253,False
LK1121140,36.87717700947518,36.87717700947518,3.289549702593056e-16,323,False
LK1121145,37.44222595681745,37.44222595681745,3.2297397080004555e-16,246,False
LK1121150,36.7355834017869,36.7355834017869,-8.994211845064559e-17,310,False
LK1121155,38.4760381445642,38.4760381445642,5.465713352000771e-17,218,False
LK1121160,38.77831620957785,38.77831620957785,8.881784197001252e-16,220,False
LK1121165,38.616788163448874,38.616788163448874,2.7540416114732565e-16,199,False
LK1121170,37.40461862124355,37.40461862124356,3.5175382958420803e-16,251,False
LK1121175,38.981139947179756,38.981139947179756,-1.6718652606120004e-16,178,False
LK1121180,39.59585471773939,39.59585471773939,-5.551115123125783e-16,139,False
LK1121185,39.19876943096181,39.19876943096181,-1.1189649382048822e-16,137,False
LK1121190,39.89955435560137,39.89955435560137,2.9200386401100006e-16,91,False
LK1121195,39.89659391887124,39.89659391887123,5.761157316973786e-16,131,False
LK1121200,39.744040589567014,39.744040589567014,0.0,150,False
LK1121205,39.95988065070506,39.95988065070506,-2.9200386401100006e-16,109,False
LK1124005,40.5125213952384,40.5125213952384,-1.0150610510858574e-15,78,False
LK1124010,39.068701192463564,39.06870119246356,6.295948291545192e-16,180,False
LK1124015,38.49251384288179,38.49251384288179,1.1744508029092565e-16,228,False
LK1124020,40.09434471089156,40.09434471089156,-2.1210230918211945e-16,144,False
LK1124025,39.88717374607596,39.88717374607596,4.179663151530001e-16,152,False
LK1124030,38.20103761671733,38.20103761671733,2.612289469706251e-16,193,False
LK1124035,39.34661394027149,39.34661394027149,-4.876273676785002e-16,161,False
LK1124040,38.84319859744444,38.84319859744444,-2.2920733411616134e-16,188,False
LK1124045,39.0685350043052,39.0685350043052,-7.47939721852737e-16,191,False
LK1124050,37.98079184182926,37.98079184182926,-1.5789838572446671e-16,184,False
LK1124055,40.1092397685949,40.1092397685949,-1.2688263138573217e-16,72,False
LK1124060,39.07039986137954,39.07039986137954,-1.544658121217609e-16,148,False
LK1124065,38.869174200470596,38.869174200470596,6.640586315514955e-17,175,False
LK1124070,40.1195292436331,40.11952924363311,-1.5616323862859346e-16,87,False
LK1124075,40.232774032375026,40.232774032375026,-8.994211845064559e-17,114,False
LK1124080,40.84559131276047,39.65431805305207,-1.1912732597084106,15,True
LK1124085,40.65266396703684,39.60556541179424,-1.0470985552426118,18,True
LK1124090,40.89980081704009,39.824034763818425,-1.0757660532216733,37,True
LK1124095,40.083506744061545,40.08350674406153,-3.7007434154171886e-16,69,False
LK1124100,40.51854602243929,40.51854602243929,4.021940013736416e-16,62,False
LK1127005,40.465056264572034,40.465056264572034,-2.880578658486893e-16,121,False
LK1127010,40.207547299167544,40.207547299167544,0.0,142,False
LK1127015,39.8115372349049,39.811537234904904,7.786769706960002e-17,108,False
LK1127020,41.228910618924345,40.6035426853817,-0.625367933542649,38,True
LK1127025,40.98844221970168,40.19723054207325,-0.7912116776284422,55,True
LK1127030,41.21241133907167,40.33537496346991,-0.8770363756017643,26,True
LK1127035,40.49663180852091,40.49663180852091,2.0898315757650005e-16,98,False
LK1127040,40.441948824720114,40.441948824720114,3.383536836952858e-16,71,False
LK1127045,40.824445763254914,40.82444576325492,1.2406301735493812e-15,76,False
LK1127050,38.71231459249747,38.71231459249747,-6.898473162719419e-17,172,False
LK1127055,39.49749959413956,39.49749959413956,8.074349270001139e-17,153,False
LK1127060,40.02047423570327,40.02047423570326,-4.2021344587962916e-16,146,False
LK1127065,40.593765185336785,40.59376518533679,-7.47939721852737e-17,115,False
LK1127070,40.6244456602326,40.6244456602326,3.089316242435218e-16,107,False
LK1127075,40.8535651485099,40.85356514850991,1.9737298215558337e-16,111,False
LK1127080,40.86602341938555,40.86602341938555,1.0526559048297781e-16,74,False
LK1127085,41.00708614076516,41.00708614076516,3.739698609263685e-16,73,False
LK1127090,40.82687743524619,40.82687743524619,1.2043097216272884e-16,103,False
LK1127095,41.30185767405877,41.30185767405877,-1.1278456123176193e-16,77,False
LK1127100,41.176636354084195,40.36645550554849,-0.8101808485357164,47,True
LK1130005,41.496930926991475,40.669860421009155,-0.8270705059823158,52,True
LK1130010,41.42611925387141,40.594216071179176,-0.8319031826922451,34,True
LK1130015,40.57965366220277,39.53037515586928,-1.0492785063335082,14,True
LK1130020,40.45329658329267,39.459231009111335,-0.9940655741813462,50,True
LK1130025,41.028665793675394,40.15945876156127,-0.8692070321141364,41,True
LK1130030,41.66596816827517,40.908654737511796,-0.7573134307633853,32,True
LK1130035,41.441432542952754,40.72288586400202,-0.7185466789507433,33,True
LK1130040,41.1811598081174,41.1811598081174,8.458842092382145e-16,95,False
LK1130045,41.54266717681097,40.814587657778,-0.7280795190329706,21,True
LK1130050,40.496816939235,40.496816939235,0.0,65,False
LK1130055,41.13952100440931,40.34150992413913,-0.7980110802701896,54,True
LK1130060,41.59583536136881,40.62685674431419,-0.9689786170546073,23,True
LK1130065,41.300415594741224,41.300415594741224,-1.3816108750890837e-15,61,False
LK1130070,41.53037441058524,40.74800355920397,-0.7823708513812798,12,True
LK1130075,39.81425965203076,39.81425965203076,-3.1720657846433045e-16,97,False
LK1131005,40.81656126081511,40.81656126081511,-7.01770603219852e-16,68,False
LK1131010,41.16389878545662,40.380838556122185,-0.7830602293344372,16,True
LK1131015,41.194822234364146,40.4652790774725,-0.7295431568916683,22,True
LK1131020,41.25104883781246,40.313860802925525,-0.9371880348869301,42,True
LK1131025,40.61891563004499,39.69741303181433,-0.9215025982306598,28,True
LK1131030,38.33918280473651,38.33918280473651,-3.304849933767908e-16,208,False
LK1131035,39.7191052645633,39.7191052645633,-8.3104413539193e-17,90,False
LK1131040,41.393372212924234,41.393372212924234,3.3306690738754696e-16,63,False
LK1131045,40.79893858060412,40.79893858060412,4.099285014000578e-16,112,False
LK1131050,40.85095333337914,40.85095333337914,-1.0765799026668185e-16,82,False
LK1131055,40.57399961149009,40.57399961149009,0.0,105,False
LK1131060,40.12887209046661,40.12887209046661,-6.832141690000964e-17,64,False
LK1131065,39.49777460798733,39.49777460798733,4.021940013736416e-16,85,False
LK1133005,40.53077918333979,40.53077918333979,-5.075305255429287e-16,100,False
LK1133010,41.309062355364084,40.269210250183114,-1.0398521051809737,20,True
LK1133015,41.55289120526523,40.77918645571267,-0.7737047495525663,44,True
LK1133020,41.01892625821991,40.05561623151832,-0.9633100267015902,13,True
LK1133025,40.98224458049618,40.11635930069913,-0.8658852797970398,11,True
LK1133030,40.57737956117328,39.541854010125,-1.035525551048275,51,True
LK1133035,40.384237078988136,40.384237078988136,-2.1975548528662893e-16,79,False
LK1133040,41.32176324899592,40.22816154565016,-1.093601703345733,19,True
LK1133045,41.50056076506571,40.40789262095688,-1.0926681441088113,4,True
LK1133050,40.1531602588334,40.1531602588334,0.0,104,False
LK1133055,40.10749875596314,40.10749875596314,0.0,101,False
LK1133060,40.38933113753702,40.38933113753702,1.1842378929335003e-16,92,False
LK1133065,40.246301501472324,40.246301501472324,-2.9605947323337506e-16,93,False
LK1133070,40.6315255615672,40.6315255615672,-5.921189464667501e-16,67,False
LK1133075,40.805536995997585,39.85395111599172,-0.9515858800058632,58,True
LK1133080,40.84918607194127,39.92031548117221,-0.9288705907690595,40,True
LK1133085,40.47926375790633,40.47926375790633,-2.220446049250313e-16,129,False
LK1133090,39.014347942904585,39.01434794290458,-6.788624863950002e-16,130,False
LK1133095,40.156431150355004,40.156431150355004,0.0,149,False
LK1133100,40.83988407342412,40.142479139469835,-0.697404933954291,60,True
LK1133105,40.45298133582734,40.45298133582734,-4.736951571734001e-16,66,False
LK1133110,40.51298222711969,39.629461141825594,-0.8835210852941088,59,True
LK1133115,40.000205654965626,40.000205654965626,-3.304849933767908e-16,89,False
LK1133120,40.53504661402326,40.53504661402326,4.736951571734001e-16,132,False
LK1133125,40.67245115190229,40.67245115190229,-3.739698609263685e-16,123,False
LK1133130,39.84435947815862,39.84435947815862,9.473903143468002e-16,179,False
LK1133135,41.04538334946031,40.201275248463865,-0.8441081009964356,56,True
LK1133140,40.28105300751277,40.28105300751276,-8.198570028001156e-16,102,False
LK1133145,39.337650389672845,39.337650389672845,-1.9203857723245952e-16,232,False
LK1133150,40.897519183499654,40.89751918349965,-2.2920733411616134e-16,116,False
LK1133155,38.672182407607025,38.672182407607025,0.0,301,False
LK1133160,40.136324544689295,40.136324544689295,-4.957274900651862e-16,124,False
LK1133165,40.86603443410656,40.86603443410656,0.0,140,False
LK1133170,40.6372538028613,40.6372538028613,-5.609547913895527e-16,145,False
LK1133175,39.77920617560425,39.77920617560425,2.7328566760003855e-16,182,False
LK1133180,40.50202095637209,40.50202095637209,0.0,164,False
LK1133185,40.18798550632952,40.18798550632952,0.0,185,False
LK1133190,40.211806928976884,40.211806928976884,-1.2688263138573218e-15,198,False
LK1133195,39.79718528101856,39.79718528101856,-1.2180732613030289e-15,204,False
LK1133200,39.825912620252296,39.825912620252296,-7.47939721852737e-16,223,False
LK1133205,39.13040955834168,39.13040955834168,2.842170943040401e-16,234,False
LK1133210,39.21551110016833,39.21551110016833,-3.2297397080004555e-16,236,False
LK1136005,40.5765671941453,40.5765671941453,1.0449157878825003e-16,125,False
LK1136010,39.78128359454315,39.781283594543154,1.2250736823450004e-15,138,False
LK1136015,40.24349471578894,40.24349471578894,-4.736951571734001e-16,159,False
LK1136020,39.47433281196416,39.47433281196416,-3.304849933767908e-16,201,False
LK1136025,38.739714319533086,38.739714319533086,2.681293342490944e-16,216,False
LK1136030,38.33814888026518,38.33814888026518,-9.601928861622976e-17,267,False
LK1136035,36.632702557834804,36.632702557834804,3.8756876496005463e-16,290,False
LK1136040,39.286415915130654,39.286415915130654,1.0449157878825003e-16,215,False
LK1136045,39.22822995695627,39.22822995695627,-2.4501473646900006e-16,169,False
LK1136050,38.5040650060994,38.504065006099395,-3.5976847380258237e-16,245,False
LK1136055,37.11150426716914,37.111504267169146,6.004586499381128e-16,312,False
LK1136060,37.169647581271484,37.169647581271484,6.021548608136442e-16,300,False
LK1136065,38.28215281837236,38.28215281837236,8.074349270001139e-17,206,False
LK1136070,38.23804724801758,38.23804724801758,-1.3664283380001927e-16,212,False
LK1136075,38.3756014377827,38.3756014377827,-1.8698493046318425e-16,202,False
LK1136080,38.82636163093768,38.82636163093768,-5.921189464667501e-16,214,False
LK1136085,37.6353326860618,37.6353326860618,-1.4402893292434464e-16,237,False
LK1136090,37.724986284030415,37.724986284030415,4.844609562000683e-16,242,False
LK1136095,36.91179054972179,36.91179054972179,-3.002293249690564e-16,318,False
LK1136100,37.9885251131109,37.9885251131109,3.643808901333847e-16,270,False
LK1136105,36.638489406286354,36.638489406286354,-1.9556222085140373e-16,321,False
LK1136110,36.894645822805515,36.894645822805515,1.0297720808117394e-16,307,False
LK1136115,37.72557814789612,37.72557814789612,-6.287988812036285e-17,272,False
LK1136120,37.43834121795722,37.43834121795722,-6.0903663065151445e-16,285,False
LK1136125,38.30275948033141,38.30275948033142,0.0,254,False
LK1136130,37.60485185332155,37.60485185332155,1.209434443846979e-15,295,False
LK1136135,37.30840881492027,37.30840881492027,1.7472362354756562e-16,334,False
LK1136140,37.37634888183124,37.37634888183124,-1.9466924267400004e-16,309,False
LK1136145,38.11124364567679,38.11124364567678,0.0,256,False
LK1136150,37.75631439353794,37.75631439353794,7.751375299201093e-16,306,False
LK1136155,38.631602903923564,38.631602903923564,-2.2920733411616134e-16,252,False
LK1136160,38.051161968667,38.051161968667,0.0,269,False
LK1136165,36.780363475784974,36.780363475784974,1.7018987682876652e-16,299,False
LK1136170,38.01962236516893,38.01962236516892,0.0,262,False
LK1136175,38.37214848291948,38.37214848291948,1.450087215836939e-16,248,False
LK1136180,39.19662392837906,39.19662392837906,0.0,219,False
LK1136185,37.82750526050089,37.82750526050089,1.6784474073073233e-16,255,False
LK1136190,37.97376940946365,37.97376940946365,0.0,273,False
LK1136195,36.75593845635755,36.75593845635755,5.199093188488538e-16,308,False
LK1136200,36.68896012118383,36.68896012118383,1.691768418476429e-16,349,False
LK1136205,37.84375451085273,37.84375451085273,3.2297397080004555e-16,266,False
LK1136210,38.38534314162307,38.38534314162307,9.601928861622976e-16,244,False
LK1136215,40.067816010999586,40.067816010999586,0.0,168,False
LK1136220,38.73449368451575,38.73449368451575,4.372570681600617e-16,210,False
LK1136225,39.01056140332937,39.01056140332937,-3.643808901333847e-16,217,False
LK1136230,38.656970423053714,38.65697042305372,-8.77213254024815e-17,233,False
LK1136235,39.07539723380736,39.07539723380736,-4.179663151530001e-16,203,False
LK1136240,38.7045656599152,38.7045656599152,-2.631639762074445e-16,231,False
LK1136245,38.19776496759929,38.19776496759929,1.7988423690129118e-16,288,False
LK1136250,37.2885723746362,37.2885723746362,1.7616762043638848e-16,330,False
LK1136255,38.00798892518778,38.00798892518779,4.487638331116422e-16,268,False
LK1136260,37.763962801452436,37.763962801452436,-2.880578658486893e-16,280,False
LK1136265,36.96713143144294,36.96713143144293,-1.8219044506669235e-16,298,False
LK1136270,36.68653018897026,36.68653018897026,-7.983626244495507e-17,355,False
LK1136275,37.099042891839076,37.099042891839076,4.2150840256955097e-16,331,False
LK1136280,37.65253437482158,37.65253437482158,3.062684205862501e-16,315,False
LK1136285,38.09973503364142,38.09973503364142,-1.7988423690129118e-16,261,False
LK1136290,39.3827373326594,39.382737332659396,-1.8219044506669235e-16,250,False
LK1136295,36.379465508913775,36.379465508913775,-4.554761126667309e-17,374,False
LK1136300,37.84862790127413,37.84862790127413,-6.459479416000911e-16,314,False
LK1136305,36.29624362014999,36.29624362014999,1.3158198810372225e-16,354,False
LK1136310,35.98657165184673,35.98657165184673,1.5616323862859346e-16,407,False
LK1136315,37.64712729311107,37.64712729311107,-3.2297397080004555e-16,297,False
LK1136320,37.625962030922764,37.62596203092277,2.3684757858670006e-16,333,False
LK1136325,35.7522625989028,35.7522625989028,3.1301442103969174e-17,415,False
LK1136330,36.259572551252816,36.259572551252816,2.1210230918211945e-16,352,False
LK1136335,34.89484755825082,34.89484755825082,-2.1210230918211945e-16,443,False
LK1136340,36.431650602617665,36.431650602617665,2.5376526277146434e-16,369,False
LK1136345,36.782072016948,36.782072016948,5.465713352000771e-16,396,False
LK1136350,36.04517359490516,36.04517359490516,-3.2939067220666897e-16,392,False
LK1136355,37.65013963464794,37.650139634647935,6.125368411725002e-16,337,False
LK1136360,36.845991319436614,36.845991319436614,2.900174431673878e-16,339,False
LK1136365,34.63197403509273,34.63197403509273,-9.473903143468003e-17,453,False
