zone_id,value,spatial_lag,local_i,z_score,p_norm,p_sim,p_adjusted,significant,quadrant,cluster
LK1103005,39.23182612246749,38.49052293844393,0.9044838405908584,0.8260937475775979,0.4087509141810065,0.242,0.2936688453159041,False,1,ns
LK1103010,38.49052293844393,39.85365022426555,1.10305010021039,2.3033283494361565,0.02126037574118244,0.016,0.042236966824644555,True,1,HH
LK1103015,39.8966544091593,39.65478680670624,1.7385595401427762,2.506092489540809,0.012207368313628161,0.013,0.036756345177664976,True,1,HH
LK1103020,40.43247014116988,39.56065897230897,1.946951981358351,2.113587561662466,0.03455050913449958,0.022,0.05281896551724138,False,1,ns
LK1103025,40.2947995693237,40.09494655105705,2.1983135024170952,3.455032281410068,0.00055022693898923,0.001,0.006054347826086957,True,1,HH
LK1103030,39.401354577887446,40.50241950518273,1.8809066512192818,3.1556793321165193,0.001601247969524034,0.002,0.008912000000000002,True,1,HH
LK1103035,40.38006055096527,40.94927227741847,2.7657479557582785,3.9190114446129027,8.891289319747939e-05,0.001,0.006054347826086957,True,1,HH
LK1103040,41.43816349128265,41.15242602640373,3.657224800357905,5.221990904739759,1.7700966528740585e-07,0.001,0.006054347826086957,True,1,HH
LK1103045,41.04378519820342,41.5251314035406,3.635311127230424,4.415895665472942,1.0059259786856118e-05,0.001,0.006054347826086957,True,1,HH
LK1103050,41.248239019764895,40.99330871377297,3.401557375888523,3.534732184105356,0.00040818864483988735,0.001,0.006054347826086957,True,1,HH
LK1103055,41.39408801676248,41.08673629055344,3.5751315459998985,3.607345697074669,0.00030934539026503317,0.001,0.006054347826086957,True,1,HH
LK1103060,41.155301089160695,40.98642440749498,3.331360193379075,3.5284232883081463,0.0004180430932356056,0.001,0.006054347826086957,True,1,HH
LK1103065,40.97478464011833,41.368520364753735,3.4718803523903645,4.650912744106267,3.304691384169041e-06,0.001,0.006054347826086957,True,1,HH
LK1103070,43.58440931557183,41.28949799485648,5.365393644677623,4.607193146804605,4.0814085815345186e-06,0.001,0.006054347826086957,True,1,HH
LK1103075,41.90231838104252,41.521611186959916,4.304350728037236,5.1891839198768555,2.1121770003278965e-07,0.001,0.006054347826086957,True,1,HH
LK1103080,42.45408033556284,41.192123233985825,4.431294671907629,3.70417251077743,0.00021208189916728127,0.002,0.008912000000000002,True,1,HH
LK1103085,41.26941078094535,41.64155207986434,3.898494021339005,4.04273242905528,5.283189852537306e-05,0.001,0.006054347826086957,True,1,HH
LK1103090,40.782552603080255,40.48518994707515,2.7347705828448188,3.8265569278132223,0.0001299481077819837,0.001,0.006054347826086957,True,1,HH
LK1103095,40.6420681713923,41.523238017566754,3.319649383800057,4.805103634117644,1.5467136796482937e-06,0.001,0.006054347826086957,True,1,HH
LK1103100,41.73586808709969,41.16474802713114,3.883344220948537,4.479361103541407,7.486678774878976e-06,0.001,0.006054347826086957,True,1,HH
LK1103105,40.363172545152565,40.85792768916887,2.6987242480813656,3.437492050452939,0.0005871279535942735,0.002,0.008912000000000002,True,1,HH
LK1103110,40.32858595333421,40.982439577878544,2.7498845502464966,4.299137282896268,1.714642436133803e-05,0.001,0.006054347826086957,True,1,HH
LK1103115,41.61481909995396,38.893163773968894,1.9861144142049394,2.334580755701353,0.019565332846707945,0.015,0.04036231884057971,True,1,HH
LK1103120,31.16514663333596,40.407769318438,-3.203875821059669,-3.4651922828489363,0.0005298524984638031,0.002,0.008912000000000002,True,2,LH
LK1103125,38.91651423701919,37.57554056225483,0.4520952032379991,0.9090570163027242,0.36332003019401105,0.182,0.23466203703703703,False,1,ns
LK1103130,41.63470829919689,37.17737004812003,0.6219789438000907,0.6049274082788899,0.5452272309312433,0.268,0.3162627118644068,False,1,ns
LK1103135,40.174175542727696,38.35635439086581,1.1280641949481154,1.5147194799124521,0.1298434590983369,0.072,0.12079518072289157,False,1,ns
LK1103140,39.698629413292245,39.64629634207497,1.6358402960379794,3.55225525676748,0.0003819441473006206,0.002,0.008912000000000002,True,1,HH
LK1103145,40.392472076123234,40.79544275221021,2.6805714700302947,4.1313030230276535,3.607127087193214e-05,0.001,0.006054347826086957,True,1,HH
LK1103150,41.03158141442858,40.51434721041703,2.9107702639598267,3.5831222087592014,0.00033951166707768256,0.001,0.006054347826086957,True,1,HH
LK1103155,40.10269830417765,40.59232028111782,2.3711771992729958,4.240760241921926,2.227639884917168e-05,0.001,0.006054347826086957,True,1,HH
LK1103160,40.46539179436461,40.384247387779496,2.4742111377612708,3.090099965727072,0.002000891386626548,0.003,0.01265909090909091,True,1,HH
LK1103165,41.76254444821453,40.04374804687702,2.984677877745445,2.8272652398027307,0.004694742421843041,0.004,0.015914285714285714,True,1,HH
LK1103170,40.92693321763815,39.393736166731074,2.070243720946967,2.8038956689602963,0.005048923992800517,0.007,0.02377439024390244,True,1,HH
LK1103175,38.45364377939728,40.131704822735855,1.1708218149895662,2.885868334503801,0.003903354158471859,0.004,0.015914285714285714,True,1,HH
LK1106005,40.15860028267279,40.82584922683063,2.5410280392627023,4.482095335497225,7.391370843260969e-06,0.001,0.006054347826086957,True,1,HH
LK1106010,39.24243640417022,38.90670837724551,1.088558669078325,2.1690118538859786,0.03008178396883298,0.02,0.04973214285714286,True,1,HH
LK1106015,36.16447901050448,38.70925410409971,-0.08285373658092032,-1.5307898633966748,0.1258213356429464,0.061,0.10890064102564101,False,2,ns
LK1106020,38.88481833737615,37.76618641658825,0.5187600328999128,1.1695585217786575,0.24217867752211641,0.128,0.18049620253164558,False,1,ns
LK1106025,39.03084468635041,39.35908570219726,1.1893265355761569,2.7624757857794244,0.005736481664232825,0.008,0.026058479532163746,True,1,HH
LK1106030,42.0512093201792,40.16367419262058,3.248827508936561,3.273004204956003,0.0010641089449504556,0.001,0.006054347826086957,True,1,HH
LK1106035,39.87892160225015,40.994424217625735,2.441552164134364,3.9830085722078676,6.804830008605743e-05,0.001,0.006054347826086957,True,1,HH
LK1106040,36.39266441116334,38.67520788356515,-0.0023310401041425786,-1.9522774050989067,0.050905278541048794,0.034,0.07092883895131087,False,2,ns
LK1106045,38.00050757075277,37.50209502931118,0.2696169210223659,1.089063116995304,0.2761260531998666,0.151,0.205640586797066,False,1,ns
LK1106050,36.0164023929817,37.69798959903285,-0.07594478521614755,-0.9845364160151494,0.32485183541838225,0.16,0.2121904761904762,False,2,ns
LK1106055,35.664824963829304,37.336527604967245,-0.10511962135173322,-0.6084188131977231,0.5429097369868008,0.29,0.337223382045929,False,2,ns
LK1106060,37.34482682003875,36.49639718138075,0.01400807658145614,0.06364553671597176,0.9492524721623776,0.459,0.47170295202952034,False,1,ns
LK1106065,34.74051945128095,36.400623543881025,-0.0003170740518673461,0.015067840353680608,0.9879780577287979,0.495,0.49678378378378374,False,2,ns
LK1106070,34.929499905209546,35.45114561911028,0.21283544258339315,0.8439976930442816,0.3986706947378381,0.221,0.2717373068432671,False,3,ns
LK1106075,35.24306877931488,35.98647586596581,0.07290625971088607,0.33270077282111327,0.7393601661253155,0.383,0.4126324951644101,False,3,ns
LK1106080,38.08509867096092,36.263014739678546,-0.035100835682984464,-0.1651371223698998,0.8688360546786986,0.455,0.47170295202952034,False,4,ns
LK1106085,36.461481615524,37.76877172876592,0.012988012988567657,1.3569022977769962,0.17481225666421685,0.098,0.15037465564738295,False,1,ns
LK1106090,37.53006120530856,37.90047245406753,0.25918245429508496,1.1395669037470004,0.2544667803169398,0.132,0.18519899244332494,False,1,ns
LK1106095,38.6483536018813,37.70311575712877,0.4477449715599472,1.1125461889926826,0.2659033822927752,0.141,0.19536567164179103,False,1,ns
LK1106100,38.035083365724525,38.3870547513733,0.4964851995019897,1.8519525007229034,0.06403264397011599,0.041,0.08127046263345196,False,1,ns
LK1106105,39.42478545762188,38.564133489352436,1.0001089915275767,1.8621317083428668,0.06258452753620529,0.042,0.08266431095406361,False,1,ns
LK1106110,41.34434783179954,39.89405131973196,2.6389066453746866,2.685013863753723,0.007252679770773256,0.007,0.02377439024390244,True,1,HH
LK1106115,39.48315338127373,39.336790520726495,1.3832540366309505,2.2457745005415246,0.02471845540981799,0.018,0.04578082191780822,True,1,HH
LK1106120,38.54294542776006,38.69523813877928,0.751514698518621,2.302254096564684,0.02132084685790788,0.015,0.04036231884057971,True,1,HH
LK1106125,38.47827225966803,37.52421444451058,0.3570902007560632,1.1142025205299733,0.2651923143630034,0.148,0.20254545454545453,False,1,ns
LK1106130,40.15706244469818,37.73538755381487,0.7666287002464319,1.0190334846787135,0.3081870700255057,0.155,0.20803614457831324,False,1,ns
LK1106135,39.147227778826085,38.184450610050234,0.749037971360526,1.7857314827710127,0.07414274528716722,0.036,0.07426666666666666,False,1,ns
LK1106140,37.49174566295634,36.97175189956934,0.09547908894168004,0.3703989186271065,0.7110852794133137,0.357,0.39066601178781923,False,1,ns
LK1106145,36.19078543641181,36.34238178690708,0.0018152547401161098,0.07032333487038661,0.9439363099416722,0.488,0.4933139745916515,False,3,ns
LK1106150,35.88792319640638,36.303128274970625,0.007516683091154194,0.12767335227579146,0.8984074792804397,0.469,0.47844871794871796,False,3,ns
LK1106155,36.58271720655161,35.61459085328033,-0.02197206605521576,-0.7010837019901447,0.48325078079550243,0.259,0.3062908704883227,False,4,ns
LK1106160,36.41004670766473,36.509688544809165,0.000179827507827056,0.07062163433740826,0.9436988916894812,0.459,0.47170295202952034,False,1,ns
LK1106165,37.52412878115521,36.372681045822375,-0.004584296725152954,-0.05479563911207094,0.9563012746691271,0.496,0.49689208633093523,False,4,ns
LK1106170,36.9460604954806,36.9429995443424,0.0453830968492176,0.45062264007539365,0.652261546424991,0.316,0.35920816326530614,False,1,ns
LK1106175,36.35757701217136,36.91071084435147,-0.0032635027519603175,-0.4218716398297832,0.6731187114225163,0.333,0.3724518072289157,False,2,ns
LK1106180,36.12714287563011,36.788778014899414,-0.01618786808575438,-0.33253530536348375,0.7394850851607877,0.36,0.3924070450097847,False,2,ns
LK1106185,36.36867541222311,37.74224739023313,-0.006294715994224978,-1.5279665659583568,0.12652083929532235,0.07,0.11947734138972808,False,2,ns
LK1106190,38.41376655104768,38.912567957692865,0.7730782263116742,2.1640294246938674,0.030462091214975354,0.019,0.047457399103139015,True,1,HH
LK1106195,41.41273227700785,38.698968317958304,1.7604879368747488,1.9897255551138306,0.04662117600333074,0.029,0.064612,False,1,ns
LK1106200,34.66769657488407,38.78052241038011,-0.6296595615292686,-2.6015036913193312,0.009281606624906178,0.005,0.01856666666666667,True,2,LH
LK1106205,37.24980333477277,37.70978500932385,0.1701766898589081,1.2138969200844822,0.2247870891826549,0.128,0.18049620253164558,False,1,ns
LK1106210,38.27549922746362,38.91925543861045,0.7219303366809794,1.9364217620788557,0.0528160662774471,0.037,0.07576838235294117,False,1,ns
LK1106215,41.67118486764389,39.69146484330189,2.6502362149433814,3.3504303786221104,0.0008068608953760691,0.001,0.006054347826086957,True,1,HH
LK1106220,35.62444476601529,37.32789037595877,-0.10987626870092553,-0.7853354138297839,0.4322569374598777,0.216,0.2679554565701559,False,2,ns
LK1106225,40.09342798015041,38.21939908069762,1.0266770842488835,1.4091052277295295,0.15880405528534647,0.085,0.1341218130311615,False,1,ns
LK1106230,41.17272270488328,38.83333541120287,1.7741483086881165,2.1183685471747986,0.03414386746684314,0.018,0.04578082191780822,True,1,HH
LK1109005,34.80149946199755,35.564453977103796,0.20372218937868758,0.6659500313857298,0.5054430398662093,0.259,0.3062908704883227,False,3,ns
LK1109010,34.70161380153061,35.326626636409486,0.2781152921490654,0.7226100129949133,0.4699195147912155,0.257,0.3058739316239316,False,3,ns
LK1109015,35.13439545210747,35.800950728861906,0.11559573717265356,0.4824249761628546,0.6295040820601336,0.328,0.3690828282828283,False,3,ns
LK1109020,36.26624029303612,35.138358122033125,0.02563617877354839,1.126485929113149,0.2599598931572825,0.132,0.18519899244332494,False,3,ns
LK1109025,34.955388160755774,35.06832145461094,0.29350078850768735,1.0493636381278075,0.29401078695953264,0.155,0.20803614457831324,False,3,ns
LK1109030,34.43805172183421,34.63080211391794,0.5296916922066125,0.9384588727695133,0.34800864302173806,0.2,0.254337899543379,False,3,ns
LK1109035,34.30621606708009,34.88362218187028,0.4844863219635099,1.1926679016426924,0.2329994613443951,0.125,0.17761479591836735,False,3,ns
LK1109040,34.878271108397804,34.654653207271224,0.40526198405261893,1.700510238968675,0.08903499212538499,0.031,0.06692635658914728,False,3,ns
LK1109045,35.262777736493334,34.804932331899685,0.2767361776380786,1.5567376269415858,0.11953279129061202,0.053,0.09710855263157896,False,3,ns
LK1109050,34.14726543505157,35.49929869559092,0.3095417274350262,0.7161423385531906,0.47390346312819265,0.246,0.2959438444924406,False,3,ns
LK1109055,36.191963825757455,35.27249072622789,0.035690787623354474,1.186613666784984,0.23538004261081757,0.121,0.17370360824742265,False,3,ns
LK1109060,36.04398499512344,36.02715934028715,0.020199694411984805,0.4687119443073195,0.6392755481481941,0.34,0.37650099403578535,False,3,ns
LK1109065,36.63893809434845,36.469151853293305,0.0025527551118611777,0.02341430015255422,0.9813197982613255,0.459,0.47170295202952034,False,1,ns
LK1109070,36.25913073147126,36.07019048153877,0.007049577245540121,0.3148171223913051,0.7529005105099974,0.395,0.4239210019267823,False,3,ns
LK1109075,34.78020524972864,35.175828177961414,0.30252655227523273,1.0937240974613527,0.27407600225525675,0.14,0.19495,False,3,ns
LK1109080,34.27621292707676,34.657261262052494,0.5648208377454682,2.1666251735467,0.030263446305564306,0.01,0.030604395604395606,True,3,LL
LK1109085,34.22487794992109,34.24863718823507,0.7141632786145349,1.6818297800539819,0.09260185224659585,0.044,0.08393150684931507,False,3,ns
LK1109090,34.321887815414954,34.55276961441004,0.5858191159726135,1.6359329317478581,0.10185362481156893,0.043,0.08374475524475523,False,3,ns
LK1109095,35.535946747641134,34.60224476261739,0.23694958156093196,1.2018806239832045,0.22940978249343025,0.125,0.17761479591836735,False,3,ns
LK1109100,33.51817690205076,34.19871370259678,0.968228175421909,2.128963290167853,0.03325729771091032,0.008,0.026058479532163746,True,3,LL
LK1109105,33.74428900018051,34.15481619205973,0.9100409690941571,1.9793766671979878,0.04777361350943069,0.016,0.042236966824644555,True,3,LL
LK1109110,34.0784607367616,34.330135394366394,0.7333665829684551,1.8263908591317861,0.06779140777115333,0.03,0.06578740157480316,False,3,ns
LK1109115,35.83155388024827,34.46940963773065,0.16734410643008732,1.700226797629003,0.08908827352482727,0.039,0.07957142857142857,False,3,ns
LK1109120,34.09039636579368,34.91552698014219,0.5231910526030716,1.7559752479831152,0.07909263504111576,0.03,0.06578740157480316,False,3,ns
LK1109125,35.48901389093089,35.34398146068132,0.1467161130634986,0.9429132906447977,0.3457252562096371,0.18,0.23262180974477956,False,3,ns
LK1109130,35.98705160153361,35.92828654079403,0.029661062278928788,0.517874401088893,0.604545903655743,0.317,0.3596109979633401,False,3,ns
LK1109135,36.67637819091463,36.118785767903226,-0.01186884138036239,-0.27018326151393185,0.7870192693694065,0.418,0.4434780952380952,False,4,ns
LK1109140,36.32423681956168,36.84525235952752,-0.005115798299287907,-0.35799849633429026,0.7203444388294717,0.352,0.3859527559055118,False,2,ns
LK1109145,36.44075623573869,36.559736168441084,0.0010134371852418313,0.1100540891209218,0.9123664784793656,0.431,0.45295660377358493,False,1,ns
LK1109150,38.06829887308502,37.60173405151669,0.3064256782759425,1.2897392829129215,0.19714119546691278,0.104,0.15488770053475934,False,1,ns
LK1109155,37.85940815909882,37.9330580264985,0.3419421621827808,1.4110762286815492,0.15822213837802146,0.09,0.13924999999999998,False,1,ns
LK1109160,37.87807483558526,37.49629821595135,0.24769139549815034,0.9984252366231519,0.31807320119143645,0.177,0.23088758782201405,False,1,ns
LK1109165,35.91904404727187,37.40430556242964,-0.07371020656594458,-0.7587711169813864,0.4479894862662136,0.214,0.266662192393736,False,2,ns
LK1109170,38.03349420621576,38.220716974239146,0.45449521223535677,1.9703853109631175,0.04879422776103364,0.029,0.064612,False,1,ns
LK1109175,41.12266195625176,38.44524259322271,1.4756226234187937,1.5695013696087647,0.11653116058614083,0.07,0.11947734138972808,False,1,ns
LK1109180,39.81976913449123,37.67541368880424,0.6664904955374186,1.265297638225531,0.20576465289118284,0.12,0.17271317829457367,False,1,ns
LK1109185,36.14049654327092,36.80875042935259,-0.0161833425573216,-0.35010212848821154,0.7262620535600304,0.349,0.38417588932806324,False,2,ns
LK1109190,35.202946088333675,35.97530511589304,0.07747693688455598,0.46871082737146263,0.639276346626532,0.334,0.3728216432865732,False,3,ns
LK1109195,35.60312335487943,34.90457247648341,0.18175401622353354,1.4520092235721582,0.1464990406154274,0.071,0.11947734138972808,False,3,ns
LK1109200,35.48115227212615,34.463728061620564,0.27140914196788796,1.7048611921412553,0.08822031567371987,0.04,0.08072463768115942,False,3,ns
LK1109205,34.65781720704724,34.69622253179122,0.4529417119431781,1.7709859925557332,0.0765630310738512,0.027,0.06188888888888889,False,3,ns
LK1109210,34.16437940035671,34.340674499521555,0.7026208826682492,1.9883675052160126,0.046771059885584686,0.012,0.0348125,True,3,LL
LK1109215,33.881093901404846,34.49445205182403,0.7325425325934841,1.6804492724015918,0.09286993623302278,0.042,0.08266431095406361,False,3,ns
LK1109220,34.35140366455752,34.57098765469386,0.5717986839309687,1.899259291332868,0.05753039246075191,0.018,0.04578082191780822,True,3,LL
LK1109225,35.628475434679906,35.08273396933327,0.15499398923402255,1.2829339784792717,0.19951520739053197,0.099,0.15066393442622952,False,3,ns
LK1109230,35.05679291098469,36.05035035754806,0.07155574060230448,0.3683897837338018,0.7125826140772433,0.382,0.4123527131782946,False,3,ns
LK1109235,35.89718489412888,36.478517967261396,-0.006069425198413692,-0.05392011266325637,0.9569988123865544,0.463,0.47406433823529415,False,2,ns
LK1109240,38.77078438189206,36.477080090908046,0.02814017005401975,0.07437632488371115,0.9407109466219773,0.461,0.4728858195211786,False,1,ns
LK1109245,35.42354735033808,37.31105555111155,-0.13585273891809924,-0.8246414422723337,0.40957518589420405,0.224,0.2748193832599119,False,2,ns
LK1109250,37.52059340846717,36.452255392694525,0.009054501163362035,0.02896877829515643,0.9768894914498978,0.474,0.48266544789762333,False,1,ns
LK1109255,37.83228155919377,37.171254888706585,0.16889734368855655,0.6970535890366212,0.4857692574574187,0.25,0.2994623655913978,False,1,ns
LK1109260,37.10711533327437,38.41599969648458,0.21794862565588602,1.5424381109100822,0.12296716642017236,0.074,0.12267261904761903,False,1,ns
LK1109265,36.65600776711736,36.60296613672395,0.007978762539553238,0.19981463540725883,0.8416255547476712,0.416,0.4421984732824427,False,1,ns
LK1109270,37.056975287687216,36.55286806970205,0.015413961600688876,0.11097487661544173,0.9116362692101565,0.431,0.45295660377358493,False,1,ns
LK1109275,36.13295004607148,35.210648902215524,0.04836184802293809,0.9290759903428264,0.3528497062902297,0.18,0.23262180974477956,False,3,ns
LK1109280,34.29508619571068,34.96659321420209,0.46040102125940585,1.4985784952548986,0.13398301501589918,0.063,0.11104746835443038,False,3,ns
LK1109285,34.44564996993099,34.90206504068889,0.4467103620488891,1.7723244306822092,0.07634071806281303,0.026,0.06009128630705394,False,3,ns
LK1112005,34.6065753640394,34.27750004739814,0.5809016646128168,2.198234108383367,0.0279324272200239,0.006,0.021561290322580647,True,3,LL
LK1112010,34.81689586755892,34.02972528224063,0.5726288047247489,1.26956199274658,0.20424069509443799,0.099,0.15066393442622952,False,3,ns
LK1112015,33.45287520044186,34.519931407912345,0.8456429003409258,1.6636220256908654,0.09618798745000644,0.041,0.08127046263345196,False,3,ns
LK1112020,34.71663299195127,34.7235831116667,0.4306143296814477,1.4797950645733622,0.13892794620305465,0.065,0.11421135646687697,False,3,ns
LK1112025,33.90712401751324,34.23689737262962,0.8229902782063117,1.9053968120878337,0.056728509307255745,0.022,0.05281896551724138,False,3,ns
LK1112030,34.55242879849888,34.07066024997804,0.6567826906320848,2.242255634978257,0.02494485529762486,0.006,0.021561290322580647,True,3,LL
LK1112035,34.63463718093163,34.33261306996295,0.5569570377462004,1.9944239651895357,0.04610574167494987,0.013,0.036756345177664976,True,3,LL
LK1112040,34.70088283327296,34.3590966758355,0.5291806739074494,1.7968514940926295,0.07235919889758727,0.031,0.06692635658914728,False,3,ns
LK1112045,34.01843915894798,34.13776054035031,0.8222759213010473,2.648291680493028,0.008089969166111693,0.002,0.008912000000000002,True,3,LL
LK1112050,33.719081373927985,34.72542994389696,0.6851327572737337,1.4801384634800314,0.13883629861962948,0.066,0.11560377358490566,False,3,ns
LK1112055,34.019791481085626,34.542903267994944,0.6745908848091228,1.6379278806708024,0.10143673911513942,0.044,0.08393150684931507,False,3,ns
LK1112060,34.83802632792535,34.8278267643894,0.3746953930299755,1.6314530810293288,0.10279475231337892,0.048,0.09032432432432433,False,3,ns
LK1112065,34.344923280871214,34.90063732215697,0.47018900920107914,1.5595550747348397,0.11886506001500316,0.057,0.10341693811074919,False,3,ns
LK1112070,34.71902302166509,34.59497039040541,0.4630043849087996,2.0178198305164874,0.04361002882160478,0.015,0.04036231884057971,True,3,LL
LK1112075,34.03775901206595,34.47508254904419,0.6939553905052015,1.6973912862920537,0.08962270887232254,0.041,0.08127046263345196,False,3,ns
LK1112080,34.50678667120977,34.78585230015557,0.46631797174693346,1.9017745354541231,0.05720063671673443,0.021,0.0517566371681416,False,3,ns
LK1112085,34.76222999855642,34.471246814289714,0.48202991485865465,1.9948369910831925,0.0460606614542962,0.016,0.042236966824644555,True,3,LL
LK1112090,34.607841853901235,34.53522624472956,0.5099838255648583,1.6448098016081345,0.10000904023553141,0.043,0.08374475524475523,False,3,ns
LK1112095,34.76020180254723,34.75763084089062,0.41094257961124697,1.4511942619875313,0.14672577423466504,0.069,0.1189876160990712,False,3,ns
LK1112100,34.793883763217465,34.98259105712396,0.34734594577850336,1.3793134402118854,0.16779813439203584,0.081,0.12964655172413794,False,3,ns
LK1112105,36.47400434752272,35.08970489411128,-0.014925929033678937,-1.471316045078961,0.14120566609156704,0.069,0.1189876160990712,False,4,ns
LK1112110,35.83416190532007,34.83667307749272,0.13487689163072727,1.3794455993610846,0.16775740819324458,0.081,0.12964655172413794,False,3,ns
LK1112115,33.7678675350373,35.246255993683434,0.46337171171681146,1.0293671304526077,0.30330718879365504,0.152,0.20649756097560976,False,3,ns
LK1112120,34.50895457610507,35.14644963009306,0.3616881453786448,1.2228974086653148,0.22136844744238238,0.105,0.15513262599469496,False,3,ns
LK1112125,34.95753455176426,35.48850837516624,0.20054970536243558,0.8991857417838,0.3685537336632877,0.18,0.23262180974477956,False,3,ns
LK1112130,35.97093094870072,35.772576882065096,0.04100802976995374,0.5690767424827511,0.5693040609459645,0.302,0.3475495867768595,False,3,ns
LK1112135,36.76820560558675,35.19523431770514,-0.06782022866950804,-1.2571655711936396,0.2086936873525378,0.1,0.1513586956521739,False,4,ns
LK1112140,34.96850916953832,35.37975801606296,0.22278511003374263,0.7985103728107585,0.4245743761365681,0.216,0.2679554565701559,False,3,ns
LK1112145,35.40206156539375,35.19127087153965,0.18398652571906188,1.075182360083493,0.28229309143250914,0.143,0.1966691358024691,False,3,ns
LK1112150,34.90713949919689,34.54283217572619,0.42305143469703577,1.6403428392289845,0.10093390310222175,0.044,0.08393150684931507,False,3,ns
LK1112155,35.02318463950243,34.49473178083853,0.400260672382531,1.838653743521024,0.06596613105394036,0.022,0.05281896551724138,False,3,ns
LK1112160,34.65033252015058,34.49120401342013,0.5096460160062781,1.8433897814635878,0.06527212096104251,0.022,0.05281896551724138,False,3,ns
LK1112165,34.03292555157608,34.05253339056761,0.848071244621729,2.6150051706709356,0.008922610471288757,0.001,0.006054347826086957,True,3,LL
LK1112170,33.80201901531953,34.03802258064505,0.93657738403463,2.6321856087833186,0.008483750094926646,0.001,0.006054347826086957,True,3,LL
LK1112175,34.12967482615185,34.39671339187242,0.694108343419048,1.7690870665729765,0.07687934591266182,0.034,0.07092883895131087,False,3,ns
LK1112180,34.00721584721196,34.42689547147724,0.7205328687409263,2.0418739039242615,0.04116404096979576,0.012,0.0348125,True,3,LL
LK1112185,33.91304479415935,34.823833602351044,0.5981907506736979,1.5303826319108935,0.12592204546278768,0.06,0.10780645161290323,False,3,ns
LK1112190,35.12913482251608,34.850712564758794,0.3003953011430418,1.6083728480995427,0.10775354460643417,0.053,0.09710855263157896,False,3,ns
LK1112195,36.72177235228674,35.26510127170026,-0.055842502658340815,-1.0091828273721466,0.3128869608083923,0.156,0.20887499999999998,False,4,ns
LK1112200,34.550714605178186,34.877254814175885,0.4296916659845505,1.475495863668751,0.14007927951125645,0.069,0.1189876160990712,False,3,ns
LK1112205,35.08745688402688,34.669716048408546,0.34651166599572586,1.5279933882594683,0.12651417955219266,0.061,0.10890064102564101,False,3,ns
LK1112210,34.75522759919907,34.79164273234894,0.40365030234970756,1.251786730240073,0.2106475867120231,0.112,0.16245833333333334,False,3,ns
LK1112215,34.80478466522711,35.13851164505234,0.30702072529258945,1.228989481860923,0.21907574962675258,0.105,0.15513262599469496,False,3,ns
LK1112220,35.51018581119881,35.165281957709475,0.16756831977839598,1.0962414464575592,0.2729731261302596,0.141,0.19536567164179103,False,3,ns
LK1112225,35.3059632403638,34.95100125281935,0.24183250502012585,1.28237769790722,0.19971018377559924,0.094,0.1450360110803324,False,3,ns
LK1112230,35.719524892686934,35.59109234596969,0.08391221917123082,1.013829788644271,0.3106639784950802,0.16,0.2121904761904762,False,3,ns
LK1112235,39.324970172935416,36.05070686722603,-0.15576702075350482,-0.23428513467751222,0.8147636256228145,0.423,0.44707969639468687,False,4,ns
LK1112240,35.571802187087464,35.528886828339026,0.1100065001484828,0.9178976815813076,0.3586724355437081,0.192,0.2452844036697248,False,3,ns
LK1112245,34.04857179589102,34.57266807728054,0.6557469889903523,1.8929508642804913,0.05836440410445757,0.021,0.0517566371681416,False,3,ns
LK1112250,33.73040622743414,34.15639788951103,0.9141547062415782,2.316384109025659,0.020537305621792915,0.002,0.008912000000000002,True,3,LL
LK1112255,33.50828437281095,34.382773159000294,0.8902934971295957,1.783669341635684,0.0744774107324251,0.03,0.06578740157480316,False,3,ns
LK1112260,34.455038343982004,33.961542859869425,0.7238131767883103,2.149798929912809,0.03157112288098869,0.006,0.021561290322580647,True,3,LL
LK1112265,34.0379278793076,34.09952697040518,0.8293324867084723,2.030629143472634,0.04229262905832487,0.011,0.03224736842105263,True,3,LL
LK1112270,33.59845589409012,33.96197160956261,1.0425080452160647,2.3415802106822206,0.019202299331850955,0.001,0.006054347826086957,True,3,LL
LK1112275,34.24400795813126,33.80434464996061,0.8541123567230893,2.672402951214441,0.007531015486250606,0.001,0.006054347826086957,True,3,LL
LK1112280,33.7202575285224,33.72445698394654,1.0943435897355234,2.0827089027722874,0.037277765460466926,0.007,0.02377439024390244,True,3,LL
LK1112285,33.656377509700256,33.91243488731012,1.0416988306324002,2.1946484844571073,0.028188822749109915,0.005,0.01856666666666667,True,3,LL
LK1112290,34.16767218128719,33.81240837036927,0.8816141143839087,2.2806678721737246,0.022568107679412926,0.002,0.008912000000000002,True,3,LL
LK1112295,33.40196099727833,33.97741435885702,1.1085755090285452,2.702954874778346,0.006872607596249694,0.001,0.006054347826086957,True,3,LL
LK1112300,33.895971007232546,33.95442073371012,0.9346587203640044,2.3489795136991862,0.018824942521841026,0.001,0.006054347826086957,True,3,LL
LK1112305,34.213156522294874,34.99274026095171,0.46959751260711446,1.5846387821196501,0.1130484281695338,0.05,0.09252491694352159,False,3,ns
LK1112310,36.86079352190371,36.20736344375117,-0.013529156250621182,-0.15860941383018912,0.8739766115273249,0.444,0.463123595505618,False,4,ns
LK1112315,35.04520732642397,34.65225739625956,0.3612811269246671,1.5446424681945992,0.12243276788615914,0.059,0.10635275080906148,False,3,ns
LK1112320,34.750388434332294,34.874543382786285,0.38396334420347983,1.5884247645058016,0.11219032125654316,0.05,0.09252491694352159,False,3,ns
LK1112325,34.523671577929434,34.969497343593446,0.4095565265285566,1.3892577846709129,0.16475437593076203,0.077,0.12614411764705882,False,3,ns
LK1112330,34.130149972810855,34.674496590980766,0.5977053483009999,1.669163353745363,0.09508501052966706,0.037,0.07576838235294117,False,3,ns
LK1112335,34.448067159172815,34.537571327807115,0.5547671329161903,1.7974212715681839,0.07226876628336659,0.025,0.05875527426160338,False,3,ns
LK1112340,34.67014976567215,34.192875462532854,0.5826482968420906,2.4666229019009305,0.013639391280081284,0.001,0.006054347826086957,True,3,LL
LK1112345,33.938247044705065,34.199578207823414,0.8267383196393087,2.116882927374102,0.03426978496608333,0.009,0.02800558659217877,True,3,LL
LK1112350,33.77260384487617,33.89165076650834,1.0058968241276824,2.2097280156613683,0.027124044190717716,0.005,0.01856666666666667,True,3,LL
LK1112355,34.161239492646395,33.796617892057284,0.8895520591462069,2.495320556680707,0.01258433872895442,0.001,0.006054347826086957,True,3,LL
LK1112360,34.06083529067936,33.95736346074254,0.8720548526692058,1.6329955186780956,0.10246993917356044,0.044,0.08393150684931507,False,3,ns
LK1112365,34.64751033944155,34.2553892649635,0.5735529416933508,1.6674284723533248,0.0954292362384316,0.045,0.08525510204081632,False,3,ns
LK1112370,34.15039899903872,34.282839544861545,0.7268781294783179,1.4157965919887376,0.15683506769767297,0.079,0.12828862973760932,False,3,ns
LK1112375,34.26276125043803,34.3626473574455,0.6645232064563948,1.5850972254448488,0.11294424589125229,0.055,0.10044262295081968,False,3,ns
LK1112380,34.15476005134834,34.40502762781293,0.683587083665917,1.7612124316042548,0.07820245472180494,0.033,0.0693622641509434,False,3,ns
LK1112385,35.01200432829249,34.23397264303978,0.45875623892745065,1.9066336115729698,0.05656804940473157,0.019,0.047457399103139015,True,3,LL
LK1112390,33.91238656029759,34.055785305961734,0.8900342103954673,2.25143930500875,0.024357727043875007,0.006,0.021561290322580647,True,3,LL
LK1112395,33.27988728751446,34.13035243779147,1.080870192054827,2.003664341347284,0.04510602849587997,0.011,0.03224736842105263,True,3,LL
LK1112400,33.381030371416294,33.72493472448054,1.2326882388455707,1.790925967062261,0.07330517604888341,0.026,0.06009128630705394,False,3,ns
LK1112405,33.982530325629575,34.076217599834486,0.8573905812536613,2.0497794795234396,0.0403859549544238,0.01,0.030604395604395606,True,3,LL
LK1115005,33.03779928444606,33.76812179425316,1.3506944062882618,2.0487741158505948,0.04048420794649117,0.009,0.02800558659217877,True,3,LL
LK1115010,33.65995756660421,33.25805645028001,1.314079824272342,2.1033482098641185,0.03543534209547292,0.004,0.015914285714285714,True,3,LL
LK1115015,32.649732150366084,33.889456062410076,1.4371469489909843,2.216714739197927,0.026642590941230494,0.005,0.01856666666666667,True,3,LL
LK1115020,32.87112926269571,33.37072474536265,1.6317724588980262,2.3547218883426204,0.018536573173571467,0.001,0.006054347826086957,True,3,LL
LK1115025,33.06833581300987,33.33653524692118,1.5579576500974666,2.0512537076150625,0.04024224607373458,0.007,0.02377439024390244,True,3,LL
LK1115030,33.75703110931267,34.27114707872763,0.8587342849884303,2.2044062257807373,0.02749578822863283,0.005,0.01856666666666667,True,3,LL
LK1115035,33.550448193639205,35.68093887340049,0.31255003731033315,0.6524262583967353,0.5141262295122004,0.27,0.31794926004228335,False,3,ns
LK1115040,37.20664338315157,35.21543378214463,-0.1459489969034863,-0.9238515569760978,0.3555636077963129,0.178,0.23164953271028038,False,4,ns
LK1115045,37.19084168212491,35.26624129214569,-0.13695150485127744,-1.0092267372407655,0.31286590659726754,0.158,0.21104556354916068,False,4,ns
LK1115050,35.32393669152438,35.842648094391365,0.09142742028244842,0.56474810725694,0.5722451077412823,0.305,0.34812499999999996,False,3,ns
LK1115055,35.755039972468595,34.71394880901088,0.16583302723209067,1.6264252157756434,0.10385923027863764,0.044,0.08393150684931507,False,3,ns
LK1115060,34.495138219944685,35.49877661607756,0.26188001703777947,0.6102956903900698,0.541665951236846,0.29,0.337223382045929,False,3,ns
LK1115065,33.38144536875516,33.33776564747551,1.410946261544807,2.9297016118223738,0.0033928763368283087,0.001,0.006054347826086957,True,3,LL
LK1115070,34.44616991740303,34.39057993570509,0.5991486486972265,1.77682955279689,0.07559628793902702,0.031,0.06692635658914728,False,3,ns
LK1115075,34.0866379160279,34.07748541933382,0.8200099720740722,2.3979473878098476,0.016487233175680755,0.004,0.015914285714285714,True,3,LL
LK1115080,34.03469239356135,34.022188092279066,0.8583956741269058,2.09914556675248,0.035804070682368336,0.011,0.03224736842105263,True,3,LL
LK1115085,33.2911993008192,33.97063843111483,1.1527561747882384,2.147203740214027,0.031777065084368464,0.009,0.02800558659217877,True,3,LL
LK1115090,33.01372545090101,33.69836599986302,1.3964314168274883,1.8163426128596731,0.06931783234668358,0.023,0.054514893617021276,False,3,ns
LK1115095,34.38917845245129,33.98918094008729,0.7398467560054133,2.4896849068509717,0.012785639135367868,0.002,0.008912000000000002,True,3,LL
LK1115100,35.377796574214415,33.7618792324388,0.41144720122030637,2.7191076033620134,0.006545830997883986,0.001,0.006054347826086957,True,3,LL
LK1115105,34.317507385887744,34.66827334027948,0.5503344778701138,1.53612835903066,0.12450690220628109,0.058,0.10488961038961041,False,3,ns
LK1115110,36.39653923706827,33.95021774178721,0.0010593873961207124,2.349413482217376,0.01880301333279499,0.002,0.008912000000000002,True,3,LL
LK1115115,34.4366047257437,34.54869518223156,0.5546918844203151,1.4445393032942464,0.14858733229749166,0.073,0.12210510510510508,False,3,ns
LK1115120,34.383385649319514,33.45896122501652,0.9052072552508375,2.820974377500367,0.0047878026812871195,0.001,0.006054347826086957,True,3,LL
LK1115125,32.96868592513545,34.25094320464285,1.1255230227143027,1.9055251119345455,0.05671184635233601,0.018,0.04578082191780822,True,3,LL
LK1115130,33.96629695751945,35.12349644623732,0.4740413530548267,1.3406754719611549,0.18002584153650814,0.081,0.12964655172413794,False,3,ns
LK1115135,36.14055800979364,34.707441382046774,0.06686863917219672,1.3199788946959867,0.18684206459913266,0.104,0.15488770053475934,False,3,ns
LK1115140,34.796508561290025,35.85354035058071,0.13360033892906012,0.4369372026565698,0.6621568907518095,0.337,0.37541800000000003,False,3,ns
LK1115145,34.74302331785324,35.46853328554183,0.23543909524293566,0.4881151323808864,0.6254682931241364,0.346,0.3816277227722772,False,3,ns
LK1115150,34.12571271089605,34.78816714672589,0.5594078610866559,1.2623738851993216,0.20681428162810755,0.11,0.16039267015706807,False,3,ns
LK1115155,36.82223702574314,33.92548839948088,-0.15974734626819237,-2.1744774479885454,0.02966929726837795,0.008,0.026058479532163746,True,4,HL
LK1115160,34.42417499971821,34.56053389012999,0.5546337994174513,1.4326829288048792,0.15194847025719949,0.082,0.1297556818181818,False,3,ns
LK1115165,33.354226219958,33.91554983574625,1.154997454289653,2.572996900490434,0.010082211063557753,0.002,0.008912000000000002,True,3,LL
LK1115170,32.592485830557294,33.08413361325459,1.9272457882331429,3.1839712568566925,0.0014526943641607927,0.001,0.006054347826086957,True,3,LL
LK1115175,33.44570058052545,33.85964586151042,1.145516923474026,2.8430147401157218,0.004468900358209285,0.001,0.006054347826086957,True,3,LL
LK1115180,33.10886841638925,33.743031298172724,1.3347458794300706,2.9741156005060123,0.0029383435460166125,0.001,0.006054347826086957,True,3,LL
LK1115185,33.74600809743735,34.23579703637846,0.876639825897263,2.0907011984838193,0.036554857500275297,0.011,0.03224736842105263,True,3,LL
LK1115190,33.41472024631858,34.08780624845947,1.0535432151175517,1.56068373232411,0.11859839141786496,0.049,0.0918956228956229,False,3,ns
LK1115195,35.84104535790837,34.84461377357492,0.1325572664948015,1.0521695976103027,0.2927217453796934,0.17,0.22332547169811323,False,3,ns
LK1115200,34.49761671652763,35.3430897949155,0.306751704660778,0.9499129037372745,0.34215650963648747,0.173,0.2261995305164319,False,3,ns
LK1115205,34.86051484202611,34.38746075324014,0.4727804824520606,1.9461825957983383,0.051632809778790124,0.015,0.04036231884057971,True,3,LL
LK1115210,34.22030206889438,33.95452922860278,0.8135318002056308,2.356581518950455,0.018444018921872453,0.002,0.008912000000000002,True,3,LL
LK1115215,33.745227728038955,33.80780805416275,1.0503617397385037,2.290531242723774,0.0219905395948083,0.003,0.01265909090909091,True,3,LL
LK1115220,34.57340897828248,33.484615495301306,0.8127307428233461,2.270951288458437,0.023149926928574933,0.004,0.015914285714285714,True,3,LL
LK1115225,33.252054849891955,33.19275479303019,1.541132837805388,2.5027584522167277,0.012322961484366223,0.001,0.006054347826086957,True,3,LL
LK1115230,33.93995960392277,33.67238516006125,1.024157706538625,2.416395228833302,0.015675036597289596,0.002,0.008912000000000002,True,3,LL
LK1115235,32.49151491221453,32.75760416926398,2.1732184446275067,3.511482583396805,0.00044561466094177434,0.001,0.006054347826086957,True,3,LL
LK1115240,32.86322867293901,32.81587138946266,1.9350393198365445,4.0087583566175535,6.103883563832081e-05,0.001,0.006054347826086957,True,3,LL
LK1115245,33.35322150226707,33.07319750603207,1.5472084639744859,2.9465842601209,0.0032130486711287446,0.001,0.006054347826086957,True,3,LL
LK1115250,33.28413352751672,32.66949860002612,1.7743440678967826,3.300271926037346,0.0009659118822937842,0.001,0.006054347826086957,True,3,LL
LK1115255,32.85770206342341,33.20537584103317,1.72740799036435,3.084476091659783,0.002039109984228363,0.001,0.006054347826086957,True,3,LL
LK1115260,33.33835773933966,33.51665346780776,1.3474728930535387,2.990812726943546,0.0027823607019847605,0.001,0.006054347826086957,True,3,LL
LK1115265,33.16096338685988,33.59249368761472,1.3880581989557883,2.9142769850481303,0.003565134326704738,0.001,0.006054347826086957,True,3,LL
LK1115270,33.82528286480311,34.57085791316837,0.7187441427308905,1.7838858876018935,0.07444220953138873,0.029,0.064612,False,3,ns
LK1115275,35.97766417044587,34.88366357303894,0.0976066962872048,1.3558997615638206,0.175131063403835,0.082,0.1297556818181818,False,3,ns
LK1115280,35.319591612245866,35.242509622939146,0.19075217593931332,1.1436762289657223,0.2527579351608604,0.124,0.17755269922879177,False,3,ns
LK1115285,35.91531182959197,34.72143078845743,0.12403047277546948,1.6360674193127378,0.10182547805574817,0.041,0.08127046263345196,False,3,ns
LK1115290,33.29039118119199,34.23201265066989,1.0289668965221819,2.1043067088913885,0.035351701220412556,0.011,0.03224736842105263,True,3,LL
LK1115295,33.35282831955959,33.629095204670946,1.2887925496490862,2.872441616292677,0.004073133331886044,0.001,0.006054347826086957,True,3,LL
LK1115300,32.35233607050141,32.94033218860259,2.1376917159642854,3.0673654910742534,0.0021595462829729697,0.001,0.006054347826086957,True,3,LL
LK1115305,32.18685522172863,32.385847777763416,2.5817844996180104,4.151359059891798,3.305067719131605e-05,0.001,0.006054347826086957,True,3,LL
LK1115310,31.60886946647815,32.37583629181566,2.9433465107789334,2.719909365026016,0.006529981195893927,0.001,0.006054347826086957,True,3,LL
LK1115315,32.44913874150383,32.06117361247165,2.6168848143900543,2.929317376835518,0.00339707367294309,0.001,0.006054347826086957,True,3,LL
LK1115320,31.92100469099966,32.75156969576243,2.494614604463551,3.5210174595891974,0.0004298943098453101,0.001,0.006054347826086957,True,3,LL
LK1115325,33.72882127235675,34.16853642647201,0.909747408918349,1.7508308759796058,0.07997504642346184,0.033,0.0693622641509434,False,3,ns
LK1115330,35.408868230848014,34.410113347227515,0.300884472157681,1.9365929167122962,0.052795124507010224,0.015,0.04036231884057971,True,3,LL
LK1115335,34.397311154726175,34.862935244778726,0.46972575374156605,1.382163179872534,0.16692160281007562,0.078,0.12740762463343108,False,3,ns
LK1115340,34.62205797428844,34.388711719454896,0.5457016726325672,2.101544827520266,0.03559316723201305,0.007,0.02377439024390244,True,3,LL
LK1118005,33.37506591147539,33.36445893267084,1.4016011482006894,2.698861777752867,0.006957706770271413,0.001,0.006054347826086957,True,3,LL
LK1118010,33.79533779018491,33.04994155455107,1.3318953194096335,3.471307038656991,0.000517931420525049,0.001,0.006054347826086957,True,3,LL
LK1118015,32.84348287088824,32.89117983230116,1.9049520029147569,3.117136657506852,0.001826168989508897,0.001,0.006054347826086957,True,3,LL
LK1118020,32.97938181100055,32.93464946149881,1.8094466050666018,3.888148439259865,0.00010101184674227117,0.001,0.006054347826086957,True,3,LL
LK1118025,32.38779614920818,32.46677061495498,2.4090587537321597,3.492154057405765,0.0004791418088825989,0.001,0.006054347826086957,True,3,LL
LK1118030,33.546785040229764,32.698696638097886,1.612027065411979,3.282161679970178,0.0010301452050288879,0.001,0.006054347826086957,True,3,LL
LK1118035,33.61067495025292,33.51958169446503,1.2263505910801789,2.7859411730460937,0.005337255670803335,0.001,0.006054347826086957,True,3,LL
LK1118040,34.04738080654647,33.78963994967302,0.9373117161814742,2.710526237677837,0.006717653346754165,0.001,0.006054347826086957,True,3,LL
LK1118045,33.57275796986373,33.53811697340011,1.2350243526137015,2.7677962867042694,0.005643672018689683,0.001,0.006054347826086957,True,3,LL
LK1118050,33.40783879881928,33.273153573869514,1.428122926988667,2.7784910312624342,0.005461202088826195,0.001,0.006054347826086957,True,3,LL
LK1118055,33.174807427410144,33.83123244257709,1.2645678643384421,2.8915555123146897,0.0038333986343617316,0.001,0.006054347826086957,True,3,LL
LK1118060,34.05155927911403,34.05888678662167,0.8391155807843443,1.8351763292727723,0.06647956720585758,0.026,0.06009128630705394,False,3,ns
LK1118065,35.085853425228514,34.28023049324926,0.4250583800883355,2.0571959908076316,0.039667377048054016,0.011,0.03224736842105263,True,3,LL
LK1118070,35.128599877960504,34.55794011894911,0.35733514817000517,1.4459940095891912,0.1481788820191148,0.08,0.12915942028985508,False,3,ns
LK1118075,34.6957403543512,34.83030628257858,0.40819646473850857,1.6450393667915753,0.09996169305748377,0.043,0.08374475524475523,False,3,ns
LK1118080,35.01473334899097,34.48601952677676,0.40456083588133274,1.50175774619433,0.13315968437303144,0.071,0.11947734138972808,False,3,ns
LK1118085,34.088796599473234,34.72280897378033,0.5915513499016151,1.6409713142953826,0.10080336995332077,0.041,0.08127046263345196,False,3,ns
LK1118090,35.43055410226295,34.197992177683844,0.32567882591115577,2.287706733251394,0.022154605330782156,0.005,0.01856666666666667,True,3,LL
LK1118095,34.44154864984546,34.51171154159218,0.5643516534429296,1.8362657567951735,0.06631836161389289,0.019,0.047457399103139015,True,3,LL
LK1118100,34.180449004637595,34.21801021545258,0.7391326034871347,2.270396368980056,0.02318354460126747,0.005,0.01856666666666667,True,3,LL
LK1118105,33.626307863969544,34.21020523361811,0.9270244639360201,1.4881458405533516,0.13671243658113702,0.063,0.11104746835443038,False,3,ns
LK1118110,34.00861804637129,34.15721312818275,0.8185659890446537,2.5278339555736644,0.011476861629525765,0.001,0.006054347826086957,True,3,LL
LK1118115,34.08842964925809,33.63101007667984,0.9769321789713395,2.459211754711618,0.013924246166638472,0.002,0.008912000000000002,True,3,LL
LK1118120,33.88323238991425,33.999925037837386,0.9219307996712678,2.136012664604963,0.03267838155110121,0.008,0.026058479532163746,True,3,LL
LK1118125,33.69550775862085,33.998470493161776,0.9913149666707088,2.496511709382978,0.012542152786026033,0.002,0.008912000000000002,True,3,LL
LK1118130,34.08689213769455,33.828077904048286,0.9079922597764669,1.7442746112442082,0.0811112165528191,0.028,0.06365714285714286,False,3,ns
LK1118135,34.40067048694435,34.23407376465557,0.6608731198697905,1.9297415084050151,0.05363887410648769,0.015,0.04036231884057971,True,3,LL
LK1118140,33.92258481134472,33.89284772535673,0.9480102719576489,2.426541933065575,0.015243488619808267,0.003,0.01265909090909091,True,3,LL
LK1118145,33.866141142179295,33.732402006743435,1.0316807728071422,2.0886401150739045,0.03674013126990722,0.007,0.02377439024390244,True,3,LL
LK1118150,33.274949275125294,33.797103545107205,1.2415789112834472,2.316128721726686,0.02055124151811841,0.005,0.01856666666666667,True,3,LL
LK1118155,33.51868441762675,33.57674106280858,1.2416600276332883,2.7275370796451384,0.006380908561619676,0.001,0.006054347826086957,True,3,LL
LK1118160,33.436373456058064,33.529900236303206,1.2983322266189912,1.9458599737783215,0.05167156210016045,0.011,0.03224736842105263,True,3,LL
LK1118165,33.26899727596335,33.70725808005096,1.286892307938337,3.199520111488964,0.001376565826641918,0.001,0.006054347826086957,True,3,LL
LK1118170,33.81121365747615,33.506820726433595,1.1432056157214878,1.9603663772344755,0.04995298280612436,0.009,0.02800558659217877,True,3,LL
LK1118175,33.53120737481503,33.57513091208289,1.2369674865067906,1.915046742266538,0.055486542837369285,0.013,0.036756345177664976,True,3,LL
LK1118180,33.645181802809184,33.49199589714195,1.2227779164316983,2.5829101615633,0.00979708306329165,0.001,0.006054347826086957,True,3,LL
LK1118185,33.66067484956416,33.20895162191057,1.3342719759199966,2.160714379456882,0.030717409452599587,0.003,0.01265909090909091,True,3,LL
LK1118190,32.60468467440742,33.682301764659044,1.574451579215413,2.632473921892049,0.008476553012367254,0.001,0.006054347826086957,True,3,LL
LK1118195,33.32666243270346,33.34513842382439,1.4330990416541745,2.7119324826938906,0.006689221633936793,0.001,0.006054347826086957,True,3,LL
LK1118200,33.24189080848851,33.552900355735915,1.3724612100109106,1.55727790388515,0.11940451917117244,0.033,0.0693622641509434,False,3,ns
LK1118205,33.779138278768365,33.28427662059599,1.246418316581312,1.7039582613520796,0.08838888521268333,0.019,0.047457399103139015,True,3,LL
LK1118210,33.43930350789346,33.5388808164699,1.2929889611282281,2.5438781179052667,0.010962933043911181,0.001,0.006054347826086957,True,3,LL
LK1118215,33.62724651943404,33.699119754897616,1.1430616676990477,1.831276557215055,0.06705927485940015,0.018,0.04578082191780822,True,3,LL
LK1118220,33.34393801971564,32.297621620205845,1.9137913288267157,3.202331143505287,0.0013632019376808764,0.001,0.006054347826086957,True,3,LL
LK1118225,30.861334230028582,32.25781514001388,3.50245047498752,2.292594136455812,0.021871382276649275,0.001,0.006054347826086957,True,3,LL
LK1118230,31.17169226031213,32.53496335979554,3.0849240607016175,3.033543558769054,0.00241699815595113,0.001,0.006054347826086957,True,3,LL
LK1121005,38.866110181500616,38.75790825370769,0.8884196569013154,2.035491239267732,0.04180146916637047,0.028,0.06365714285714286,False,1,ns
LK1121010,37.61013179262793,37.745213657453675,0.2488310396273084,1.3366983325658286,0.18132112644074716,0.1,0.1513586956521739,False,1,ns
LK1121015,36.08119493841672,37.04695194450218,-0.03146405107068548,-0.5711833401211527,0.5678753700852747,0.286,0.33466806722689074,False,2,ns
LK1121020,35.50428966110447,35.82010115051008,0.07917662013679896,0.6861025436153609,0.49264844705138344,0.258,0.3062908704883227,False,3,ns
LK1121025,36.38357039438725,35.771630802725475,0.001514711502190705,0.5769688132199172,0.5639605233563341,0.29,0.337223382045929,False,3,ns
LK1121030,35.1071461077795,35.350894864499445,0.20689489525436186,1.0425285493240743,0.2971666963030193,0.154,0.20803614457831324,False,3,ns
LK1121035,34.23578085685569,34.555532762987426,0.6091870594066795,1.643330106474069,0.10031465248837373,0.04,0.08072463768115942,False,3,ns
LK1121040,34.262957473532786,34.89342758452831,0.49130012848617094,1.8138721221108256,0.06969741559911354,0.027,0.06188888888888889,False,3,ns
LK1121045,34.706132079419795,34.889174656761185,0.3904852249796265,1.1995458164789639,0.2303157807271221,0.126,0.17858015267175573,False,3,ns
LK1121050,36.68371178322423,34.75753194462033,-0.07128877678600509,-1.4664295397756888,0.14253130368325623,0.071,0.11947734138972808,False,4,ns
LK1121055,34.62643165093176,34.67458034679899,0.4669637608710705,1.5424793659717846,0.12295714832494267,0.063,0.11104746835443038,False,3,ns
LK1121060,34.68396473853878,34.983779600346054,0.37081549107107487,1.3963069431480561,0.16262208387988764,0.08,0.12915942028985508,False,3,ns
LK1121065,35.105508151184026,35.371350699842445,0.20311549855535901,1.0260215706838252,0.30488141658204093,0.155,0.20803614457831324,False,3,ns
LK1121070,34.918347173741026,35.54700995367463,0.19276971546606794,0.6869528705316655,0.49211242818008527,0.243,0.2942413043478261,False,3,ns
LK1121075,35.41610586830413,36.47678444899332,-0.011623453631284903,-0.026587760938590114,0.9787885351662311,0.458,0.47170295202952034,False,2,ns
LK1121080,36.8929288031506,36.4571910305332,0.00435774440023652,0.010990235782430012,0.9912312370728892,0.464,0.47421651376146795,False,1,ns
LK1121085,37.92729810639099,37.127460755888805,0.1698788466408817,0.4704536251884191,0.6380309593117581,0.327,0.3687024291497976,False,1,ns
LK1121090,37.691055536621775,37.53337635779776,0.2236780925861557,1.1219624363233187,0.26187841171247384,0.151,0.205640586797066,False,1,ns
LK1121095,36.76004010419075,37.55363604781385,0.06357196618524764,0.9816844229443331,0.32625534179548066,0.168,0.2217440758293839,False,1,ns
LK1121100,37.29780524642876,37.936688381176495,0.2109121892863828,1.420180894153534,0.1555550244164407,0.088,0.13729971988795517,False,1,ns
LK1121105,37.29046007456135,36.89188497387417,0.06701793031624687,0.4029213935933319,0.6870060524973461,0.339,0.3761414342629482,False,1,ns
LK1121110,38.09254484729662,36.961625775419805,0.1453738616604276,0.4938337019008072,0.6214236295984756,0.304,0.34812499999999996,False,1,ns
LK1121115,36.16213613410589,36.1764639399287,0.008075287951522831,0.2579041553380064,0.7964808778297393,0.419,0.44369391634980987,False,3,ns
LK1121120,35.85222038378499,36.26181059499048,0.011493602156787304,0.1855222624195399,0.8528194204586205,0.449,0.4674635514018692,False,3,ns
LK1121125,34.91628511268539,35.375628993538506,0.2318515058145597,0.8235624099952936,0.41018824203665216,0.212,0.264762331838565,False,3,ns
LK1121130,35.24178483020437,35.05882765746043,0.23696667204013813,1.32526717824461,0.18508255102156768,0.096,0.14771270718232044,False,3,ns
LK1121135,35.36117609627788,35.55537600625054,0.13380490687318136,0.7722352549241933,0.43997510442002674,0.232,0.28338596491228074,False,3,ns
LK1121140,35.41538564845382,35.43435944587636,0.1450021321508824,0.878336337008487,0.3797612219180825,0.203,0.2563968253968254,False,3,ns
LK1121145,35.90641732458263,35.73506328706945,0.05000681426317002,0.7268629272214753,0.46730992964125173,0.244,0.29481127982646416,False,3,ns
LK1121150,34.76830865752368,35.74040891746738,0.16412859693793883,0.676749337208643,0.4985650073796457,0.257,0.3058739316239316,False,3,ns
LK1121155,36.9503347544791,35.432692338950005,-0.0813312347391111,-1.2343965019295007,0.21705519187896316,0.108,0.15872295514511872,False,4,ns
LK1121160,37.66782177598736,36.37170966480773,-0.00535811707322331,-0.040020789783136154,0.9680765517192155,0.488,0.4933139745916515,False,4,ns
LK1121165,37.67405721526144,36.26919539106878,-0.025338909670462807,-0.20002256487377745,0.8414629335035548,0.45,0.4676305970149254,False,4,ns
LK1121170,35.92665909242751,36.397733761341684,0.00011824571800018649,0.04774223900528407,0.9619216706071358,0.491,0.49455153707052446,False,3,ns
LK1121175,37.43524300999044,36.774821830340635,0.05938959021080688,0.23026692761563233,0.8178843580675978,0.411,0.4385574712643678,False,1,ns
LK1121180,38.47915240334471,36.538607331023826,0.044220122898440906,0.08965520179772436,0.928561216298867,0.442,0.4619024390243902,False,1,ns
LK1121185,37.92919011385726,37.750773225081765,0.3157015340694321,1.343446341435486,0.17912748986809468,0.099,0.15066393442622952,False,1,ns
LK1121190,38.95196456884625,38.262417766662296,0.7262022291031812,1.731369002211992,0.0833859716005838,0.045,0.08525510204081632,False,1,ns
LK1121195,38.67388289166903,38.35219027326836,0.6782696837651916,1.5051013168782243,0.1322980305106757,0.076,0.12524260355029587,False,1,ns
LK1121200,37.379098754515205,37.95214149990005,0.2323082126275584,1.4324014507969693,0.1520289635939669,0.087,0.13650422535211265,False,1,ns
LK1121205,37.70550516630128,38.58108883923079,0.4351494257179403,2.0308861839011545,0.042266541625599716,0.022,0.05281896551724138,False,1,ns
LK1124005,40.0626973772341,39.01274331793874,1.4619386559074095,2.2684968501052696,0.02329894077810126,0.017,0.044247663551401875,True,1,HH
LK1124010,38.21308812426509,39.18157759506718,0.7705682059268125,2.8130916590640243,0.004906766237226979,0.005,0.01856666666666667,True,1,HH
LK1124015,38.08120844190226,37.249427507113936,0.21831503935061192,0.9455613024026573,0.3443723897322931,0.188,0.2412811059907834,False,1,ns
LK1124020,39.56087296383328,38.41956421495106,0.975300747641374,1.5611678741024835,0.11848414681669135,0.069,0.1189876160990712,False,1,ns
LK1124025,39.302833501905,38.48979414899614,0.9268354071198892,1.9532246800069364,0.0507929778764164,0.024,0.05664406779661017,False,1,ns
LK1124030,37.0602449510971,38.857473538648605,0.24806781222361457,2.479135271387,0.013170134784087295,0.009,0.02800558659217877,True,1,HH
LK1124035,38.29626525526731,38.57483930125335,0.6301559040908982,2.0273003159954537,0.04263170922562479,0.023,0.054514893617021276,False,1,ns
LK1124040,37.99794966072968,38.57972615543205,0.5322471511054564,1.8827873098081382,0.059729197513954516,0.036,0.07426666666666666,False,1,ns
LK1124045,37.97845388603757,38.03576611904172,0.3945891475626004,1.5137042244377201,0.130100873049829,0.074,0.12267261904761903,False,1,ns
LK1124050,36.500496338551294,38.11424154771072,0.02648134170318232,1.4730734800161644,0.14073122346795305,0.075,0.12396142433234421,False,1,ns
LK1124055,40.49433273357696,38.22251884270704,1.1400500960489326,1.693797500350319,0.09030376926783536,0.046,0.0868542372881356,False,1,ns
LK1124060,38.98183023011982,38.80714506067518,0.9495140636430964,2.2470712946026037,0.024635471112226328,0.014,0.03938383838383838,True,1,HH
LK1124065,38.54530449983522,38.43554496825311,0.6672418534112096,1.7560351846242295,0.07908240100017669,0.044,0.08393150684931507,False,1,ns
LK1124070,39.728456817544405,39.11318763660449,1.3796144558438959,2.748506121089257,0.005986751707102563,0.004,0.015914285714285714,True,1,HH
LK1124075,38.11092758723694,39.46375655978832,0.8009157352768975,2.665962586360432,0.007676823586801168,0.008,0.026058479532163746,True,1,HH
LK1124080,40.66510062403714,39.56761757183365,2.063785645066841,2.983328413459915,0.0028513186187254253,0.003,0.01265909090909091,True,1,HH
LK1124085,39.39809062740501,39.338896874478074,1.3460630195615955,3.2184792478921525,0.0012887229569468646,0.002,0.008912000000000002,True,1,HH
LK1124090,39.52822155254904,39.427471587883886,1.4467962338476523,2.6370313914671044,0.00836350915750975,0.009,0.02800558659217877,True,1,HH
LK1124095,39.46872150849732,38.604670591370365,1.0336328134963253,2.2218450398587137,0.026293779712932595,0.015,0.04036231884057971,True,1,HH
LK1124100,38.59593057830676,38.3476839676415,0.6535124172804941,1.9557581114011469,0.05049365554067644,0.03,0.06578740157480316,False,1,ns
LK1127005,39.04866353708919,39.219665214849016,1.1409761194427301,2.4531989028035146,0.014159202190171092,0.011,0.03224736842105263,True,1,HH
LK1127010,38.72220278798392,39.38110525236412,1.057642525906404,1.9892318096369432,0.046675622369984356,0.033,0.0693622641509434,False,1,ns
LK1127015,39.0790320522065,39.643410150121404,1.3274500598267471,3.285474205106638,0.0010181086407637613,0.001,0.006054347826086957,True,1,HH
LK1127020,39.90827267567357,40.27086534167077,2.074445927210803,3.6552950135932334,0.0002568863996393499,0.001,0.006054347826086957,True,1,HH
LK1127025,39.76347412305222,40.151119813957784,1.9273266995821472,3.5397465582048273,0.00040051145625408403,0.001,0.006054347826086957,True,1,HH
LK1127030,40.48059361088419,41.051028977683,2.899014453949071,4.403679425128153,1.064301809946262e-05,0.001,0.006054347826086957,True,1,HH
LK1127035,40.01998709190201,40.46512432384184,2.24789386479839,3.5539988196086556,0.00037942091647593816,0.002,0.008912000000000002,True,1,HH
LK1127040,39.62781641454863,39.86151482983405,1.706832190361577,3.798041117644966,0.00014584413406562276,0.001,0.006054347826086957,True,1,HH
LK1127045,40.17438232669503,39.07931799547627,1.5448870051530559,2.332073163148904,0.019696842583300893,0.015,0.04036231884057971,True,1,HH
LK1127050,37.74559622227996,39.096321213608675,0.5544249101223295,2.339249892867657,0.019322504292539948,0.013,0.036756345177664976,True,1,HH
LK1127055,38.88144791111216,38.71564683077793,0.8779255629489892,2.0064091871582166,0.044812608925965634,0.029,0.064612,False,1,ns
LK1127060,39.09560009122132,39.568306795730614,1.3047354705821341,2.757555950552266,0.005823524628920516,0.005,0.01856666666666667,True,1,HH
LK1127065,40.01562016779667,39.39360872138225,1.6534721738990747,1.9966395371062506,0.0458643546342712,0.033,0.0693622641509434,False,1,ns
LK1127070,40.36302328494151,39.785839850390495,2.049721815762907,2.6281677474549343,0.008584617111431329,0.007,0.02377439024390244,True,1,HH
LK1127075,39.50241056259621,39.2609654334579,1.3559623757914254,2.8952759064645996,0.003788254039339413,0.002,0.008912000000000002,True,1,HH
LK1127080,39.168256398341065,40.18048654355822,1.598737606746764,3.301229654173709,0.0009626205412575334,0.002,0.008912000000000002,True,1,HH
LK1127085,40.529728579947765,39.986427241029865,2.2624455564530463,3.392557546313804,0.0006924338561838587,0.001,0.006054347826086957,True,1,HH
LK1127090,40.08879616083045,40.46632863446644,2.2912931379039603,3.5584494264530986,0.00037305060103262893,0.002,0.008912000000000002,True,1,HH
LK1127095,40.39430911485509,40.29513294888554,2.3765927721910964,3.0269944293315785,0.0024699851025087568,0.002,0.008912000000000002,True,1,HH
LK1127100,40.40176792461487,40.154293787712355,2.294951270161882,3.285146576190775,0.0010192933035002819,0.002,0.008912000000000002,True,1,HH
LK1130005,40.16023913014905,40.54592926912872,2.3813771540258526,3.6297778618569243,0.0002836652315505666,0.001,0.006054347826086957,True,1,HH
LK1130010,39.93910601232998,40.59823361115528,2.2696281828598086,3.675077574746675,0.0002377771560911795,0.001,0.006054347826086957,True,1,HH
LK1130015,40.74006883308784,40.06258918562629,2.4281451636260445,3.727517229854272,0.0001933753446748918,0.001,0.006054347826086957,True,1,HH
LK1130020,39.899940013178686,39.53335634650164,1.675281815197856,3.4395246176630363,0.0005827367838974133,0.002,0.008912000000000002,True,1,HH
LK1130025,40.63549650933789,40.423385448210794,2.603038929196157,3.8095037488358585,0.00013924599544510525,0.001,0.006054347826086957,True,1,HH
LK1130030,41.05359565858672,40.49717026271456,2.912395456633585,3.1868638907980373,0.0014382443984599545,0.002,0.008912000000000002,True,1,HH
LK1130035,41.25383939904135,40.57591763470869,3.096074057814851,3.9604248859003595,7.481652452934521e-05,0.001,0.006054347826086957,True,1,HH
LK1130040,39.99352694833891,40.86256919534076,2.4496012558433637,3.4731228636233697,0.0005144397963654119,0.002,0.008912000000000002,True,1,HH
LK1130045,41.69904394956965,40.62661520449246,3.4210446412663384,3.7178802839697176,0.000200901429078827,0.001,0.006054347826086957,True,1,HH
LK1130050,40.46030396077736,41.00468844844261,2.8558652526106423,4.368278199068002,1.2522991012310005e-05,0.001,0.006054347826086957,True,1,HH
LK1130055,40.447298211304165,39.22546738985914,1.746915647625384,2.6633355090953112,0.007737022863001573,0.004,0.015914285714285714,True,1,HH
LK1130060,41.01680844238306,40.885897340322046,3.1634689151346977,3.50141537800207,0.0004627939158654412,0.002,0.008912000000000002,True,1,HH
LK1130065,40.4085972719216,40.72244918135371,2.6467076421331486,3.794085943233955,0.00014818834346675214,0.001,0.006054347826086957,True,1,HH
LK1130070,40.97564417901956,40.223603440946846,2.672443531066872,3.627300468371635,0.0002863999426372018,0.001,0.006054347826086957,True,1,HH
LK1130075,38.7073749785797,39.37352567752199,1.048219688547839,2.797712130809713,0.005146595923015241,0.004,0.015914285714285714,True,1,HH
LK1131005,39.92722238745734,40.72564119345043,2.3306455129900447,4.094494503851944,4.230904494602889e-05,0.001,0.006054347826086957,True,1,HH
LK1131010,40.821313604562064,40.27774868667279,2.6188794858412066,3.4051123191752364,0.0006613684556282685,0.002,0.008912000000000002,True,1,HH
LK1131015,41.19646100287083,40.616022992922886,3.0888580690978533,3.2924074960642136,0.0009933356936364566,0.002,0.008912000000000002,True,1,HH
LK1131020,41.13351509423564,40.45686868896519,2.9332702411658182,3.5644900926076937,0.00036456422071319707,0.002,0.008912000000000002,True,1,HH
LK1131025,40.58204088543649,39.857968364430306,2.209051762877274,3.5244130568332697,0.0004244220718277347,0.001,0.006054347826086957,True,1,HH
LK1131030,36.52781807606247,37.839703763143746,0.028251170551844215,1.325954268281941,0.1848548457532786,0.103,0.15488770053475934,False,1,ns
LK1131035,39.858992633733045,38.92541881823611,1.3345117778615927,2.555609107639736,0.010600212291985815,0.007,0.02377439024390244,True,1,HH
LK1131040,40.760303160968384,40.27160530469521,2.578655172689481,3.3987617308140545,0.0006769166015232521,0.002,0.008912000000000002,True,1,HH
LK1131045,39.81831600809288,40.44655063615983,2.1129873121110494,3.152649621688739,0.0016179588097104784,0.002,0.008912000000000002,True,1,HH
LK1131050,39.96516190197796,39.978769501058906,1.9490285893167558,3.13670697318174,0.0017085679485317985,0.002,0.008912000000000002,True,1,HH
LK1131055,39.560455902412166,39.86745283694488,1.674086007043255,2.6963454428036324,0.007010492264422589,0.003,0.01265909090909091,True,1,HH
LK1131060,39.89577980008804,39.8976857648451,1.8678128910446945,3.3046371060806776,0.0009509944823735226,0.001,0.006054347826086957,True,1,HH
LK1131065,40.087285432986654,38.27420754004609,1.0558359393248655,1.7502380359222638,0.08007724807951327,0.04,0.08072463768115942,False,1,ns
LK1133005,39.56913783810356,39.25817481507467,1.383770019657865,2.494327742896279,0.012619596226780161,0.009,0.02800558659217877,True,1,HH
LK1133010,40.03973180760998,39.84753214213721,1.916832952875542,3.254771462182024,0.0011348364660729963,0.001,0.006054347826086957,True,1,HH
LK1133015,40.44288642471625,40.20550018077334,2.350146479719583,2.1265480019683767,0.03345765683088787,0.023,0.054514893617021276,False,1,ns
LK1133020,40.3129533926646,40.386570610509516,2.382839355747262,3.494946443202257,0.0004741568894284886,0.002,0.008912000000000002,True,1,HH
LK1133025,40.09804696888209,39.72703179023223,1.879479599852885,3.65777352629672,0.00025441569269268817,0.001,0.006054347826086957,True,1,HH
LK1133030,39.62484519312803,38.65348932374121,1.1102543797331637,2.4610555509330605,0.013852891520657707,0.007,0.02377439024390244,True,1,HH
LK1133035,39.87448691035078,38.20161132437048,0.9563881337073831,1.677906839404764,0.09336528715270116,0.05,0.09252491694352159,False,1,ns
LK1133040,40.53301419665487,39.525331811837525,1.9731895220797986,2.431627957766189,0.015031137974492662,0.013,0.036756345177664976,True,1,HH
LK1133045,41.23406026916635,39.148360208081385,2.0295225580786487,2.793911649119477,0.005207470387592813,0.006,0.021561290322580647,True,1,HH
LK1133050,37.552651528099695,39.70573982660067,0.5822886421031616,3.1037902560594364,0.00191058724251597,0.003,0.01265909090909091,True,1,HH
LK1133055,39.03998786836939,39.13137514135465,1.1016381418955914,2.1063575181427865,0.035173308512251436,0.022,0.05281896551724138,False,1,ns
LK1133060,38.97464515875326,38.30000166523384,0.7474348738011433,1.6421616551387213,0.10055650697140962,0.052,0.09590728476821192,False,1,ns
LK1133065,39.305664230333264,38.5768463394468,0.9663731869445954,1.887584600601232,0.059081739030727935,0.032,0.06855384615384616,False,1,ns
LK1133070,39.473129924662594,38.607835630949495,1.036602987786847,1.9156818099773112,0.05540560914866436,0.031,0.06692635658914728,False,1,ns
LK1133075,38.60828725908101,38.46427347110033,0.6965157525063624,1.9190521607925641,0.054977732926527585,0.029,0.064612,False,1,ns
LK1133080,38.98754178474938,38.65992283938894,0.8934280595583751,2.1068478048035537,0.035130774181291215,0.017,0.044247663551401875,True,1,HH
LK1133085,37.22517914886891,38.417441678793516,0.254488054558123,1.5484143461281439,0.12152256939550418,0.068,0.11873354231974922,False,1,ns
LK1133090,36.9294683923911,38.65402662290572,0.18251035999803508,2.450439455319779,0.014268195591873083,0.008,0.026058479532163746,True,1,HH
LK1133095,38.2910948450342,36.77694018666596,0.1090700743483998,0.37124056313731274,0.7104583633195234,0.35,0.38451676528599604,False,1,ns
LK1133100,39.84091621866775,38.99483602404966,1.3640205194392767,2.4321989770927406,0.015007460356497835,0.008,0.026058479532163746,True,1,HH
LK1133105,39.545574317037335,38.89146597429926,1.1973017045539691,2.1696476791395316,0.030033546472113048,0.016,0.042236966824644555,True,1,HH
LK1133110,38.32940535726225,38.677377226713105,0.6713856996356424,2.124220384441568,0.033651719464325755,0.017,0.044247663551401875,True,1,HH
LK1133115,36.71499500269911,38.75922095483405,0.11373800025294237,2.203646948576316,0.02754918279970383,0.015,0.04036231884057971,True,1,HH
LK1133120,38.51991084043864,38.35483603877539,0.6332112501224768,1.506090138319865,0.13204403585593755,0.074,0.12267261904761903,False,1,ns
LK1133125,37.431944758902425,38.061423178923754,0.2620702078833091,1.4332075959976784,0.1517985195322157,0.077,0.12614411764705882,False,1,ns
LK1133130,36.04237991695474,37.46224343266093,-0.05794176000519246,-0.902177398646759,0.36696263891508674,0.203,0.2563968253968254,False,2,ns
LK1133135,40.82575064961394,38.50917739877653,1.426078720607258,1.8358116470858765,0.06638551829608882,0.036,0.07426666666666666,False,1,ns
LK1133140,37.6025380758529,38.28217497157628,0.3459258654606517,1.4505176634548533,0.14691421717246622,0.082,0.1297556818181818,False,1,ns
LK1133145,36.87666955442455,35.82115466609293,-0.0421437164325329,-0.5463977220055255,0.5847925756453793,0.305,0.34812499999999996,False,4,ns
LK1133150,39.51447846536992,38.00897374150686,0.7656739678653323,1.2390114155398297,0.21534127054173713,0.125,0.17761479591836735,False,1,ns
LK1133155,32.49178041804335,34.762687648218744,0.9766220527178529,1.3128732096267017,0.18922567566313442,0.109,0.15935170603674542,False,3,ns
LK1133160,38.630032895435946,37.91037394019836,0.5146964131274315,1.1609362651536017,0.2456678194901627,0.134,0.18753266331658291,False,1,ns
LK1133165,38.38272134200994,37.97592779967053,0.4774865367048796,0.8996853252499821,0.368287735025017,0.183,0.23540646651270208,False,1,ns
LK1133170,39.211851095657,37.13445670704063,0.31570342811432545,0.47574144330930124,0.634258591723329,0.326,0.3683204868154158,False,1,ns
LK1133175,35.56259972107725,38.35087383190054,-0.24936109204761434,-1.2971918181159943,0.19456519520492133,0.105,0.15513262599469496,False,2,ns
LK1133180,38.40882564114221,37.608795959372436,0.37111553945215114,0.7961596910806816,0.4259392231863224,0.207,0.25968243243243244,False,1,ns
LK1133185,38.05193706138306,38.07425167025683,0.42266350462716956,0.9551923009195137,0.33948045855499487,0.171,0.22411058823529414,False,1,ns
LK1133190,37.739677699371455,37.79790207176458,0.28623864224306933,0.7998108548641774,0.4238203929539224,0.204,0.25707692307692304,False,1,ns
LK1133195,37.5438670821461,37.34789131308796,0.1657725928831733,0.5475549223063247,0.5839975487913065,0.286,0.33466806722689074,False,1,ns
LK1133200,36.95610492680447,37.24161190831764,0.07160369216091911,0.48728981574827085,0.6260529638832908,0.303,0.347981443298969,False,1,ns
LK1133205,36.93935673448917,37.116006901498146,0.059092470755220984,0.4168805185640159,0.6767658037631425,0.338,0.3757804391217565,False,1,ns
LK1133210,37.27590887619182,36.93935673448917,0.07227770730570664,0.20757800462788004,0.835558480039165,0.369,0.401431640625,False,1,ns
LK1136005,38.762649768534025,38.37331932545474,0.7123655067164235,1.6926017608773194,0.0905312956831362,0.05,0.09252491694352159,False,1,ns
LK1136010,37.78251010686176,38.12918904699572,0.3653577282143282,1.4772495134021608,0.13960876580122114,0.079,0.12828862973760932,False,1,ns
LK1136015,37.42804109978271,37.308929057359094,0.14287566783420844,0.7592470480345572,0.44770478676362224,0.236,0.2876411378555799,False,1,ns
LK1136020,36.84980918718189,37.04411317174381,0.04434783151200882,0.561987863958843,0.5741242877467316,0.296,0.3427692307692307,False,1,ns
LK1136025,36.88703910874719,37.459271371213916,0.07892976206377265,1.03747571024838,0.2995142100725736,0.167,0.2209477434679335,False,1,ns
LK1136030,36.34323250223327,35.85338800961679,0.004680579048518122,0.5157031536036943,0.6060617517242509,0.321,0.36340853658536587,False,3,ns
LK1136035,34.57671687460188,36.704725277727455,-0.08498842150098442,-0.22665717589111545,0.820690329143908,0.387,0.41613706563706565,False,2,ns
LK1136040,36.82772207193533,36.74307761597266,0.022482174775330377,0.2775276701398976,0.7813749622208457,0.374,0.4060779727095517,False,1,ns
LK1136045,37.60897626121467,37.652128405667156,0.231399566481523,1.1402658441863314,0.2541755630781133,0.147,0.20167241379310344,False,1,ns
LK1136050,36.61582351853961,35.57231624701921,-0.027336829640170212,-0.8329803544403268,0.4048558090799015,0.197,0.25109610983981695,False,4,ns
LK1136055,34.659542470132784,36.8443276521201,-0.1182159372182911,-0.345101289944152,0.7300182237217897,0.358,0.3909921568627451,False,2,ns
LK1136060,34.8757715300321,36.899580649623715,-0.1163790685186487,-0.4611343364451183,0.6447022283883246,0.313,0.35652556237218813,False,2,ns
LK1136065,36.15091203317992,36.89664992807108,-0.018867221986657662,-0.41972315188092696,0.6746877100202531,0.332,0.3720804828973843,False,2,ns
LK1136070,35.918653995249684,36.38594420991971,0.0009856942216761543,0.06564900062133319,0.947657276372023,0.5,0.5,False,3,ns
LK1136075,35.87098574143812,36.5674026206223,-0.013557908936287538,-0.12270206482449031,0.9023430287305422,0.436,0.45734839924670434,False,2,ns
LK1136080,36.89215056942571,36.1419554699159,-0.01937049005629259,-0.2022862318626388,0.8396929628681314,0.426,0.44939772727272725,False,4,ns
LK1136085,35.10048255846259,37.23098837040607,-0.16494825899474597,-0.8024248059377681,0.42230726870211455,0.219,0.2704722838137472,False,2,ns
LK1136090,35.63481303146085,35.387919613501765,0.11808881495363016,1.013793710479301,0.3106811970805232,0.16,0.2121904761904762,False,3,ns
LK1136095,34.968811980856614,35.64985119651363,0.16373522714814356,0.766189957394655,0.44356328298717096,0.22,0.2711061946902655,False,3,ns
LK1136100,35.64436657176151,35.10249784754592,0.1495203331987925,1.2845530187780285,0.19894852506317706,0.103,0.15488770053475934,False,3,ns
LK1136105,34.6638511529274,35.59060454219633,0.21434130467906085,0.8804172311579351,0.3786333252719083,0.203,0.2563968253968254,False,3,ns
LK1136110,34.53948362385517,35.975586587855204,0.12036083061942866,0.31914179027651973,0.7496189951805581,0.382,0.4123527131782946,False,3,ns
LK1136115,35.58885139537678,35.87142517231014,0.06534412120569114,0.6700383090606847,0.5028333694632712,0.272,0.3196286919831224,False,3,ns
LK1136120,35.49892065422634,35.93303627117346,0.06412261288429914,0.39682059467608033,0.6914997626320604,0.343,0.37906944444444446,False,3,ns
LK1136125,35.96720135058718,36.22462770435272,0.01153214831934376,0.08785062519197122,0.9299954001889664,0.484,0.49105282331511835,False,3,ns
LK1136130,35.22575758425075,35.30382775858628,0.19633952041098543,1.3329575889660998,0.1825457220515433,0.082,0.1297556818181818,False,3,ns
LK1136135,34.77037940601875,35.07375546443622,0.32975350442554135,1.4102986056874567,0.158451530073067,0.071,0.11947734138972808,False,3,ns
LK1136140,34.99043449067319,35.012930470445056,0.2982948001268792,1.3701276248279048,0.17064706583813882,0.087,0.13650422535211265,False,3,ns
LK1136145,35.29765613126453,35.38658506159361,0.17038841297221216,0.8256617277144216,0.40899600851983553,0.21,0.26285393258426965,False,3,ns
LK1136150,34.76757423712627,35.45807247854245,0.23455600035705615,0.8716033581125708,0.3834247980756922,0.205,0.25775395033860043,False,3,ns
LK1136155,36.00704025105599,35.16938893986726,0.07368937037580342,1.2205953565659393,0.22223926532558547,0.112,0.16245833333333334,False,3,ns
LK1136160,35.81110377803862,35.79175095324426,0.05458338431150641,0.5777768689464327,0.5634147739241426,0.297,0.3432136929460581,False,3,ns
LK1136165,34.461543153947616,36.324270117104284,0.022223772902569813,0.12609133722596896,0.8996596246333458,0.481,0.4888996350364963,False,3,ns
LK1136170,34.728190286563006,37.33953646915804,-0.23992750118715858,-0.7808392255188461,0.4348970602890282,0.231,0.2827846153846154,False,2,ns
LK1136175,35.51769417325687,36.71545345103637,-0.04255607421746627,-0.2744520351108128,0.7837372592835588,0.379,0.41070622568093385,False,2,ns
LK1136180,37.599989730187225,36.366411729803964,-0.006042908207843405,-0.07031461131866446,0.9439432531414472,0.49,0.49443840579710147,False,4,ns
LK1136185,35.37248745777359,36.204511621908765,0.030556051397848602,0.28908794328634574,0.772514079754306,0.412,0.43878393881453154,False,3,ns
LK1136190,35.76191197971308,35.50414356120006,0.08714432887002328,0.8313060222032413,0.4058007733986494,0.217,0.26859777777777777,False,3,ns
LK1136195,34.2312445762628,34.9192555701944,0.49004176448415704,1.3468038644860418,0.17804340979225053,0.088,0.13729971988795517,False,3,ns
LK1136200,35.00582913598682,35.194267832801444,0.2564468121587935,1.1950979701484579,0.23204875498233812,0.116,0.16782337662337665,False,3,ns
LK1136205,36.85431059030215,35.32096964979715,-0.07491800084809161,-1.0725043708765956,0.283493551800601,0.142,0.19626302729528536,False,4,ns
LK1136210,35.9758916824368,36.130988174407264,0.017355680434988585,0.30691661564380773,0.7589068416053992,0.41,0.4383301343570057,False,3,ns
LK1136215,39.81203279262634,35.28241327664426,-0.5820800255337574,-0.7798433693513179,0.4354830751785522,0.24,0.29187772925764194,False,4,ns
LK1136220,37.07748726953731,36.35230750781425,-0.004873579390173373,-0.09140164523902108,0.9271734545116798,0.493,0.4956696750902527,False,4,ns
LK1136225,37.606635072248544,36.20260045838418,-0.03627575043197415,-0.17908849502667923,0.8578682156040528,0.44,0.46067669172932335,False,4,ns
LK1136230,36.68285096654064,36.910490753342216,0.022125623612497706,0.43537712125818323,0.663288714228867,0.329,0.36946169354838715,False,1,ns
LK1136235,38.44792227341008,36.27995809752727,-0.03735540688309937,-0.14122970568701984,0.8876884795177746,0.458,0.47170295202952034,False,4,ns
LK1136240,36.33457974198001,35.83593618983302,0.005574666357322021,0.5773055269969837,0.5637330806808143,0.292,0.3388416666666666,False,3,ns
LK1136245,35.26467587567157,35.85494870506137,0.09433407087138383,0.5603495655203057,0.5752410253419769,0.298,0.34365631469979296,False,3,ns
LK1136250,35.46623429899858,35.75509122011829,0.09180645619954707,0.7517002523848736,0.4522313386040211,0.247,0.2965064655172414,False,3,ns
LK1136255,35.58382929846023,36.12930279924158,0.03363364371410002,0.31905063367197944,0.7496881174119765,0.398,0.4263192307692308,False,3,ns
LK1136260,35.52374339807827,35.426577375127486,0.13007488297561698,0.9646357959120927,0.3347272636232751,0.169,0.22253664302600476,False,3,ns
LK1136265,35.005663860944594,35.72903534213942,0.14266490312281208,0.6794099040246354,0.4968781762612734,0.257,0.3058739316239316,False,3,ns
LK1136270,34.80403378192803,35.29537781685439,0.26895024256861366,1.0893382166439414,0.2760047657930149,0.14,0.19495,False,3,ns
LK1136275,35.632403301631044,34.812523628824366,0.18585122532467938,1.54467454784701,0.12242500429005695,0.057,0.10341693811074919,False,3,ns
LK1136280,35.5636043057128,35.35918156939023,0.13275496646089624,1.0283738041506403,0.30377402601887205,0.153,0.20735036496350365,False,3,ns
LK1136285,36.24946401244698,35.68647431439492,0.016319389928472428,0.7178770748527871,0.472833084397443,0.245,0.2953787878787879,False,3,ns
LK1136290,36.96719397030135,35.00312824858234,-0.1210670600245955,-1.2580829264844533,0.20836176729863554,0.104,0.15488770053475934,False,4,ns
LK1136295,34.920040880214536,34.627799433503554,0.40019968781853316,1.8594625419455304,0.06296160396651265,0.026,0.06009128630705394,False,3,ns
LK1136300,35.43206526437648,34.015357780367,0.35214817710864077,1.3260688507781389,0.1848168926841266,0.089,0.13847206703910614,False,3,ns
LK1136305,32.766039685062424,35.38253359057517,0.5641693244942239,1.2421672606028424,0.21417485637589295,0.104,0.15488770053475934,False,3,ns
LK1136310,33.36566143643328,34.08780005466891,1.0708632066206247,2.0705366281439948,0.03840211967023246,0.01,0.030604395604395606,True,3,LL
LK1136315,35.014240614818334,35.54778745020968,0.18012380164178862,0.9181664282970257,0.3585317416479019,0.191,0.24456781609195402,False,3,ns
LK1136320,35.724359430944155,34.809433579769006,0.1638870018140614,1.2732848867449957,0.202916967695571,0.117,0.16883160621761656,False,3,ns
LK1136325,34.52449947156929,34.7076199464685,0.48435174818186233,2.133858306679627,0.03285438130260867,0.009,0.02800558659217877,True,3,LL
LK1136330,34.266812826093734,34.75936029508587,0.5340727938209633,1.313680875201652,0.18895361952030942,0.108,0.15872295514511872,False,3,ns
LK1136335,34.030848053309555,34.69010528217539,0.6182157111351969,1.540057354368126,0.12354637362277816,0.063,0.11104746835443038,False,3,ns
LK1136340,35.118782488484385,34.93836598704486,0.285702693153417,1.4316675227403501,0.15223899525655796,0.071,0.11947734138972808,False,3,ns
LK1136345,34.802997732364645,34.23091590360702,0.5286129136674473,1.7249360091009391,0.08453900528200843,0.032,0.06855384615384616,False,3,ns
LK1136350,34.494145785119684,34.75024937291566,0.47979079575058337,1.4865031193735483,0.13714609238077538,0.07,0.11947734138972808,False,3,ns
LK1136355,35.52128070918804,34.92494300357546,0.19770420178265363,1.3326577059159623,0.18264415869262873,0.09,0.13924999999999998,False,3,ns
LK1136360,36.90234241800183,34.40761301445547,-0.15297900060876635,-1.1114060379158253,0.2663936145523257,0.143,0.1966691358024691,False,4,ns
LK1136365,33.2939453197229,35.04069424579147,0.6443030137750608,1.2367288456447187,0.21618776594136968,0.109,0.15935170603674542,False,3,ns
