zone_id,name,n_years,slope,tau,s,var_s,z,p,p_adjusted,significant,status
LK1103005,Sammanthranapura,12,-0.14109266916196916,-0.30303030303030304,-20.0,212.66666666666666,-1.302878414515109,0.19261627432960227,0.41746017432524696,False,ok
LK1103010,Mattakkuliya,12,-0.22255508523185785,-0.45454545454545453,-30.0,212.66666666666666,-1.9886038958388508,0.046744941053711075,0.297547435240223,False,ok
LK1103015,Modara,12,-0.28533933412588297,-0.45454545454545453,-30.0,212.66666666666666,-1.9886038958388508,0.046744941053711075,0.297547435240223,False,ok
LK1103020,Madampitiya,12,-0.3360671194107908,-0.5151515151515151,-34.0,212.66666666666666,-2.2628940883683475,0.023642218909198487,0.297547435240223,False,ok
LK1103025,Mahawatta,12,-0.24086413879845736,-0.36363636363636365,-24.0,212.66666666666666,-1.5771686070446058,0.11475673431864908,0.3716250059039973,False,ok
LK1103030,Aluthmawatha,12,-0.18794631083377367,-0.36363636363636365,-24.0,212.66666666666666,-1.5771686070446058,0.11475673431864908,0.3716250059039973,False,ok
LK1103035,Lunupokuna,12,-0.17152652848973893,-0.3333333333333333,-22.0,212.66666666666666,-1.4400235107798574,0.14986074751304912,0.39188937260454626,False,ok
LK1103040,Bloemendhal,12,-0.2620290104698031,-0.3333333333333333,-22.0,212.66666666666666,-1.4400235107798574,0.14986074751304912,0.39188937260454626,False,ok
LK1103045,Kotahena East,12,-0.1523840705086415,-0.2727272727272727,-18.0,212.66666666666666,-1.1657333182503609,0.24372228477217428,0.4421932007104269,False,ok
LK1103050,Kotahena West,12,-0.1281223891213905,-0.18181818181818182,-12.0,212.66666666666666,-0.7542980294561158,0.4506702853141802,0.5603199752678535,False,ok
LK1103055,Kochchikade North,12,-0.2200898073817295,-0.3333333333333333,-22.0,212.66666666666666,-1.4400235107798574,0.14986074751304912,0.39188937260454626,False,ok
LK1103060,Jinthupitiya,12,-0.1692255333766056,-0.3333333333333333,-22.0,212.66666666666666,-1.4400235107798574,0.14986074751304912,0.39188937260454626,False,ok
LK1103065,Masangasweediya,12,-0.20956684227567698,-0.36363636363636365,-24.0,212.66666666666666,-1.5771686070446058,0.11475673431864908,0.3716250059039973,False,ok
LK1103070,New Bazaar,12,-0.26030946768867064,-0.3939393939393939,-26.0,212.66666666666666,-1.714313703309354,0.08647112777407262,0.33447512618165587,False,ok
LK1103075,Grandpass South,12,-0.28569081882989444,-0.45454545454545453,-30.0,212.66666666666666,-1.9886038958388508,0.046744941053711075,0.297547435240223,False,ok
LK1103080,Grandpass North,12,-0.28039442235443524,-0.5151515151515151,-34.0,212.66666666666666,-2.2628940883683475,0.023642218909198487,0.297547435240223,False,ok
LK1103085,Nawagampura,12,-0.23606930588759384,-0.45454545454545453,-30.0,212.66666666666666,-1.9886038958388508,0.046744941053711075,0.297547435240223,False,ok
LK1103090,Maligawatta East,12,-0.2940475597497212,-0.42424242424242425,-28.0,212.66666666666666,-1.8514587995741025,0.06410357671243583,0.297547435240223,False,ok
LK1103095,Khettarama,12,-0.31110323628904213,-0.5454545454545454,-36.0,212.66666666666666,-2.400039184633096,0.016393316888809073,0.297547435240223,False,ok
LK1103100,Aluthkade East,12,-0.27647038496397414,-0.42424242424242425,-28.0,212.66666666666666,-1.8514587995741025,0.06410357671243583,0.297547435240223,False,ok
LK1103105,Aluthkade West,12,-0.29233220648142616,-0.3939393939393939,-26.0,212.66666666666666,-1.714313703309354,0.08647112777407262,0.33447512618165587,False,ok
LK1103110,Kochchikade South,12,-0.2695029075392708,-0.42424242424242425,-28.0,212.66666666666666,-1.8514587995741025,0.06410357671243583,0.297547435240223,False,ok
LK1103115,Pettah,12,-0.18091377810883272,-0.45454545454545453,-30.0,212.66666666666666,-1.9886038958388508,0.046744941053711075,0.297547435240223,False,ok
LK1103120,Fort,12,0.474157459684739,0.48484848484848486,32.0,212.66666666666666,2.125748992103599,0.03352416523500468,0.297547435240223,False,ok
LK1103125,Galle Face,12,-0.2892092320910826,-0.48484848484848486,-32.0,212.66666666666666,-2.125748992103599,0.03352416523500468,0.297547435240223,False,ok
LK1103130,Slave Island,12,-0.263335604261776,-0.36363636363636365,-24.0,212.66666666666666,-1.5771686070446058,0.11475673431864908,0.3716250059039973,False,ok
LK1103135,Hunupitiya,12,-0.2193645459237048,-0.30303030303030304,-20.0,212.66666666666666,-1.302878414515109,0.19261627432960227,0.41746017432524696,False,ok
LK1103140,Suduwella,12,-0.229011298098456,-0.3333333333333333,-22.0,212.66666666666666,-1.4400235107798574,0.14986074751304912,0.39188937260454626,False,ok
LK1103145,Keselwatta,12,-0.29977308535826186,-0.48484848484848486,-32.0,212.66666666666666,-2.125748992103599,0.03352416523500468,0.297547435240223,False,ok
LK1103150,Panchikawatta,12,-0.30922564367891037,-0.42424242424242425,-28.0,212.66666666666666,-1.8514587995741025,0.06410357671243583,0.297547435240223,False,ok
LK1103155,Maligawatta West,12,-0.24057992367314696,-0.30303030303030304,-20.0,212.66666666666666,-1.302878414515109,0.19261627432960227,0.41746017432524696,False,ok
LK1103160,Maligakanda,12,-0.17057814482086292,-0.24242424242424243,-16.0,212.66666666666666,-1.0285882219856124,0.303673214899419,0.4659668889778964,False,ok
LK1103165,Maradana,12,-0.23116074754360677,-0.3333333333333333,-22.0,212.66666666666666,-1.4400235107798574,0.14986074751304912,0.39188937260454626,False,ok
LK1103170,Ibbanwala,12,-0.23217713709840143,-0.2727272727272727,-18.0,212.66666666666666,-1.1657333182503609,0.24372228477217428,0.4421932007104269,False,ok
LK1103175,Wekanda,12,-0.15126863017294312,-0.24242424242424243,-16.0,212.66666666666666,-1.0285882219856124,0.303673214899419,0.4659668889778964,False,ok
LK1106005,Wadulla,12,-0.24417312334590352,-0.42424242424242425,-28.0,212.66666666666666,-1.8514587995741025,0.06410357671243583,0.297547435240223,False,ok
LK1106010,Sedawatta,12,-0.22288026553749418,-0.45454545454545453,-30.0,212.66666666666666,-1.9886038958388508,0.046744941053711075,0.297547435240223,False,ok
LK1106015,Halmulla,12,-0.07148164593175288,-0.24242424242424243,-16.0,212.66666666666666,-1.0285882219856124,0.303673214899419,0.4659668889778964,False,ok
LK1106020,Kotuvila,12,-0.1558761868510769,-0.3333333333333333,-22.0,212.66666666666666,-1.4400235107798574,0.14986074751304912,0.39188937260454626,False,ok
LK1106025,Veheragoda,12,-0.2656723724671979,-0.45454545454545453,-30.0,212.66666666666666,-1.9886038958388508,0.046744941053711075,0.297547435240223,False,ok
LK1106030,Orugodawatta,12,-0.236738059631184,-0.45454545454545453,-30.0,212.66666666666666,-1.9886038958388508,0.046744941053711075,0.297547435240223,False,ok
LK1106035,Meethotamulla,12,-0.10943600909174123,-0.24242424242424243,-16.0,212.66666666666666,-1.0285882219856124,0.303673214899419,0.4659668889778964,False,ok
LK1106040,Welewatta,12,-0.06068106959660582,-0.12121212121212122,-8.0,212.66666666666666,-0.48000783692661914,0.6312218204782534,0.6989871849033542,False,ok
LK1106045,Kittampahuwa,12,0.024613886416257662,0.030303030303030304,2.0,212.66666666666666,0.06857254813237416,0.9453298708327,0.9556238440178112,False,ok
LK1106050,Wennawatta,12,0.027910278728479985,0.030303030303030304,2.0,212.66666666666666,0.06857254813237416,0.9453298708327,0.9556238440178112,False,ok
LK1106055,Maha Buthgamuwa B,12,0.09181772395008636,0.21212121212121213,14.0,212.66666666666666,0.8914431257208641,0.37269149047151817,0.5075529589061996,False,ok
LK1106060,Kuda Buthgamuwa,12,-0.002398876037065989,-0.030303030303030304,-2.0,212.66666666666666,-0.06857254813237416,0.9453298708327,0.9556238440178112,False,ok
LK1106065,Kelanimulla,12,-0.005100395872133223,-0.030303030303030304,-2.0,212.66666666666666,-0.06857254813237416,0.9453298708327,0.9556238440178112,False,ok
LK1106070,Ambathale,12,-0.018201316751653943,-0.030303030303030304,-2.0,212.66666666666666,-0.06857254813237416,0.9453298708327,0.9556238440178112,False,ok
LK1106075,Mulleriyawa North,12,-0.045668584975520864,-0.12121212121212122,-8.0,212.66666666666666,-0.48000783692661914,0.6312218204782534,0.6989871849033542,False,ok
LK1106080,Belagama,12,0.035065299983702516,0.24242424242424243,16.0,212.66666666666666,1.0285882219856124,0.303673214899419,0.4659668889778964,False,ok
LK1106085,Kotikawatta East,12,0.08465277486282355,0.36363636363636365,24.0,212.66666666666666,1.5771686070446058,0.11475673431864908,0.3716250059039973,False,ok
LK1106090,Maha Buthgamuwa A,12,0.03686590140202679,0.18181818181818182,12.0,212.66666666666666,0.7542980294561158,0.4506702853141802,0.5603199752678535,False,ok
LK1106095,Maha Buthgamuwa C,12,-0.013428418950857089,-0.06060606060606061,-4.0,212.66666666666666,-0.20571764439712248,0.837011475105446,0.8779950878224736,False,ok
LK1106100,Wellampitiya,12,-0.031079107210843344,-0.030303030303030304,-2.0,212.66666666666666,-0.06857254813237416,0.9453298708327,0.9556238440178112,False,ok
LK1106105,Kuruniyawatta,12,-0.04687285473177484,-0.18181818181818182,-12.0,212.66666666666666,-0.7542980294561158,0.4506702853141802,0.5603199752678535,False,ok
LK1106110,Kolonnawa,12,-0.13051059860159853,-0.30303030303030304,-20.0,212.66666666666666,-1.302878414515109,0.19261627432960227,0.41746017432524696,False,ok
LK1106115,Dahampura,12,-0.36015682897238444,-0.5151515151515151,-34.0,212.66666666666666,-2.2628940883683475,0.023642218909198487,0.297547435240223,False,ok
LK1106120,Singhapura,12,-0.11003525590703545,-0.21212121212121213,-14.0,212.66666666666666,-0.8914431257208641,0.37269149047151817,0.5075529589061996,False,ok
LK1106125,Megoda Kolonnawa,12,-0.07428096388719041,-0.030303030303030304,-2.0,212.66666666666666,-0.06857254813237416,0.9453298708327,0.9556238440178112,False,ok
LK1106130,Bopetta,12,-0.024718823798183548,-0.030303030303030304,-2.0,212.66666666666666,-0.06857254813237416,0.9453298708327,0.9556238440178112,False,ok
LK1106135,Batalandahena,12,-0.020269507318646265,-0.06060606060606061,-4.0,212.66666666666666,-0.20571764439712248,0.837011475105446,0.8779950878224736,False,ok
LK1106140,Kotikawatta West,12,0.13741269310770843,0.21212121212121213,14.0,212.66666666666666,0.8914431257208641,0.37269149047151817,0.5075529589061996,False,ok
LK1106145,Mulleriyawa South,12,-0.08042796750968303,-0.24242424242424243,-16.0,212.66666666666666,-1.0285882219856124,0.303673214899419,0.4659668889778964,False,ok
LK1106150,Malgama,12,-0.21652994494098954,-0.42424242424242425,-28.0,212.66666666666666,-1.8514587995741025,0.06410357671243583,0.297547435240223,False,ok
LK1106155,Udumulla North,12,-0.14387785666835295,-0.3939393939393939,-26.0,212.66666666666666,-1.714313703309354,0.08647112777407262,0.33447512618165587,False,ok
LK1106160,Maligagodella,12,-0.12100738842879533,-0.24242424242424243,-16.0,212.66666666666666,-1.0285882219856124,0.303673214899419,0.4659668889778964,False,ok
LK1106165,Rajasinghagama,12,-0.14832760332145956,-0.30303030303030304,-20.0,212.66666666666666,-1.302878414515109,0.19261627432960227,0.41746017432524696,False,ok
LK1106170,Udumulla South,12,-0.15794992482881715,-0.2727272727272727,-18.0,212.66666666666666,-1.1657333182503609,0.24372228477217428,0.4421932007104269,False,ok
LK1106175,Himbutana East,12,-0.025395164243554244,-0.12121212121212122,-8.0,212.66666666666666,-0.48000783692661914,0.6312218204782534,0.6989871849033542,False,ok
LK1106180,Himbutana West,12,-0.18402270978392404,-0.2727272727272727,-18.0,212.66666666666666,-1.1657333182503609,0.24372228477217428,0.4421932007104269,False,ok
LK1106185,Malpura,12,-0.04632454812617823,-0.15151515151515152,-10.0,212.66666666666666,-0.6171529331913674,0.5371338571769022,0.6298601230474412,False,ok
LK1106190,Gothatuwa New Town,12,0.038877639646861084,0.12121212121212122,8.0,212.66666666666666,0.48000783692661914,0.6312218204782534,0.6989871849033542,False,ok
LK1106195,Kajugahawatta,12,-0.11696666550084608,-0.18181818181818182,-12.0,212.66666666666666,-0.7542980294561158,0.4506702853141802,0.5603199752678535,False,ok
LK1106200,Gothatuwa,12,-0.10782135020986355,-0.3333333333333333,-22.0,212.66666666666666,-1.4400235107798574,0.14986074751304912,0.39188937260454626,False,ok
LK1106205,Salamulla,12,-0.21424942468701644,-0.3939393939393939,-26.0,212.66666666666666,-1.714313703309354,0.08647112777407262,0.33447512618165587,False,ok
LK1106210,Wijayapura,12,-0.10824276342400327,-0.24242424242424243,-16.0,212.66666666666666,-1.0285882219856124,0.303673214899419,0.4659668889778964,False,ok
LK1106215,Gajabapura,12,-0.16643769114431234,-0.18181818181818182,-12.0,212.66666666666666,-0.7542980294561158,0.4506702853141802,0.5603199752678535,False,ok
LK1106220,Madinnagoda,12,-0.12097949645851239,-0.30303030303030304,-20.0,212.66666666666666,-1.302878414515109,0.19261627432960227,0.41746017432524696,False,ok
LK1106225,Elhena,12,-0.044045524283787024,-0.06060606060606061,-4.0,212.66666666666666,-0.20571764439712248,0.837011475105446,0.8779950878224736,False,ok
LK1106230,Dodamgahahena,12,-0.13332981746182693,-0.2727272727272727,-18.0,212.66666666666666,-1.1657333182503609,0.24372228477217428,0.4421932007104269,False,ok
LK1109005,Welivita,12,-0.10861936974867081,-0.21212121212121213,-14.0,212.66666666666666,-0.8914431257208641,0.37269149047151817,0.5075529589061996,False,ok
LK1109010,Raggahawatta,12,-0.13383000779680465,-0.18181818181818182,-12.0,212.66666666666666,-0.7542980294561158,0.4506702853141802,0.5603199752678535,False,ok
LK1109015,Hewagama,12,-0.26959285368863917,-0.2727272727272727,-18.0,212.66666666666666,-1.1657333182503609,0.24372228477217428,0.4421932007104269,False,ok
LK1109020,Kaduwela,12,-0.15185721468310298,-0.30303030303030304,-20.0,212.66666666666666,-1.302878414515109,0.19261627432960227,0.41746017432524696,False,ok
LK1109025,Pahala Bomiriya A,12,-0.11740441740759273,-0.24242424242424243,-16.0,212.66666666666666,-1.0285882219856124,0.303673214899419,0.4659668889778964,False,ok
LK1109030,Ihala Bomiriya,12,-0.0913306965371734,-0.18181818181818182,-12.0,212.66666666666666,-0.7542980294561158,0.4506702853141802,0.5603199752678535,False,ok
LK1109035,Wekewatta,12,-0.13714866887815766,-0.12121212121212122,-8.0,212.66666666666666,-0.48000783692661914,0.6312218204782534,0.6989871849033542,False,ok
LK1109040,Nawagamuwa,12,-0.09289624425384149,-0.21212121212121213,-14.0,212.66666666666666,-0.8914431257208641,0.37269149047151817,0.5075529589061996,False,ok
LK1109045,Pahala Bomiriya B,12,-0.16490213419742414,-0.24242424242424243,-16.0,212.66666666666666,-1.0285882219856124,0.303673214899419,0.4659668889778964,False,ok
LK1109050,Welihinda,12,-0.18971996213537967,-0.30303030303030304,-20.0,212.66666666666666,-1.302878414515109,0.19261627432960227,0.41746017432524696,False,ok
LK1109055,Kothalawala,12,-0.17897801873018615,-0.2727272727272727,-18.0,212.66666666666666,-1.1657333182503609,0.24372228477217428,0.4421932007104269,False,ok
LK1109060,Mahadeniya,12,-0.14067258711396136,-0.24242424242424243,-16.0,212.66666666666666,-1.0285882219856124,0.303673214899419,0.4659668889778964,False,ok
LK1109065,Thalahena North,12,-0.2306520254308282,-0.36363636363636365,-24.0,212.66666666666666,-1.5771686070446058,0.11475673431864908,0.3716250059039973,False,ok
LK1109070,Malabe North,12,-0.21194004449810322,-0.24242424242424243,-16.0,212.66666666666666,-1.0285882219856124,0.303673214899419,0.4659668889778964,False,ok
LK1109075,Thunadahena,12,-0.2859974088600485,-0.3939393939393939,-26.0,212.66666666666666,-1.714313703309354,0.08647112777407262,0.33447512618165587,False,ok
LK1109080,Korathota,12,-0.12652326590095708,-0.18181818181818182,-12.0,212.66666666666666,-0.7542980294561158,0.4506702853141802,0.5603199752678535,False,ok
LK1109085,Nawagamuwa South,12,-0.22937018275789534,-0.36363636363636365,-24.0,212.66666666666666,-1.5771686070446058,0.11475673431864908,0.3716250059039973,False,ok
LK1109090,Batewela,12,-0.08492778137186047,-0.30303030303030304,-20.0,212.66666666666666,-1.302878414515109,0.19261627432960227,0.41746017432524696,False,ok
LK1109095,Ranala,12,-0.14097919280640525,-0.2727272727272727,-18.0,212.66666666666666,-1.1657333182503609,0.24372228477217428,0.4421932007104269,False,ok
LK1109100,Dedigamuwa,12,-0.17067315290264265,-0.3333333333333333,-22.0,212.66666666666666,-1.4400235107798574,0.14986074751304912,0.39188937260454626,False,ok
LK1109105,Embilladeniya,12,-0.17894748354262358,-0.42424242424242425,-28.0,212.66666666666666,-1.8514587995741025,0.06410357671243583,0.297547435240223,False,ok
LK1109110,Welipillewa,12,-0.2610943231754142,-0.48484848484848486,-32.0,212.66666666666666,-2.125748992103599,0.03352416523500468,0.297547435240223,False,ok
LK1109115,Shanthalokagama,12,-0.19652361607462643,-0.36363636363636365,-24.0,212.66666666666666,-1.5771686070446058,0.11475673431864908,0.3716250059039973,False,ok
LK1109120,Pore,12,-0.2615389563568835,-0.36363636363636365,-24.0,212.66666666666666,-1.5771686070446058,0.11475673431864908,0.3716250059039973,False,ok
LK1109125,Malabe East,12,-0.27539257324202404,-0.30303030303030304,-20.0,212.66666666666666,-1.302878414515109,0.19261627432960227,0.41746017432524696,False,ok
LK1109130,Malabe West,12,-0.2174893678126889,-0.3333333333333333,-22.0,212.66666666666666,-1.4400235107798574,0.14986074751304912,0.39188937260454626,False,ok
LK1109135,Thalangama North B,12,-0.37196291409269255,-0.42424242424242425,-28.0,212.66666666666666,-1.8514587995741025,0.06410357671243583,0.297547435240223,False,ok
LK1109140,Thalahena South,12,-0.20625176482839258,-0.3333333333333333,-22.0,212.66666666666666,-1.4400235107798574,0.14986074751304912,0.39188937260454626,False,ok
LK1109145,Muttettugoda,12,-0.3177194795809015,-0.45454545454545453,-30.0,212.66666666666666,-1.9886038958388508,0.046744941053711075,0.297547435240223,False,ok
LK1109150,Thalangama North A,12,-0.24515824394664587,-0.30303030303030304,-20.0,212.66666666666666,-1.302878414515109,0.19261627432960227,0.41746017432524696,False,ok
LK1109155,Walpola,12,-0.2168231121218085,-0.2727272727272727,-18.0,212.66666666666666,-1.1657333182503609,0.24372228477217428,0.4421932007104269,False,ok
LK1109160,Kalapaluwawa,12,-0.2577082218908397,-0.3333333333333333,-22.0,212.66666666666666,-1.4400235107798574,0.14986074751304912,0.39188937260454626,False,ok
LK1109165,Kotuwegoda,12,-0.13932865693570567,-0.48484848484848486,-32.0,212.66666666666666,-2.125748992103599,0.03352416523500468,0.297547435240223,False,ok
LK1109170,Subhoothipura,12,-0.2564483087670061,-0.45454545454545453,-30.0,212.66666666666666,-1.9886038958388508,0.046744941053711075,0.297547435240223,False,ok
LK1109175,Udumulla,12,-0.2938228823395712,-0.24242424242424243,-16.0,212.66666666666666,-1.0285882219856124,0.303673214899419,0.4659668889778964,False,ok
LK1109180,Battaramulla North,12,-0.0066395976644712355,0.0,0.0,212.66666666666666,0.0,1.0,1.0,False,ok
LK1109185,Batapotha,12,-0.2199773084840554,-0.3333333333333333,-22.0,212.66666666666666,-1.4400235107798574,0.14986074751304912,0.39188937260454626,False,ok
LK1109190,Pothuarawa,12,-0.24456658454125108,-0.36363636363636365,-24.0,212.66666666666666,-1.5771686070446058,0.11475673431864908,0.3716250059039973,False,ok
LK1109195,Hokandara North,12,-0.1298454868680145,-0.09090909090909091,-6.0,212.66666666666666,-0.34286274066187084,0.7317017232242102,0.7898408136354362,False,ok
LK1109200,Oruwala,12,-0.21432088794659432,-0.42424242424242425,-28.0,212.66666666666666,-1.8514587995741025,0.06410357671243583,0.297547435240223,False,ok
LK1109205,Athurugiriya,12,-0.2853454014021416,-0.45454545454545453,-30.0,212.66666666666666,-1.9886038958388508,0.046744941053711075,0.297547435240223,False,ok
LK1109210,Thaldiyawala,12,-0.09855035585701503,-0.24242424242424243,-16.0,212.66666666666666,-1.0285882219856124,0.303673214899419,0.4659668889778964,False,ok
LK1109215,Boralugoda,12,-0.19080385929219457,-0.21212121212121213,-14.0,212.66666666666666,-0.8914431257208641,0.37269149047151817,0.5075529589061996,False,ok
LK1109220,Hokandara East,12,-0.19476723990191963,-0.18181818181818182,-12.0,212.66666666666666,-0.7542980294561158,0.4506702853141802,0.5603199752678535,False,ok
LK1109225,Arangala,12,-0.14560251197049112,-0.12121212121212122,-8.0,212.66666666666666,-0.48000783692661914,0.6312218204782534,0.6989871849033542,False,ok
LK1109230,Evarihena,12,-0.13014506389937217,-0.2727272727272727,-18.0,212.66666666666666,-1.1657333182503609,0.24372228477217428,0.4421932007104269,False,ok
LK1109235,Kumaragewatta,12,-0.15635334962998826,-0.30303030303030304,-20.0,212.66666666666666,-1.302878414515109,0.19261627432960227,0.41746017432524696,False,ok
LK1109240,Jayawadanagama,12,-0.06556610890416467,-0.15151515151515152,-10.0,212.66666666666666,-0.6171529331913674,0.5371338571769022,0.6298601230474412,False,ok
LK1109245,Aruppitiya,12,-0.08898338222441707,-0.18181818181818182,-12.0,212.66666666666666,-0.7542980294561158,0.4506702853141802,0.5603199752678535,False,ok
LK1109250,Asiri Uyana,12,-0.16700976165479753,-0.3333333333333333,-22.0,212.66666666666666,-1.4400235107798574,0.14986074751304912,0.39188937260454626,False,ok
LK1109255,Battaramulla South,12,-0.17535678364266322,-0.30303030303030304,-20.0,212.66666666666666,-1.302878414515109,0.19261627432960227,0.41746017432524696,False,ok
LK1109260,Rajamalwatta,12,-0.173430530404188,-0.36363636363636365,-24.0,212.66666666666666,-1.5771686070446058,0.11475673431864908,0.3716250059039973,False,ok
LK1109265,Pahalawela,12,-0.28352594803792086,-0.48484848484848486,-32.0,212.66666666666666,-2.125748992103599,0.03352416523500468,0.297547435240223,False,ok
LK1109270,Wickramasinghapura,12,0.004462952281506536,0.030303030303030304,2.0,212.66666666666666,0.06857254813237416,0.9453298708327,0.9556238440178112,False,ok
LK1109275,Wellangiriya,12,-0.12253512563102317,-0.24242424242424243,-16.0,212.66666666666666,-1.0285882219856124,0.303673214899419,0.4659668889778964,False,ok
LK1109280,Hokandara South,12,-0.15041025238957023,-0.21212121212121213,-14.0,212.66666666666666,-0.8914431257208641,0.37269149047151817,0.5075529589061996,False,ok
LK1109285,Athurugiriya South,12,-0.1537025430468157,-0.2727272727272727,-18.0,212.66666666666666,-1.1657333182503609,0.24372228477217428,0.4421932007104269,False,ok
LK1112005,Jalthara,12,-0.11880675738819821,-0.48484848484848486,-32.0,212.66666666666666,-2.125748992103599,0.03352416523500468,0.297547435240223,False,ok
LK1112010,Henpita,12,-0.1864578331059167,-0.45454545454545453,-30.0,212.66666666666666,-1.9886038958388508,0.046744941053711075,0.297547435240223,False,ok
LK1112015,Atigala West,12,-0.17099202600637525,-0.42424242424242425,-28.0,212.66666666666666,-1.8514587995741025,0.06410357671243583,0.297547435240223,False,ok
LK1112020,Atigala East,12,-0.2115100189520347,-0.48484848484848486,-32.0,212.66666666666666,-2.125748992103599,0.03352416523500468,0.297547435240223,False,ok
LK1112025,Batawala,12,-0.1534155660715612,-0.36363636363636365,-24.0,212.66666666666666,-1.5771686070446058,0.11475673431864908,0.3716250059039973,False,ok
LK1112030,Walpita,12,-0.06737339473616047,-0.21212121212121213,-14.0,212.66666666666666,-0.8914431257208641,0.37269149047151817,0.5075529589061996,False,ok
LK1112035,Nawalamulla,12,-0.22027877885151823,-0.5151515151515151,-34.0,212.66666666666666,-2.2628940883683475,0.023642218909198487,0.297547435240223,False,ok
LK1112040,Meegasmulla,12,-0.2550818735833353,-0.3939393939393939,-26.0,212.66666666666666,-1.714313703309354,0.08647112777407262,0.33447512618165587,False,ok
LK1112045,Habarakada North,12,-0.1218412909920106,-0.3333333333333333,-22.0,212.66666666666666,-1.4400235107798574,0.14986074751304912,0.39188937260454626,False,ok
LK1112050,Mullegama North,12,-0.18933591728167892,-0.42424242424242425,-28.0,212.66666666666666,-1.8514587995741025,0.06410357671243583,0.297547435240223,False,ok
LK1112055,Mullegama South,12,-0.2437960311559849,-0.3333333333333333,-22.0,212.66666666666666,-1.4400235107798574,0.14986074751304912,0.39188937260454626,False,ok
LK1112060,Habarakada South,12,-0.12772614701461393,-0.18181818181818182,-12.0,212.66666666666666,-0.7542980294561158,0.4506702853141802,0.5603199752678535,False,ok
LK1112065,Panagoda Town,12,-0.22706450691872057,-0.30303030303030304,-20.0,212.66666666666666,-1.302878414515109,0.19261627432960227,0.41746017432524696,False,ok
LK1112070,Henawatta,12,-0.2151497936372085,-0.45454545454545453,-30.0,212.66666666666666,-1.9886038958388508,0.046744941053711075,0.297547435240223,False,ok
LK1112075,Meegoda North,12,-0.11950883584887517,-0.30303030303030304,-20.0,212.66666666666666,-1.302878414515109,0.19261627432960227,0.41746017432524696,False,ok
LK1112080,Panaluwa,12,-0.22996954545274345,-0.5454545454545454,-36.0,212.66666666666666,-2.400039184633096,0.016393316888809073,0.297547435240223,False,ok
LK1112085,Watareka North,12,-0.22057520839679717,-0.5454545454545454,-36.0,212.66666666666666,-2.400039184633096,0.016393316888809073,0.297547435240223,False,ok
LK1112090,Meegoda South,12,-0.20590245211185504,-0.3939393939393939,-26.0,212.66666666666666,-1.714313703309354,0.08647112777407262,0.33447512618165587,False,ok
LK1112095,Godagama North,12,-0.13449112922390255,-0.24242424242424243,-16.0,212.66666666666666,-1.0285882219856124,0.303673214899419,0.4659668889778964,False,ok
LK1112100,Panagoda West,12,-0.29801168610799017,-0.3333333333333333,-22.0,212.66666666666666,-1.4400235107798574,0.14986074751304912,0.39188937260454626,False,ok
LK1112105,Panagoda East,12,-0.2530810044908337,-0.3333333333333333,-22.0,212.66666666666666,-1.4400235107798574,0.14986074751304912,0.39188937260454626,False,ok
LK1112110,Habarakada Watta,12,-0.19813562357104825,-0.24242424242424243,-16.0,212.66666666666666,-1.0285882219856124,0.303673214899419,0.4659668889778964,False,ok
LK1112115,Homagama North,12,-0.2806186459812389,-0.45454545454545453,-30.0,212.66666666666666,-1.9886038958388508,0.046744941053711075,0.297547435240223,False,ok
LK1112120,Homagama West,12,-0.25574742650235066,-0.48484848484848486,-32.0,212.66666666666666,-2.125748992103599,0.03352416523500468,0.297547435240223,False,ok
LK1112125,Homagama South,12,-0.23581793321199065,-0.30303030303030304,-20.0,212.66666666666666,-1.302878414515109,0.19261627432960227,0.41746017432524696,False,ok
LK1112130,Galavilawatta North,12,-0.23320033913404004,-0.45454545454545453,-30.0,212.66666666666666,-1.9886038958388508,0.046744941053711075,0.297547435240223,False,ok
LK1112135,Homagama Town,12,-0.21630130580689055,-0.3333333333333333,-22.0,212.66666666666666,-1.4400235107798574,0.14986074751304912,0.39188937260454626,False,ok
LK1112140,Homagama East,12,-0.1548626653688574,-0.30303030303030304,-20.0,212.66666666666666,-1.302878414515109,0.19261627432960227,0.41746017432524696,False,ok
LK1112145,Pitipana Town,12,-0.17674369814727103,-0.2727272727272727,-18.0,212.66666666666666,-1.1657333182503609,0.24372228477217428,0.4421932007104269,False,ok
LK1112150,Godagama South,12,-0.20172369783575028,-0.2727272727272727,-18.0,212.66666666666666,-1.1657333182503609,0.24372228477217428,0.4421932007104269,False,ok
LK1112155,Kurunduwatta,12,-0.26619669957113856,-0.3939393939393939,-26.0,212.66666666666666,-1.714313703309354,0.08647112777407262,0.33447512618165587,False,ok
LK1112160,Gehenuwala,12,-0.18772628925777798,-0.3333333333333333,-22.0,212.66666666666666,-1.4400235107798574,0.14986074751304912,0.39188937260454626,False,ok
LK1112165,Watareka South,12,-0.20440050800447968,-0.42424242424242425,-28.0,212.66666666666666,-1.8514587995741025,0.06410357671243583,0.297547435240223,False,ok
LK1112170,Ovitigama,12,-0.15823197998053234,-0.45454545454545453,-30.0,212.66666666666666,-1.9886038958388508,0.046744941053711075,0.297547435240223,False,ok
LK1112175,Kandanawatta,12,-0.2061722475299324,-0.3333333333333333,-22.0,212.66666666666666,-1.4400235107798574,0.14986074751304912,0.39188937260454626,False,ok
LK1112180,Kiriberiyakele,12,-0.26042583043010004,-0.3333333333333333,-22.0,212.66666666666666,-1.4400235107798574,0.14986074751304912,0.39188937260454626,False,ok
LK1112185,Mawathgama,12,-0.22733461093906843,-0.2727272727272727,-18.0,212.66666666666666,-1.1657333182503609,0.24372228477217428,0.4421932007104269,False,ok
LK1112190,Katuwana,12,-0.13343494776514636,-0.18181818181818182,-12.0,212.66666666666666,-0.7542980294561158,0.4506702853141802,0.5603199752678535,False,ok
LK1112195,Galavilawatta South,12,-0.2563692917426419,-0.24242424242424243,-16.0,212.66666666666666,-1.0285882219856124,0.303673214899419,0.4659668889778964,False,ok
LK1112200,Niyandagala,12,-0.132672945716088,-0.15151515151515152,-10.0,212.66666666666666,-0.6171529331913674,0.5371338571769022,0.6298601230474412,False,ok
LK1112205,Hiripitiya,12,-0.18271895162878632,-0.24242424242424243,-16.0,212.66666666666666,-1.0285882219856124,0.303673214899419,0.4659668889778964,False,ok
LK1112210,Mambulgoda,12,-0.20656131249488002,-0.42424242424242425,-28.0,212.66666666666666,-1.8514587995741025,0.06410357671243583,0.297547435240223,False,ok
LK1112215,Kithulhena,12,-0.11005631732105314,-0.15151515151515152,-10.0,212.66666666666666,-0.6171529331913674,0.5371338571769022,0.6298601230474412,False,ok
LK1112220,Siddamulla North,12,-0.18605238370082194,-0.24242424242424243,-16.0,212.66666666666666,-1.0285882219856124,0.303673214899419,0.4659668889778964,False,ok
LK1112225,Siddamulla South,12,-0.10310200925940727,-0.21212121212121213,-14.0,212.66666666666666,-0.8914431257208641,0.37269149047151817,0.5075529589061996,False,ok
LK1112230,Mattegoda West,12,-0.0908111383330515,-0.15151515151515152,-10.0,212.66666666666666,-0.6171529331913674,0.5371338571769022,0.6298601230474412,False,ok
LK1112235,Mattegoda Central 'A',12,-0.14713549798002154,-0.2727272727272727,-18.0,212.66666666666666,-1.1657333182503609,0.24372228477217428,0.4421932007104269,False,ok
LK1112240,Mattegoda East,12,-0.2063311665831858,-0.21212121212121213,-14.0,212.66666666666666,-0.8914431257208641,0.37269149047151817,0.5075529589061996,False,ok
LK1112245,Brahmanagama,12,-0.12368832039653535,-0.21212121212121213,-14.0,212.66666666666666,-0.8914431257208641,0.37269149047151817,0.5075529589061996,False,ok
LK1112250,Deepangoda,12,-0.02549596614806586,-0.09090909090909091,-6.0,212.66666666666666,-0.34286274066187084,0.7317017232242102,0.7898408136354362,False,ok
LK1112255,Magammana West,12,-0.04687398363242134,-0.12121212121212122,-8.0,212.66666666666666,-0.48000783692661914,0.6312218204782534,0.6989871849033542,False,ok
LK1112260,Magammana East,12,-0.11017034959661087,-0.18181818181818182,-12.0,212.66666666666666,-0.7542980294561158,0.4506702853141802,0.5603199752678535,False,ok
LK1112265,Uduwana,12,-0.12379677334605566,-0.15151515151515152,-10.0,212.66666666666666,-0.6171529331913674,0.5371338571769022,0.6298601230474412,False,ok
LK1112270,Prasannapura,12,-0.15325207895393778,-0.21212121212121213,-14.0,212.66666666666666,-0.8914431257208641,0.37269149047151817,0.5075529589061996,False,ok
LK1112275,Pitipana North,12,-0.06193702662190898,-0.2727272727272727,-18.0,212.66666666666666,-1.1657333182503609,0.24372228477217428,0.4421932007104269,False,ok
LK1112280,Suwapubudugama,12,-0.14390242303297335,-0.21212121212121213,-14.0,212.66666666666666,-0.8914431257208641,0.37269149047151817,0.5075529589061996,False,ok
LK1112285,Pitipana South,12,-0.21880017258691792,-0.45454545454545453,-30.0,212.66666666666666,-1.9886038958388508,0.046744941053711075,0.297547435240223,False,ok
LK1112290,Dolahena,12,-0.10892806635166205,-0.18181818181818182,-12.0,212.66666666666666,-0.7542980294561158,0.4506702853141802,0.5603199752678535,False,ok
LK1112295,Diyagama East,12,-0.05278925740918332,-0.18181818181818182,-12.0,212.66666666666666,-0.7542980294561158,0.4506702853141802,0.5603199752678535,False,ok
LK1112300,Diyagama West,12,-0.025265262710614245,-0.06060606060606061,-4.0,212.66666666666666,-0.20571764439712248,0.837011475105446,0.8779950878224736,False,ok
LK1112305,Kirigampamunuwa,12,-0.17419305394711176,-0.2727272727272727,-18.0,212.66666666666666,-1.1657333182503609,0.24372228477217428,0.4421932007104269,False,ok
LK1112310,Mattegoda Central 'B',12,-0.21261500642694234,-0.2727272727272727,-18.0,212.66666666666666,-1.1657333182503609,0.24372228477217428,0.4421932007104269,False,ok
LK1112315,Siyambalagoda North,12,-0.10964148004750118,-0.18181818181818182,-12.0,212.66666666666666,-0.7542980294561158,0.4506702853141802,0.5603199752678535,False,ok
LK1112320,Kudamaduwa,12,-0.18872780867496225,-0.24242424242424243,-16.0,212.66666666666666,-1.0285882219856124,0.303673214899419,0.4659668889778964,False,ok
LK1112325,Sangharama,12,-0.04880264350523171,-0.09090909090909091,-6.0,212.66666666666666,-0.34286274066187084,0.7317017232242102,0.7898408136354362,False,ok
LK1112330,Siyambalagoda South,12,-0.09925237880159078,-0.15151515151515152,-10.0,212.66666666666666,-0.6171529331913674,0.5371338571769022,0.6298601230474412,False,ok
LK1112335,Rilawala,12,-0.11313030416183467,-0.21212121212121213,-14.0,212.66666666666666,-0.8914431257208641,0.37269149047151817,0.5075529589061996,False,ok
LK1112340,Kahathuduwa West,12,-0.07906981289870174,-0.21212121212121213,-14.0,212.66666666666666,-0.8914431257208641,0.37269149047151817,0.5075529589061996,False,ok
LK1112345,Kiriwattuduwa South,12,-0.12439746781544869,-0.15151515151515152,-10.0,212.66666666666666,-0.6171529331913674,0.5371338571769022,0.6298601230474412,False,ok
LK1112350,Kiriwattuduwa North,12,-0.02219719862990068,-0.06060606060606061,-4.0,212.66666666666666,-0.20571764439712248,0.837011475105446,0.8779950878224736,False,ok
LK1112355,Moonamale - Yakahaluwa,12,-0.08541581723783054,-0.09090909090909091,-6.0,212.66666666666666,-0.34286274066187084,0.7317017232242102,0.7898408136354362,False,ok
LK1112360,Kithulavila,12,-0.17517179699297003,-0.30303030303030304,-20.0,212.66666666666666,-1.302878414515109,0.19261627432960227,0.41746017432524696,False,ok
LK1112365,Kahathuduwa North,12,-0.050132908661828665,-0.12121212121212122,-8.0,212.66666666666666,-0.48000783692661914,0.6312218204782534,0.6989871849033542,False,ok
LK1112370,Kahathuduwa East,12,-0.09169800903368053,-0.21212121212121213,-14.0,212.66666666666666,-0.8914431257208641,0.37269149047151817,0.5075529589061996,False,ok
LK1112375,Kahathuduwa South,12,-0.04579466511704937,-0.06060606060606061,-4.0,212.66666666666666,-0.20571764439712248,0.837011475105446,0.8779950878224736,False,ok
LK1112380,Undurugoda,12,-0.15371231221376214,-0.21212121212121213,-14.0,212.66666666666666,-0.8914431257208641,0.37269149047151817,0.5075529589061996,False,ok
LK1112385,Wethara,12,-0.11862291891702546,-0.18181818181818182,-12.0,212.66666666666666,-0.7542980294561158,0.4506702853141802,0.5603199752678535,False,ok
LK1112390,Ambalangoda,12,-0.12545850000551625,-0.2727272727272727,-18.0,212.66666666666666,-1.1657333182503609,0.24372228477217428,0.4421932007104269,False,ok
LK1112395,Heraliyawala,12,-0.195311304585656,-0.5151515151515151,-34.0,212.66666666666666,-2.2628940883683475,0.023642218909198487,0.297547435240223,False,ok
LK1112400,Palagama,12,-0.08767676819213735,-0.15151515151515152,-10.0,212.66666666666666,-0.6171529331913674,0.5371338571769022,0.6298601230474412,False,ok
LK1112405,Weniwelkola,12,-0.0575029128935841,-0.09090909090909091,-6.0,212.66666666666666,-0.34286274066187084,0.7317017232242102,0.7898408136354362,False,ok
LK1115005,Bollathawa,12,-0.19449624001471477,-0.30303030303030304,-20.0,212.66666666666666,-1.302878414515109,0.19261627432960227,0.41746017432524696,False,ok
LK1115010,Kanampella West,12,-0.25025409889964384,-0.42424242424242425,-28.0,212.66666666666666,-1.8514587995741025,0.06410357671243583,0.297547435240223,False,ok
LK1115015,Kanampella East,12,-0.2695391352196028,-0.5757575757575758,-38.0,212.66666666666666,-2.537184280897844,0.011174811327380407,0.297547435240223,False,ok
LK1115020,Manakada,12,-0.216205014500955,-0.48484848484848486,-32.0,212.66666666666666,-2.125748992103599,0.03352416523500468,0.297547435240223,False,ok
LK1115025,Eswatta North,12,-0.26123838807092126,-0.45454545454545453,-30.0,212.66666666666666,-1.9886038958388508,0.046744941053711075,0.297547435240223,False,ok
LK1115030,Kiriwandala North,12,-0.24404075314640697,-0.42424242424242425,-28.0,212.66666666666666,-1.8514587995741025,0.06410357671243583,0.297547435240223,False,ok
LK1115035,Kudagama,12,-0.2600681983058616,-0.48484848484848486,-32.0,212.66666666666666,-2.125748992103599,0.03352416523500468,0.297547435240223,False,ok
LK1115040,Weralupitiya,12,-0.11279529123779367,-0.2727272727272727,-18.0,212.66666666666666,-1.1657333182503609,0.24372228477217428,0.4421932007104269,False,ok
LK1115045,Seethagama,12,-0.24442156446739638,-0.3333333333333333,-22.0,212.66666666666666,-1.4400235107798574,0.14986074751304912,0.39188937260454626,False,ok
LK1115050,Avissawella,12,-0.4065023984627013,-0.5151515151515151,-34.0,212.66666666666666,-2.2628940883683475,0.023642218909198487,0.297547435240223,False,ok
LK1115055,Ukwatta,12,-0.2664281491703848,-0.42424242424242425,-28.0,212.66666666666666,-1.8514587995741025,0.06410357671243583,0.297547435240223,False,ok
LK1115060,Agra Pedesa,12,-0.15244918074163785,-0.24242424242424243,-16.0,212.66666666666666,-1.0285882219856124,0.303673214899419,0.4659668889778964,False,ok
LK1115065,Eswatta South,12,-0.2595365726174661,-0.5454545454545454,-36.0,212.66666666666666,-2.400039184633096,0.016393316888809073,0.297547435240223,False,ok
LK1115070,Ihala Kosgama North,12,-0.243439119572607,-0.36363636363636365,-24.0,212.66666666666666,-1.5771686070446058,0.11475673431864908,0.3716250059039973,False,ok
LK1115075,Thawalgoda,12,-0.1982906954785708,-0.3333333333333333,-22.0,212.66666666666666,-1.4400235107798574,0.14986074751304912,0.39188937260454626,False,ok
LK1115080,Muruthagama,12,-0.0938833667639269,-0.18181818181818182,-12.0,212.66666666666666,-0.7542980294561158,0.4506702853141802,0.5603199752678535,False,ok
LK1115085,Akaravita,12,-0.17999684195109975,-0.3333333333333333,-22.0,212.66666666666666,-1.4400235107798574,0.14986074751304912,0.39188937260454626,False,ok
LK1115090,Kahatapitiya,12,-0.20044725730620055,-0.5151515151515151,-34.0,212.66666666666666,-2.2628940883683475,0.023642218909198487,0.297547435240223,False,ok
LK1115095,Kalu Aggala,12,-0.16442512294191206,-0.36363636363636365,-24.0,212.66666666666666,-1.5771686070446058,0.11475673431864908,0.3716250059039973,False,ok
LK1115100,Salawa,12,-0.12487629274755561,-0.21212121212121213,-14.0,212.66666666666666,-0.8914431257208641,0.37269149047151817,0.5075529589061996,False,ok
LK1115105,Pahala Kosgama West,12,-0.008568202886417946,-0.030303030303030304,-2.0,212.66666666666666,-0.06857254813237416,0.9453298708327,0.9556238440178112,False,ok
LK1115110,Pahala Kosgama East,12,-0.15257257339501878,-0.18181818181818182,-12.0,212.66666666666666,-0.7542980294561158,0.4506702853141802,0.5603199752678535,False,ok
LK1115115,Ihala Kosgama South,12,-0.256962596655038,-0.36363636363636365,-24.0,212.66666666666666,-1.5771686070446058,0.11475673431864908,0.3716250059039973,False,ok
LK1115120,Miriswatta,12,-0.272738288302119,-0.5151515151515151,-34.0,212.66666666666666,-2.2628940883683475,0.023642218909198487,0.297547435240223,False,ok
LK1115125,Aluth Ambalama,12,-0.28471797166033586,-0.6363636363636364,-42.0,212.66666666666666,-2.811474473427341,0.004931500366306407,0.297547435240223,False,ok
LK1115130,Kiriwandala South,12,-0.2987279028729922,-0.48484848484848486,-32.0,212.66666666666666,-2.125748992103599,0.03352416523500468,0.297547435240223,False,ok
LK1115135,Kotahera,12,-0.36069201585808486,-0.5151515151515151,-34.0,212.66666666666666,-2.2628940883683475,0.023642218909198487,0.297547435240223,False,ok
LK1115140,Seethawaka,12,-0.24005371674131187,-0.3939393939393939,-26.0,212.66666666666666,-1.714313703309354,0.08647112777407262,0.33447512618165587,False,ok
LK1115145,Aradhana Kanda,12,-0.23886032963574344,-0.5454545454545454,-36.0,212.66666666666666,-2.400039184633096,0.016393316888809073,0.297547435240223,False,ok
LK1115150,Puwakpitiya South,12,-0.19709509593574653,-0.45454545454545453,-30.0,212.66666666666666,-1.9886038958388508,0.046744941053711075,0.297547435240223,False,ok
LK1115155,Puwakpitiya,12,-0.22768979550889767,-0.3939393939393939,-26.0,212.66666666666666,-1.714313703309354,0.08647112777407262,0.33447512618165587,False,ok
LK1115160,Egodagama,12,-0.313665840138567,-0.45454545454545453,-30.0,212.66666666666666,-1.9886038958388508,0.046744941053711075,0.297547435240223,False,ok
LK1115165,Weragolla North,12,-0.31490643082553815,-0.5151515151515151,-34.0,212.66666666666666,-2.2628940883683475,0.023642218909198487,0.297547435240223,False,ok
LK1115170,Hingurala,12,-0.28557743708807437,-0.5757575757575758,-38.0,212.66666666666666,-2.537184280897844,0.011174811327380407,0.297547435240223,False,ok
LK1115175,Kadugoda North,12,-0.20476251195949033,-0.30303030303030304,-20.0,212.66666666666666,-1.302878414515109,0.19261627432960227,0.41746017432524696,False,ok
LK1115180,Mawalgama,12,-0.1737248012566076,-0.36363636363636365,-24.0,212.66666666666666,-1.5771686070446058,0.11475673431864908,0.3716250059039973,False,ok
LK1115185,Suduwella,12,-0.1588479509110412,-0.2727272727272727,-18.0,212.66666666666666,-1.1657333182503609,0.24372228477217428,0.4421932007104269,False,ok
LK1115190,Gira Imbula,12,-0.16247886386567867,-0.3333333333333333,-22.0,212.66666666666666,-1.4400235107798574,0.14986074751304912,0.39188937260454626,False,ok
LK1115195,Walawwatta,12,-0.15306332377697665,-0.3333333333333333,-22.0,212.66666666666666,-1.4400235107798574,0.14986074751304912,0.39188937260454626,False,ok
LK1115200,Pahala Hanwella,12,-0.1833098647555712,-0.45454545454545453,-30.0,212.66666666666666,-1.9886038958388508,0.046744941053711075,0.297547435240223,False,ok
LK1115205,Hanwella Town,12,-0.1519677894671868,-0.45454545454545453,-30.0,212.66666666666666,-1.9886038958388508,0.046744941053711075,0.297547435240223,False,ok
LK1115210,Ihala Hanwella North,12,-0.16751136558050844,-0.42424242424242425,-28.0,212.66666666666666,-1.8514587995741025,0.06410357671243583,0.297547435240223,False,ok
LK1115215,Niripola,12,-0.19150237992357907,-0.42424242424242425,-28.0,212.66666666666666,-1.8514587995741025,0.06410357671243583,0.297547435240223,False,ok
LK1115220,Brandigampala,12,-0.23491716730829737,-0.3939393939393939,-26.0,212.66666666666666,-1.714313703309354,0.08647112777407262,0.33447512618165587,False,ok
LK1115225,Kadugoda South,12,-0.2566463032948678,-0.48484848484848486,-32.0,212.66666666666666,-2.125748992103599,0.03352416523500468,0.297547435240223,False,ok
LK1115230,Weragolla South,12,-0.2930039652397506,-0.5454545454545454,-36.0,212.66666666666666,-2.400039184633096,0.016393316888809073,0.297547435240223,False,ok
LK1115235,Digana,12,-0.25817777488187693,-0.45454545454545453,-30.0,212.66666666666666,-1.9886038958388508,0.046744941053711075,0.297547435240223,False,ok
LK1115240,Lahirugama,12,-0.1944381418735996,-0.3333333333333333,-22.0,212.66666666666666,-1.4400235107798574,0.14986074751304912,0.39188937260454626,False,ok
LK1115245,Mambula,12,-0.171556493924966,-0.42424242424242425,-28.0,212.66666666666666,-1.8514587995741025,0.06410357671243583,0.297547435240223,False,ok
LK1115250,Welikanna,12,-0.21360673719147272,-0.45454545454545453,-30.0,212.66666666666666,-1.9886038958388508,0.046744941053711075,0.297547435240223,False,ok
LK1115255,Kahahena,12,-0.10233697642467188,-0.30303030303030304,-20.0,212.66666666666666,-1.302878414515109,0.19261627432960227,0.41746017432524696,False,ok
LK1115260,Neluwattuduwa,12,-0.2246506661960476,-0.5454545454545454,-36.0,212.66666666666666,-2.400039184633096,0.016393316888809073,0.297547435240223,False,ok
LK1115265,Diddeniya North,12,-0.18012745936863894,-0.42424242424242425,-28.0,212.66666666666666,-1.8514587995741025,0.06410357671243583,0.297547435240223,False,ok
LK1115270,Ihala Hanwella South,12,-0.2488980357069812,-0.6363636363636364,-42.0,212.66666666666666,-2.811474473427341,0.004931500366306407,0.297547435240223,False,ok
LK1115275,Pahathgama,12,-0.16017655173825202,-0.3939393939393939,-26.0,212.66666666666666,-1.714313703309354,0.08647112777407262,0.33447512618165587,False,ok
LK1115280,Jayaweeragoda,12,-0.24433755694785136,-0.5757575757575758,-38.0,212.66666666666666,-2.537184280897844,0.011174811327380407,0.297547435240223,False,ok
LK1115285,Koodaluvila,12,-0.23124923453037055,-0.6060606060606061,-40.0,212.66666666666666,-2.6743293771625924,0.007487886815149114,0.297547435240223,False,ok
LK1115290,Thunnana East,12,-0.06983629397156804,-0.21212121212121213,-14.0,212.66666666666666,-0.8914431257208641,0.37269149047151817,0.5075529589061996,False,ok
LK1115295,Diddeniya South,12,-0.16445625594351332,-0.42424242424242425,-28.0,212.66666666666666,-1.8514587995741025,0.06410357671243583,0.297547435240223,False,ok
LK1115300,Elamalawala,12,-0.24693339961783428,-0.5454545454545454,-36.0,212.66666666666666,-2.400039184633096,0.016393316888809073,0.297547435240223,False,ok
LK1115305,Ilukovita,12,-0.24497166321018018,-0.48484848484848486,-32.0,212.66666666666666,-2.125748992103599,0.03352416523500468,0.297547435240223,False,ok
LK1115310,Koswatta,12,-0.24237102704036784,-0.42424242424242425,-28.0,212.66666666666666,-1.8514587995741025,0.06410357671243583,0.297547435240223,False,ok
LK1115315,Pagngnagula,12,-0.32069099451829824,-0.5757575757575758,-38.0,212.66666666666666,-2.537184280897844,0.011174811327380407,0.297547435240223,False,ok
LK1115320,Pelpola,12,-0.26121007262593127,-0.36363636363636365,-24.0,212.66666666666666,-1.5771686070446058,0.11475673431864908,0.3716250059039973,False,ok
LK1115325,Kudakanda,12,-0.08222679656127524,-0.15151515151515152,-10.0,212.66666666666666,-0.6171529331913674,0.5371338571769022,0.6298601230474412,False,ok
LK1115330,Thunnana West,12,-0.31507950647823435,-0.7575757575757576,-50.0,212.66666666666666,-3.360054858486334,0.0007792699724176178,0.297547435240223,False,ok
LK1115335,Mawathagama West,12,-0.09195910340369881,-0.3333333333333333,-22.0,212.66666666666666,-1.4400235107798574,0.14986074751304912,0.39188937260454626,False,ok
LK1115340,Mawathagama East,12,-0.030415975087794856,-0.09090909090909091,-6.0,212.66666666666666,-0.34286274066187084,0.7317017232242102,0.7898408136354362,False,ok
LK1118005,Pinnawala North,12,-0.17650876689562653,-0.24242424242424243,-16.0,212.66666666666666,-1.0285882219856124,0.303673214899419,0.4659668889778964,False,ok
LK1118010,Pinnawala South,12,-0.1493622286506633,-0.30303030303030304,-20.0,212.66666666666666,-1.302878414515109,0.19261627432960227,0.41746017432524696,False,ok
LK1118015,Waga North,12,-0.19604563839083025,-0.48484848484848486,-32.0,212.66666666666666,-2.125748992103599,0.03352416523500468,0.297547435240223,False,ok
LK1118020,Waga East,12,-0.2180295957452258,-0.5454545454545454,-36.0,212.66666666666666,-2.400039184633096,0.016393316888809073,0.297547435240223,False,ok
LK1118025,Thummodara,12,-0.27935824186905533,-0.6060606060606061,-40.0,212.66666666666666,-2.6743293771625924,0.007487886815149114,0.297547435240223,False,ok
LK1118030,Waga South,12,-0.19364493466566984,-0.48484848484848486,-32.0,212.66666666666666,-2.125748992103599,0.03352416523500468,0.297547435240223,False,ok
LK1118035,Siyambalawa,12,-0.24288497262118647,-0.3939393939393939,-26.0,212.66666666666666,-1.714313703309354,0.08647112777407262,0.33447512618165587,False,ok
LK1118040,Pahala Bope,12,-0.27771176994283664,-0.3939393939393939,-26.0,212.66666666666666,-1.714313703309354,0.08647112777407262,0.33447512618165587,False,ok
LK1118045,Halpe,12,-0.22505312772618916,-0.42424242424242425,-28.0,212.66666666666666,-1.8514587995741025,0.06410357671243583,0.297547435240223,False,ok
LK1118050,Waga West,12,-0.2760962946429867,-0.45454545454545453,-30.0,212.66666666666666,-1.9886038958388508,0.046744941053711075,0.297547435240223,False,ok
LK1118055,Uggalla,12,-0.23799031192176567,-0.6060606060606061,-40.0,212.66666666666666,-2.6743293771625924,0.007487886815149114,0.297547435240223,False,ok
LK1118060,Wewelpanawa,12,-0.20931816269812645,-0.42424242424242425,-28.0,212.66666666666666,-1.8514587995741025,0.06410357671243583,0.297547435240223,False,ok
LK1118065,Pitumpe North,12,-0.17988495606383442,-0.48484848484848486,-32.0,212.66666666666666,-2.125748992103599,0.03352416523500468,0.297547435240223,False,ok
LK1118070,Pitumpe South,12,-0.1577282230031097,-0.2727272727272727,-18.0,212.66666666666666,-1.1657333182503609,0.24372228477217428,0.4421932007104269,False,ok
LK1118075,Galagedara East,12,-0.14611598212329352,-0.3939393939393939,-26.0,212.66666666666666,-1.714313703309354,0.08647112777407262,0.33447512618165587,False,ok
LK1118080,Galagedara North,12,-0.1782571946131145,-0.45454545454545453,-30.0,212.66666666666666,-1.9886038958388508,0.046744941053711075,0.297547435240223,False,ok
LK1118085,Galagedara South,12,-0.20264009540638958,-0.48484848484848486,-32.0,212.66666666666666,-2.125748992103599,0.03352416523500468,0.297547435240223,False,ok
LK1118090,Padukka,12,-0.24364217251420978,-0.48484848484848486,-32.0,212.66666666666666,-2.125748992103599,0.03352416523500468,0.297547435240223,False,ok
LK1118095,Arukwatta North,12,-0.176147114919255,-0.36363636363636365,-24.0,212.66666666666666,-1.5771686070446058,0.11475673431864908,0.3716250059039973,False,ok
LK1118100,Arukwatta South,12,-0.1640432454264804,-0.3333333333333333,-22.0,212.66666666666666,-1.4400235107798574,0.14986074751304912,0.39188937260454626,False,ok
LK1118105,Ganegoda,12,-0.2287564713505505,-0.3333333333333333,-22.0,212.66666666666666,-1.4400235107798574,0.14986074751304912,0.39188937260454626,False,ok
LK1118110,Angampitiya,12,-0.30976579662622916,-0.48484848484848486,-32.0,212.66666666666666,-2.125748992103599,0.03352416523500468,0.297547435240223,False,ok
LK1118115,Weragala,12,-0.2952210731023146,-0.45454545454545453,-30.0,212.66666666666666,-1.9886038958388508,0.046744941053711075,0.297547435240223,False,ok
LK1118120,Angamuwa,12,-0.20415715449974275,-0.36363636363636365,-24.0,212.66666666666666,-1.5771686070446058,0.11475673431864908,0.3716250059039973,False,ok
LK1118125,Udumulla,12,-0.15523443096467185,-0.5151515151515151,-34.0,212.66666666666666,-2.2628940883683475,0.023642218909198487,0.297547435240223,False,ok
LK1118130,Poregedara,12,-0.1752678122725109,-0.36363636363636365,-24.0,212.66666666666666,-1.5771686070446058,0.11475673431864908,0.3716250059039973,False,ok
LK1118135,Pahala Padukka,12,-0.21549500757294382,-0.42424242424242425,-28.0,212.66666666666666,-1.8514587995741025,0.06410357671243583,0.297547435240223,False,ok
LK1118140,Liyanwala,12,-0.2713950574981472,-0.6060606060606061,-40.0,212.66666666666666,-2.6743293771625924,0.007487886815149114,0.297547435240223,False,ok
LK1118145,Kurugala,12,-0.19806567472761777,-0.30303030303030304,-20.0,212.66666666666666,-1.302878414515109,0.19261627432960227,0.41746017432524696,False,ok
LK1118150,Madulawa South,12,-0.23092989365582567,-0.5757575757575758,-38.0,212.66666666666666,-2.537184280897844,0.011174811327380407,0.297547435240223,False,ok
LK1118155,Madulawa North,12,-0.1422248068549113,-0.3333333333333333,-22.0,212.66666666666666,-1.4400235107798574,0.14986074751304912,0.39188937260454626,False,ok
LK1118160,Horakandawala,12,-0.16973334380733246,-0.3333333333333333,-22.0,212.66666666666666,-1.4400235107798574,0.14986074751304912,0.39188937260454626,False,ok
LK1118165,Dampe,12,-0.18073488175790747,-0.24242424242424243,-16.0,212.66666666666666,-1.0285882219856124,0.303673214899419,0.4659668889778964,False,ok
LK1118170,Beruketiya,12,-0.18669443738258212,-0.3939393939393939,-26.0,212.66666666666666,-1.714313703309354,0.08647112777407262,0.33447512618165587,False,ok
LK1118175,Horagala West,12,-0.1534636528725793,-0.2727272727272727,-18.0,212.66666666666666,-1.1657333182503609,0.24372228477217428,0.4421932007104269,False,ok
LK1118180,Horagala East,12,-0.17868100755675242,-0.48484848484848486,-32.0,212.66666666666666,-2.125748992103599,0.03352416523500468,0.297547435240223,False,ok
LK1118185,Beliattavila,12,-0.16472751442949818,-0.36363636363636365,-24.0,212.66666666666666,-1.5771686070446058,0.11475673431864908,0.3716250059039973,False,ok
LK1118190,Miriyagalla,12,-0.22563396733083826,-0.42424242424242425,-28.0,212.66666666666666,-1.8514587995741025,0.06410357671243583,0.297547435240223,False,ok
LK1118195,Malagala,12,-0.25792639482210866,-0.5454545454545454,-36.0,212.66666666666666,-2.400039184633096,0.016393316888809073,0.297547435240223,False,ok
LK1118200,Kahawala,12,-0.16721960584297946,-0.5757575757575758,-38.0,212.66666666666666,-2.537184280897844,0.011174811327380407,0.297547435240223,False,ok
LK1118205,Yatawathura,12,-0.15755050639057444,-0.2727272727272727,-18.0,212.66666666666666,-1.1657333182503609,0.24372228477217428,0.4421932007104269,False,ok
LK1118210,Mahingala,12,-0.18085607915047694,-0.42424242424242425,-28.0,212.66666666666666,-1.8514587995741025,0.06410357671243583,0.297547435240223,False,ok
LK1118215,Ihala Bope,12,-0.23865598284346784,-0.5454545454545454,-36.0,212.66666666666666,-2.400039184633096,0.016393316888809073,0.297547435240223,False,ok
LK1118220,Gurulana,12,-0.20760009998774143,-0.42424242424242425,-28.0,212.66666666666666,-1.8514587995741025,0.06410357671243583,0.297547435240223,False,ok
LK1118225,Udagama,12,-0.20913249848409307,-0.696969696969697,-46.0,212.66666666666666,-3.0857646659568374,0.0020302944356094255,0.297547435240223,False,ok
LK1118230,Dambora,12,-0.29363328460888205,-0.5757575757575758,-38.0,212.66666666666666,-2.537184280897844,0.011174811327380407,0.297547435240223,False,ok
LK1121005,Mirihana South,12,-0.07061475763340702,-0.2727272727272727,-18.0,212.66666666666666,-1.1657333182503609,0.24372228477217428,0.4421932007104269,False,ok
LK1121010,Mirihana North,12,-0.0019592160532260943,0.0,0.0,212.66666666666666,0.0,1.0,1.0,False,ok
LK1121015,Madiwela,12,-0.19669171606769886,-0.21212121212121213,-14.0,212.66666666666666,-0.8914431257208641,0.37269149047151817,0.5075529589061996,False,ok
LK1121020,Thalawathugoda West,12,-0.24056521872242315,-0.30303030303030304,-20.0,212.66666666666666,-1.302878414515109,0.19261627432960227,0.41746017432524696,False,ok
LK1121025,Thalawathugoda East,12,-0.18090141393720635,-0.24242424242424243,-16.0,212.66666666666666,-1.0285882219856124,0.303673214899419,0.4659668889778964,False,ok
LK1121030,Kalalgoda,12,-0.12042852356215417,-0.12121212121212122,-8.0,212.66666666666666,-0.48000783692661914,0.6312218204782534,0.6989871849033542,False,ok
LK1121035,Kottawa East,12,-0.00967267988163698,0.0,0.0,212.66666666666666,0.0,1.0,1.0,False,ok
LK1121040,Rukmale West,12,-0.0629927266514983,-0.18181818181818182,-12.0,212.66666666666666,-0.7542980294561158,0.4506702853141802,0.5603199752678535,False,ok
LK1121045,Rukmale East A,12,-0.19533273370898724,-0.30303030303030304,-20.0,212.66666666666666,-1.302878414515109,0.19261627432960227,0.41746017432524696,False,ok
LK1121050,Rukmale East B,12,-0.20106232843211086,-0.2727272727272727,-18.0,212.66666666666666,-1.1657333182503609,0.24372228477217428,0.4421932007104269,False,ok
LK1121055,Liyanagoda,12,-0.1592770117349099,-0.24242424242424243,-16.0,212.66666666666666,-1.0285882219856124,0.303673214899419,0.4659668889778964,False,ok
LK1121060,Kottawa North,12,-0.1037953007769816,-0.24242424242424243,-16.0,212.66666666666666,-1.0285882219856124,0.303673214899419,0.4659668889778964,False,ok
LK1121065,Depanama,12,-0.13973353250560983,-0.18181818181818182,-12.0,212.66666666666666,-0.7542980294561158,0.4506702853141802,0.5603199752678535,False,ok
LK1121070,Polwatta,12,-0.23661189359341872,-0.30303030303030304,-20.0,212.66666666666666,-1.302878414515109,0.19261627432960227,0.41746017432524696,False,ok
LK1121075,Pamunuwa,12,-0.19178184097092743,-0.30303030303030304,-20.0,212.66666666666666,-1.302878414515109,0.19261627432960227,0.41746017432524696,False,ok
LK1121080,Thalapathpitiya,12,-0.16036463601760076,-0.2727272727272727,-18.0,212.66666666666666,-1.1657333182503609,0.24372228477217428,0.4421932007104269,False,ok
LK1121085,Pragathipura,12,-0.13522822590826716,-0.21212121212121213,-14.0,212.66666666666666,-0.8914431257208641,0.37269149047151817,0.5075529589061996,False,ok
LK1121090,Udahamulla East,12,-0.07850529998320877,-0.09090909090909091,-6.0,212.66666666666666,-0.34286274066187084,0.7317017232242102,0.7898408136354362,False,ok
LK1121095,Udahamulla West,12,-0.19425434124543584,-0.21212121212121213,-14.0,212.66666666666666,-0.8914431257208641,0.37269149047151817,0.5075529589061996,False,ok
LK1121100,Pathiragoda,12,-0.21728836297422682,-0.21212121212121213,-14.0,212.66666666666666,-0.8914431257208641,0.37269149047151817,0.5075529589061996,False,ok
LK1121105,Maharagama East,12,-0.17556328681041428,-0.24242424242424243,-16.0,212.66666666666666,-1.0285882219856124,0.303673214899419,0.4659668889778964,False,ok
LK1121110,Maharagama West,12,-0.25579841300055195,-0.2727272727272727,-18.0,212.66666666666666,-1.1657333182503609,0.24372228477217428,0.4421932007104269,False,ok
LK1121115,Dambahena,12,-0.2938321688897747,-0.3939393939393939,-26.0,212.66666666666666,-1.714313703309354,0.08647112777407262,0.33447512618165587,False,ok
LK1121120,Pannipitiya North,12,-0.14574320313620825,-0.2727272727272727,-18.0,212.66666666666666,-1.1657333182503609,0.24372228477217428,0.4421932007104269,False,ok
LK1121125,Kottawa West,12,-0.10455465963161438,-0.12121212121212122,-8.0,212.66666666666666,-0.48000783692661914,0.6312218204782534,0.6989871849033542,False,ok
LK1121130,Kottawa South,12,0.027406935490337975,0.030303030303030304,2.0,212.66666666666666,0.06857254813237416,0.9453298708327,0.9556238440178112,False,ok
LK1121135,Malapalla West,12,-0.07009894008783371,-0.09090909090909091,-6.0,212.66666666666666,-0.34286274066187084,0.7317017232242102,0.7898408136354362,False,ok
LK1121140,Malapalla East,12,-0.11374665325419464,-0.36363636363636365,-24.0,212.66666666666666,-1.5771686070446058,0.11475673431864908,0.3716250059039973,False,ok
LK1121145,Makumbura North,12,-0.1712125722830618,-0.30303030303030304,-20.0,212.66666666666666,-1.302878414515109,0.19261627432960227,0.41746017432524696,False,ok
LK1121150,Makumbura South,12,-0.22618770988899012,-0.2727272727272727,-18.0,212.66666666666666,-1.1657333182503609,0.24372228477217428,0.4421932007104269,False,ok
LK1121155,Kottawa Town,12,-0.10750839095882331,-0.18181818181818182,-12.0,212.66666666666666,-0.7542980294561158,0.4506702853141802,0.5603199752678535,False,ok
LK1121160,Pannipitiya South,12,-0.11865425106744087,-0.21212121212121213,-14.0,212.66666666666666,-0.8914431257208641,0.37269149047151817,0.5075529589061996,False,ok
LK1121165,Maharagama Town,12,-0.24877283995014887,-0.2727272727272727,-18.0,212.66666666666666,-1.1657333182503609,0.24372228477217428,0.4421932007104269,False,ok
LK1121170,Godigamuwa South A,12,-0.1660878020478685,-0.21212121212121213,-14.0,212.66666666666666,-0.8914431257208641,0.37269149047151817,0.5075529589061996,False,ok
LK1121175,Godigamuwa South B,12,-0.07596426856631286,-0.21212121212121213,-14.0,212.66666666666666,-0.8914431257208641,0.37269149047151817,0.5075529589061996,False,ok
LK1121180,Godigamuwa North,12,-0.2949977455689936,-0.2727272727272727,-18.0,212.66666666666666,-1.1657333182503609,0.24372228477217428,0.4421932007104269,False,ok
LK1121185,Wattegedara,12,-0.1948527437473338,-0.21212121212121213,-14.0,212.66666666666666,-0.8914431257208641,0.37269149047151817,0.5075529589061996,False,ok
LK1121190,Navinna,12,-0.14899938938009472,-0.18181818181818182,-12.0,212.66666666666666,-0.7542980294561158,0.4506702853141802,0.5603199752678535,False,ok
LK1121195,Wijerama,12,-0.032412180970934,-0.030303030303030304,-2.0,212.66666666666666,-0.06857254813237416,0.9453298708327,0.9556238440178112,False,ok
LK1121200,Gangodavila South B,12,-0.08497935710869017,-0.24242424242424243,-16.0,212.66666666666666,-1.0285882219856124,0.303673214899419,0.4659668889778964,False,ok
LK1121205,Jambugasmulla,12,-0.009190345864458513,-0.030303030303030304,-2.0,212.66666666666666,-0.06857254813237416,0.9453298708327,0.9556238440178112,False,ok
LK1124005,Obeysekarapura,12,-0.14826806486810307,-0.24242424242424243,-16.0,212.66666666666666,-1.0285882219856124,0.303673214899419,0.4659668889778964,False,ok
LK1124010,Welikada West,12,-0.14592846440735058,-0.3939393939393939,-26.0,212.66666666666666,-1.714313703309354,0.08647112777407262,0.33447512618165587,False,ok
LK1124015,Welikada East,12,-0.2085785834179434,-0.42424242424242425,-28.0,212.66666666666666,-1.8514587995741025,0.06410357671243583,0.297547435240223,False,ok
LK1124020,Rajagiriya,12,-0.20096162329788392,-0.3939393939393939,-26.0,212.66666666666666,-1.714313703309354,0.08647112777407262,0.33447512618165587,False,ok
LK1124025,Welikada North,12,-0.11153669613056878,-0.24242424242424243,-16.0,212.66666666666666,-1.0285882219856124,0.303673214899419,0.4659668889778964,False,ok
LK1124030,Nawala West,12,-0.1927616524734142,-0.3333333333333333,-22.0,212.66666666666666,-1.4400235107798574,0.14986074751304912,0.39188937260454626,False,ok
LK1124035,Koswatta,12,-0.10387178053524723,-0.24242424242424243,-16.0,212.66666666666666,-1.0285882219856124,0.303673214899419,0.4659668889778964,False,ok
LK1124040,Ethulkotte West,12,-0.13384685976996005,-0.3333333333333333,-22.0,212.66666666666666,-1.4400235107798574,0.14986074751304912,0.39188937260454626,False,ok
LK1124045,Ethulkotte,12,-0.2047216795796345,-0.3939393939393939,-26.0,212.66666666666666,-1.714313703309354,0.08647112777407262,0.33447512618165587,False,ok
LK1124050,Pitakotte East,12,-0.1584284435674509,-0.24242424242424243,-16.0,212.66666666666666,-1.0285882219856124,0.303673214899419,0.4659668889778964,False,ok
LK1124055,Pitakotte,12,0.001973276413086771,0.030303030303030304,2.0,212.66666666666666,0.06857254813237416,0.9453298708327,0.9556238440178112,False,ok
LK1124060,Pitakotte West,12,0.019243743127972786,0.030303030303030304,2.0,212.66666666666666,0.06857254813237416,0.9453298708327,0.9556238440178112,False,ok
LK1124065,Nawala East,12,-0.21249254649779914,-0.3939393939393939,-26.0,212.66666666666666,-1.714313703309354,0.08647112777407262,0.33447512618165587,False,ok
LK1124070,Nugegoda West,12,-0.1241670703151517,-0.24242424242424243,-16.0,212.66666666666666,-1.0285882219856124,0.303673214899419,0.4659668889778964,False,ok
LK1124075,Pagoda,12,-0.05306870479967622,-0.06060606060606061,-4.0,212.66666666666666,-0.20571764439712248,0.837011475105446,0.8779950878224736,False,ok
LK1124080,Nugegoda,12,-0.15900238181013648,-0.3939393939393939,-26.0,212.66666666666666,-1.714313703309354,0.08647112777407262,0.33447512618165587,False,ok
LK1124085,Pagoda East,12,-0.23200720978806783,-0.42424242424242425,-28.0,212.66666666666666,-1.8514587995741025,0.06410357671243583,0.297547435240223,False,ok
LK1124090,Gangodavila North,12,-0.16409326334540086,-0.2727272727272727,-18.0,212.66666666666666,-1.1657333182503609,0.24372228477217428,0.4421932007104269,False,ok
LK1124095,Gangodavila South,12,-0.05157748059545728,-0.06060606060606061,-4.0,212.66666666666666,-0.20571764439712248,0.837011475105446,0.8779950878224736,False,ok
LK1124100,Gangodavila East,12,-0.10137128583767949,-0.24242424242424243,-16.0,212.66666666666666,-1.0285882219856124,0.303673214899419,0.4659668889778964,False,ok
LK1127005,Kollupitiya,12,-0.16038440645159233,-0.30303030303030304,-20.0,212.66666666666666,-1.302878414515109,0.19261627432960227,0.41746017432524696,False,ok
LK1127010,Bambalapitiya,12,-0.13402037802969227,-0.21212121212121213,-14.0,212.66666666666666,-0.8914431257208641,0.37269149047151817,0.5075529589061996,False,ok
LK1127015,Kurunduwatta,12,-0.18243201951038063,-0.24242424242424243,-16.0,212.66666666666666,-1.0285882219856124,0.303673214899419,0.4659668889778964,False,ok
LK1127020,Kuppiyawatta West,12,-0.12297300508262946,-0.18181818181818182,-12.0,212.66666666666666,-0.7542980294561158,0.4506702853141802,0.5603199752678535,False,ok
LK1127025,Kuppiyawatta East,12,-0.11754908214293991,-0.12121212121212122,-8.0,212.66666666666666,-0.48000783692661914,0.6312218204782534,0.6989871849033542,False,ok
LK1127030,Dematagoda,12,-0.15274357521897286,-0.24242424242424243,-16.0,212.66666666666666,-1.0285882219856124,0.303673214899419,0.4659668889778964,False,ok
LK1127035,Wanathamulla,12,-0.17552697950701157,-0.30303030303030304,-20.0,212.66666666666666,-1.302878414515109,0.19261627432960227,0.41746017432524696,False,ok
LK1127040,Borella North,12,-0.15353708610110595,-0.2727272727272727,-18.0,212.66666666666666,-1.1657333182503609,0.24372228477217428,0.4421932007104269,False,ok
LK1127045,Borella South,12,-0.1426689269312389,-0.21212121212121213,-14.0,212.66666666666666,-0.8914431257208641,0.37269149047151817,0.5075529589061996,False,ok
LK1127050,Gothamipura,12,-0.11554338189034669,-0.24242424242424243,-16.0,212.66666666666666,-1.0285882219856124,0.303673214899419,0.4659668889778964,False,ok
LK1127055,Narahenpita,12,-0.13924861379495151,-0.24242424242424243,-16.0,212.66666666666666,-1.0285882219856124,0.303673214899419,0.4659668889778964,False,ok
LK1127060,Thimbirigasyaya,12,-0.1288204643465816,-0.18181818181818182,-12.0,212.66666666666666,-0.7542980294561158,0.4506702853141802,0.5603199752678535,False,ok
LK1127065,Milagiriya,12,-0.12905434365408947,-0.15151515151515152,-10.0,212.66666666666666,-0.6171529331913674,0.5371338571769022,0.6298601230474412,False,ok
LK1127070,Havelock Town,12,-0.061200226672686514,-0.09090909090909091,-6.0,212.66666666666666,-0.34286274066187084,0.7317017232242102,0.7898408136354362,False,ok
LK1127075,Kirula,12,-0.13049902239538014,-0.2727272727272727,-18.0,212.66666666666666,-1.1657333182503609,0.24372228477217428,0.4421932007104269,False,ok
LK1127080,Kirulapone,12,-0.04850724529701296,-0.12121212121212122,-8.0,212.66666666666666,-0.48000783692661914,0.6312218204782534,0.6989871849033542,False,ok
LK1127085,Wellawatta North,12,-0.0860760747007852,-0.2727272727272727,-18.0,212.66666666666666,-1.1657333182503609,0.24372228477217428,0.4421932007104269,False,ok
LK1127090,Wellawatta South,12,-0.13717538368402732,-0.36363636363636365,-24.0,212.66666666666666,-1.5771686070446058,0.11475673431864908,0.3716250059039973,False,ok
LK1127095,Pamankada West,12,-0.10579767167241627,-0.30303030303030304,-20.0,212.66666666666666,-1.302878414515109,0.19261627432960227,0.41746017432524696,False,ok
LK1127100,Pamankada East,12,0.013448021591810678,0.06060606060606061,4.0,212.66666666666666,0.20571764439712248,0.837011475105446,0.8779950878224736,False,ok
LK1130005,Sri Saranankara,12,-0.07307171381209107,-0.21212121212121213,-14.0,212.66666666666666,-0.8914431257208641,0.37269149047151817,0.5075529589061996,False,ok
LK1130010,Vilawala,12,0.07784348180354475,0.12121212121212122,8.0,212.66666666666666,0.48000783692661914,0.6312218204782534,0.6989871849033542,False,ok
LK1130015,Dutugemunu,12,-0.19513242732513303,-0.2727272727272727,-18.0,212.66666666666666,-1.1657333182503609,0.24372228477217428,0.4421932007104269,False,ok
LK1130020,Kohuwala,12,-0.17635945127635427,-0.30303030303030304,-20.0,212.66666666666666,-1.302878414515109,0.19261627432960227,0.41746017432524696,False,ok
LK1130025,Kalubovila,12,-0.14260291362419625,-0.24242424242424243,-16.0,212.66666666666666,-1.0285882219856124,0.303673214899419,0.4659668889778964,False,ok
LK1130030,Hathbodhiya,12,-0.009778380208179746,-0.030303030303030304,-2.0,212.66666666666666,-0.06857254813237416,0.9453298708327,0.9556238440178112,False,ok
LK1130035,Galwala,12,-0.06479270541069734,-0.21212121212121213,-14.0,212.66666666666666,-0.8914431257208641,0.37269149047151817,0.5075529589061996,False,ok
LK1130040,Dehiwala West,12,-0.1549110568166726,-0.42424242424242425,-28.0,212.66666666666666,-1.8514587995741025,0.06410357671243583,0.297547435240223,False,ok
LK1130045,Dehiwala East,12,-0.07726883128175904,-0.15151515151515152,-10.0,212.66666666666666,-0.6171529331913674,0.5371338571769022,0.6298601230474412,False,ok
LK1130050,Udyanaya,12,-0.034715542601802776,-0.12121212121212122,-8.0,212.66666666666666,-0.48000783692661914,0.6312218204782534,0.6989871849033542,False,ok
LK1130055,Nedimala,12,-0.01673297888916695,-0.09090909090909091,-6.0,212.66666666666666,-0.34286274066187084,0.7317017232242102,0.7898408136354362,False,ok
LK1130060,Malwatta,12,-0.06320907983355657,-0.2727272727272727,-18.0,212.66666666666666,-1.1657333182503609,0.24372228477217428,0.4421932007104269,False,ok
LK1130065,Jayathilaka,12,-0.15618662736487582,-0.30303030303030304,-20.0,212.66666666666666,-1.302878414515109,0.19261627432960227,0.41746017432524696,False,ok
LK1130070,Karagampitiya,12,-0.12350311145431073,-0.24242424242424243,-16.0,212.66666666666666,-1.0285882219856124,0.303673214899419,0.4659668889778964,False,ok
LK1130075,Kawdana East,12,-0.046364100445741935,-0.18181818181818182,-12.0,212.66666666666666,-0.7542980294561158,0.4506702853141802,0.5603199752678535,False,ok
LK1131005,Mount Lavinia,12,-0.10769463278345803,-0.2727272727272727,-18.0,212.66666666666666,-1.1657333182503609,0.24372228477217428,0.4421932007104269,False,ok
LK1131010,Kawdana West,12,-0.13739575669644685,-0.2727272727272727,-18.0,212.66666666666666,-1.1657333182503609,0.24372228477217428,0.4421932007104269,False,ok
LK1131015,Watarappala,12,-0.10226626479667189,-0.15151515151515152,-10.0,212.66666666666666,-0.6171529331913674,0.5371338571769022,0.6298601230474412,False,ok
LK1131020,Wathumulla,12,-0.06530822012921512,-0.15151515151515152,-10.0,212.66666666666666,-0.6171529331913674,0.5371338571769022,0.6298601230474412,False,ok
LK1131025,Katukurunduwatta,12,-0.08658137554134454,-0.15151515151515152,-10.0,212.66666666666666,-0.6171529331913674,0.5371338571769022,0.6298601230474412,False,ok
LK1131030,Attidiya North,12,-0.0619454306802424,-0.2727272727272727,-18.0,212.66666666666666,-1.1657333182503609,0.24372228477217428,0.4421932007104269,False,ok
LK1131035,Attidiya South,12,-0.07440775240459856,-0.15151515151515152,-10.0,212.66666666666666,-0.6171529331913674,0.5371338571769022,0.6298601230474412,False,ok
LK1131040,Piriwena,12,-0.07314802526880101,-0.21212121212121213,-14.0,212.66666666666666,-0.8914431257208641,0.37269149047151817,0.5075529589061996,False,ok
LK1131045,Wedikanda,12,-0.058454592193308244,-0.15151515151515152,-10.0,212.66666666666666,-0.6171529331913674,0.5371338571769022,0.6298601230474412,False,ok
LK1131050,Vihara,12,-0.07804596774374842,-0.12121212121212122,-8.0,212.66666666666666,-0.48000783692661914,0.6312218204782534,0.6989871849033542,False,ok
LK1131055,Rathmalana West,12,-0.08373500847084614,-0.30303030303030304,-20.0,212.66666666666666,-1.302878414515109,0.19261627432960227,0.41746017432524696,False,ok
LK1131060,Rathmalana East,12,-0.08245307298855487,-0.2727272727272727,-18.0,212.66666666666666,-1.1657333182503609,0.24372228477217428,0.4421932007104269,False,ok
LK1131065,Kandawala,12,-0.04980072231715311,-0.21212121212121213,-14.0,212.66666666666666,-0.8914431257208641,0.37269149047151817,0.5075529589061996,False,ok
LK1133005,Angulana North,12,-0.09841385322267397,-0.24242424242424243,-16.0,212.66666666666666,-1.0285882219856124,0.303673214899419,0.4659668889778964,False,ok
LK1133010,Kaldemulla,12,-0.01787848252359936,-0.06060606060606061,-4.0,212.66666666666666,-0.20571764439712248,0.837011475105446,0.8779950878224736,False,ok
LK1133015,Soysapura North,12,-0.010693441317559416,-0.06060606060606061,-4.0,212.66666666666666,-0.20571764439712248,0.837011475105446,0.8779950878224736,False,ok
LK1133020,Soysapura South,12,-0.05758915061291614,-0.09090909090909091,-6.0,212.66666666666666,-0.34286274066187084,0.7317017232242102,0.7898408136354362,False,ok
LK1133025,Dahampura,12,-0.012169972721056983,-0.09090909090909091,-6.0,212.66666666666666,-0.34286274066187084,0.7317017232242102,0.7898408136354362,False,ok
LK1133030,Thelawala North,12,-0.12470812662157993,-0.2727272727272727,-18.0,212.66666666666666,-1.1657333182503609,0.24372228477217428,0.4421932007104269,False,ok
LK1133035,Borupana,12,-0.11225560739187657,-0.18181818181818182,-12.0,212.66666666666666,-0.7542980294561158,0.4506702853141802,0.5603199752678535,False,ok
LK1133040,Thelawala South,12,-0.17697801548093556,-0.2727272727272727,-18.0,212.66666666666666,-1.1657333182503609,0.24372228477217428,0.4421932007104269,False,ok
LK1133045,Lakshapathiya North,12,-0.00890893485907244,0.0,0.0,212.66666666666666,0.0,1.0,1.0,False,ok
LK1133050,Lakshapathiya Central,12,-0.04925224655913282,-0.24242424242424243,-16.0,212.66666666666666,-1.0285882219856124,0.303673214899419,0.4659668889778964,False,ok
LK1133055,Angulana South,12,-0.07654196454613982,-0.2727272727272727,-18.0,212.66666666666666,-1.1657333182503609,0.24372228477217428,0.4421932007104269,False,ok
LK1133060,Uyana South,12,-0.11545668058480571,-0.24242424242424243,-16.0,212.66666666666666,-1.0285882219856124,0.303673214899419,0.4659668889778964,False,ok
LK1133065,Uyana North,12,-0.11423299299757841,-0.21212121212121213,-14.0,212.66666666666666,-0.8914431257208641,0.37269149047151817,0.5075529589061996,False,ok
LK1133070,Rawathawatta South,12,-0.15017939693229065,-0.18181818181818182,-12.0,212.66666666666666,-0.7542980294561158,0.4506702853141802,0.5603199752678535,False,ok
LK1133075,Rawathawatta East,12,-0.08983057871388525,-0.21212121212121213,-14.0,212.66666666666666,-0.8914431257208641,0.37269149047151817,0.5075529589061996,False,ok
LK1133080,Lakshapathiya South,12,-0.10786348754498279,-0.2727272727272727,-18.0,212.66666666666666,-1.1657333182503609,0.24372228477217428,0.4421932007104269,False,ok
LK1133085,Kuduwamulla,12,-0.13521100547019593,-0.15151515151515152,-10.0,212.66666666666666,-0.6171529331913674,0.5371338571769022,0.6298601230474412,False,ok
LK1133090,Katubedda,12,-0.1947605506193592,-0.36363636363636365,-24.0,212.66666666666666,-1.5771686070446058,0.11475673431864908,0.3716250059039973,False,ok
LK1133095,Molpe,12,-0.22588199563997277,-0.21212121212121213,-14.0,212.66666666666666,-0.8914431257208641,0.37269149047151817,0.5075529589061996,False,ok
LK1133100,Moratumulla North,12,-0.1255626472910505,-0.12121212121212122,-8.0,212.66666666666666,-0.48000783692661914,0.6312218204782534,0.6989871849033542,False,ok
LK1133105,Kadalana,12,-0.20803164227018398,-0.18181818181818182,-12.0,212.66666666666666,-0.7542980294561158,0.4506702853141802,0.5603199752678535,False,ok
LK1133110,Rawathawatta West,12,-0.13818222973645167,-0.30303030303030304,-20.0,212.66666666666666,-1.302878414515109,0.19261627432960227,0.41746017432524696,False,ok
LK1133115,Idama,12,-0.0741269290323569,-0.12121212121212122,-8.0,212.66666666666666,-0.48000783692661914,0.6312218204782534,0.6989871849033542,False,ok
LK1133120,Uswatta,12,-0.04821627656950562,-0.12121212121212122,-8.0,212.66666666666666,-0.48000783692661914,0.6312218204782534,0.6989871849033542,False,ok
LK1133125,Moratuwella South,12,0.017835695551661722,0.030303030303030304,2.0,212.66666666666666,0.06857254813237416,0.9453298708327,0.9556238440178112,False,ok
LK1133130,Indibedda West,12,-0.1963868866399194,-0.30303030303030304,-20.0,212.66666666666666,-1.302878414515109,0.19261627432960227,0.41746017432524696,False,ok
LK1133135,Moratumulla East,12,-0.22735932148837762,-0.21212121212121213,-14.0,212.66666666666666,-0.8914431257208641,0.37269149047151817,0.5075529589061996,False,ok
LK1133140,Moratumulla West,12,-0.2105889384551342,-0.15151515151515152,-10.0,212.66666666666666,-0.6171529331913674,0.5371338571769022,0.6298601230474412,False,ok
LK1133145,Villorawatta East,12,-0.2381690767210245,-0.2727272727272727,-18.0,212.66666666666666,-1.1657333182503609,0.24372228477217428,0.4421932007104269,False,ok
LK1133150,Villorawatta West,12,-0.23731219209956603,-0.24242424242424243,-16.0,212.66666666666666,-1.0285882219856124,0.303673214899419,0.4659668889778964,False,ok
LK1133155,Indibedda East,12,-0.18634588762864562,-0.3333333333333333,-22.0,212.66666666666666,-1.4400235107798574,0.14986074751304912,0.39188937260454626,False,ok
LK1133160,Moratuwella North,12,-0.014710823055025912,-0.030303030303030304,-2.0,212.66666666666666,-0.06857254813237416,0.9453298708327,0.9556238440178112,False,ok
LK1133165,Moratuwella West,12,0.07569345711788245,0.12121212121212122,8.0,212.66666666666666,0.48000783692661914,0.6312218204782534,0.6989871849033542,False,ok
LK1133170,Koralawella North,12,-0.12015533736868199,-0.15151515151515152,-10.0,212.66666666666666,-0.6171529331913674,0.5371338571769022,0.6298601230474412,False,ok
LK1133175,Koralawella East,12,-0.13377323427526427,-0.21212121212121213,-14.0,212.66666666666666,-0.8914431257208641,0.37269149047151817,0.5075529589061996,False,ok
LK1133180,Koralawella West,12,-0.16109933326293407,-0.24242424242424243,-16.0,212.66666666666666,-1.0285882219856124,0.303673214899419,0.4659668889778964,False,ok
LK1133185,Koralawella South,12,-0.19637138773204635,-0.30303030303030304,-20.0,212.66666666666666,-1.302878414515109,0.19261627432960227,0.41746017432524696,False,ok
LK1133190,Katukurunda North,12,-0.20644924133306403,-0.3333333333333333,-22.0,212.66666666666666,-1.4400235107798574,0.14986074751304912,0.39188937260454626,False,ok
LK1133195,Katukurunda South,12,-0.19156005192218573,-0.42424242424242425,-28.0,212.66666666666666,-1.8514587995741025,0.06410357671243583,0.297547435240223,False,ok
LK1133200,Egoda Uyana North,12,-0.1595859088684155,-0.36363636363636365,-24.0,212.66666666666666,-1.5771686070446058,0.11475673431864908,0.3716250059039973,False,ok
LK1133205,Egoda Uyana Central,12,-0.11766506262794617,-0.36363636363636365,-24.0,212.66666666666666,-1.5771686070446058,0.11475673431864908,0.3716250059039973,False,ok
LK1133210,Egoda Uyana South,12,-0.23283036279552505,-0.42424242424242425,-28.0,212.66666666666666,-1.8514587995741025,0.06410357671243583,0.297547435240223,False,ok
LK1136005,Pepiliyana West,12,-0.07050824474811654,-0.12121212121212122,-8.0,212.66666666666666,-0.48000783692661914,0.6312218204782534,0.6989871849033542,False,ok
LK1136010,Pepiliyana East,12,0.0005186613534142737,0.0,0.0,212.66666666666666,0.0,1.0,1.0,False,ok
LK1136015,Divulpitiya East,12,-0.19880604786462186,-0.30303030303030304,-20.0,212.66666666666666,-1.302878414515109,0.19261627432960227,0.41746017432524696,False,ok
LK1136020,Divulpitiya West,12,-0.12580806902434402,-0.30303030303030304,-20.0,212.66666666666666,-1.302878414515109,0.19261627432960227,0.41746017432524696,False,ok
LK1136025,Bellanvila,12,-0.07362348098861851,-0.21212121212121213,-14.0,212.66666666666666,-0.8914431257208641,0.37269149047151817,0.5075529589061996,False,ok
LK1136030,Boralesgamuwa West A,12,-0.1482192424314957,-0.30303030303030304,-20.0,212.66666666666666,-1.302878414515109,0.19261627432960227,0.41746017432524696,False,ok
LK1136035,Boralesgamuwa West C,12,-0.11250374424165478,-0.21212121212121213,-14.0,212.66666666666666,-0.8914431257208641,0.37269149047151817,0.5075529589061996,False,ok
LK1136040,Rattanapitiya,12,-0.12742454048493634,-0.12121212121212122,-8.0,212.66666666666666,-0.48000783692661914,0.6312218204782534,0.6989871849033542,False,ok
LK1136045,Egodawatta,12,-0.11796777432088712,-0.21212121212121213,-14.0,212.66666666666666,-0.8914431257208641,0.37269149047151817,0.5075529589061996,False,ok
LK1136050,Boralesgamuwa East A,12,-0.2943089551979998,-0.24242424242424243,-16.0,212.66666666666666,-1.0285882219856124,0.303673214899419,0.4659668889778964,False,ok
LK1136055,Boralesgamuwa West B,12,-0.21764648270821987,-0.3939393939393939,-26.0,212.66666666666666,-1.714313703309354,0.08647112777407262,0.33447512618165587,False,ok
LK1136060,Werahera North,12,-0.21405924508366692,-0.24242424242424243,-16.0,212.66666666666666,-1.0285882219856124,0.303673214899419,0.4659668889778964,False,ok
LK1136065,Boralesgamuwa East B,12,-0.2792577505679862,-0.30303030303030304,-20.0,212.66666666666666,-1.302878414515109,0.19261627432960227,0.41746017432524696,False,ok
LK1136070,Neelammahara,12,-0.03738990147931398,-0.12121212121212122,-8.0,212.66666666666666,-0.48000783692661914,0.6312218204782534,0.6989871849033542,False,ok
LK1136075,Katuwawala North,12,-0.1590893943044003,-0.18181818181818182,-12.0,212.66666666666666,-0.7542980294561158,0.4506702853141802,0.5603199752678535,False,ok
LK1136080,Vishwakalawa,12,-0.02761338238710466,-0.030303030303030304,-2.0,212.66666666666666,-0.06857254813237416,0.9453298708327,0.9556238440178112,False,ok
LK1136085,Werahera South,12,-0.06062108923982734,-0.09090909090909091,-6.0,212.66666666666666,-0.34286274066187084,0.7317017232242102,0.7898408136354362,False,ok
LK1136090,Katuwawala South,12,-0.09481723809714257,-0.15151515151515152,-10.0,212.66666666666666,-0.6171529331913674,0.5371338571769022,0.6298601230474412,False,ok
LK1136095,Niwanthidiya,12,-0.06401539283973613,-0.06060606060606061,-4.0,212.66666666666666,-0.20571764439712248,0.837011475105446,0.8779950878224736,False,ok
LK1136100,Erewwala West,12,-0.141533106498132,-0.18181818181818182,-12.0,212.66666666666666,-0.7542980294561158,0.4506702853141802,0.5603199752678535,False,ok
LK1136105,Erewwala North,12,-0.2079676798550545,-0.30303030303030304,-20.0,212.66666666666666,-1.302878414515109,0.19261627432960227,0.41746017432524696,False,ok
LK1136110,Erewwala East,12,-0.26891041663314375,-0.24242424242424243,-16.0,212.66666666666666,-1.0285882219856124,0.303673214899419,0.4659668889778964,False,ok
LK1136115,Rathmaldeniya,12,-0.24086408387706815,-0.2727272727272727,-18.0,212.66666666666666,-1.1657333182503609,0.24372228477217428,0.4421932007104269,False,ok
LK1136120,Mahalwarawa,12,-0.2707986525207489,-0.21212121212121213,-14.0,212.66666666666666,-0.8914431257208641,0.37269149047151817,0.5075529589061996,False,ok
LK1136125,Bangalawatta,12,-0.21603512176200956,-0.18181818181818182,-12.0,212.66666666666666,-0.7542980294561158,0.4506702853141802,0.5603199752678535,False,ok
LK1136130,Pelenwatta East,12,-0.15540688236210698,-0.15151515151515152,-10.0,212.66666666666666,-0.6171529331913674,0.5371338571769022,0.6298601230474412,False,ok
LK1136135,Pelenwatta North,12,-0.22916491434724406,-0.21212121212121213,-14.0,212.66666666666666,-0.8914431257208641,0.37269149047151817,0.5075529589061996,False,ok
LK1136140,Pelenwatta West,12,-0.18488870189156575,-0.18181818181818182,-12.0,212.66666666666666,-0.7542980294561158,0.4506702853141802,0.5603199752678535,False,ok
LK1136145,Paligedara,12,-0.06628101878677439,-0.12121212121212122,-8.0,212.66666666666666,-0.48000783692661914,0.6312218204782534,0.6989871849033542,False,ok
LK1136150,Kaliyammahara,12,-0.140073397794941,-0.15151515151515152,-10.0,212.66666666666666,-0.6171529331913674,0.5371338571769022,0.6298601230474412,False,ok
LK1136155,Bokundara,12,-0.1285221769714703,-0.12121212121212122,-8.0,212.66666666666666,-0.48000783692661914,0.6312218204782534,0.6989871849033542,False,ok
LK1136160,Thumbovila South,12,-0.15944760930540786,-0.18181818181818182,-12.0,212.66666666666666,-0.7542980294561158,0.4506702853141802,0.5603199752678535,False,ok
LK1136165,Thumbovila North,12,-0.10468593218235828,-0.21212121212121213,-14.0,212.66666666666666,-0.8914431257208641,0.37269149047151817,0.5075529589061996,False,ok
LK1136170,Wewala West,12,-0.11187138506603844,-0.24242424242424243,-16.0,212.66666666666666,-1.0285882219856124,0.303673214899419,0.4659668889778964,False,ok
LK1136175,Wewala East,12,-0.07883207743240231,-0.15151515151515152,-10.0,212.66666666666666,-0.6171529331913674,0.5371338571769022,0.6298601230474412,False,ok
LK1136180,Thumbovila West,12,-0.27550108571078114,-0.2727272727272727,-18.0,212.66666666666666,-1.1657333182503609,0.24372228477217428,0.4421932007104269,False,ok
LK1136185,Mampe North,12,-0.13953241763209145,-0.18181818181818182,-12.0,212.66666666666666,-0.7542980294561158,0.4506702853141802,0.5603199752678535,False,ok
LK1136190,Makuludoowa,12,-0.09341477594486136,-0.12121212121212122,-8.0,212.66666666666666,-0.48000783692661914,0.6312218204782534,0.6989871849033542,False,ok
LK1136195,Gorakapitiya,12,-0.04190103772756023,-0.12121212121212122,-8.0,212.66666666666666,-0.48000783692661914,0.6312218204782534,0.6989871849033542,False,ok
LK1136200,Nampamunuwa,12,-0.0415979776996246,-0.06060606060606061,-4.0,212.66666666666666,-0.20571764439712248,0.837011475105446,0.8779950878224736,False,ok
LK1136205,Mavittara North,12,-0.08710828350678934,-0.12121212121212122,-8.0,212.66666666666666,-0.48000783692661914,0.6312218204782534,0.6989871849033542,False,ok
LK1136210,Mampe East,12,-0.11705842679252587,-0.15151515151515152,-10.0,212.66666666666666,-0.6171529331913674,0.5371338571769022,0.6298601230474412,False,ok
LK1136215,Bodhirajapura,12,-0.15823317672501938,-0.24242424242424243,-16.0,212.66666666666666,-1.0285882219856124,0.303673214899419,0.4659668889778964,False,ok
LK1136220,Mampe West,12,-0.019080514962206863,-0.030303030303030304,-2.0,212.66666666666666,-0.06857254813237416,0.9453298708327,0.9556238440178112,False,ok
LK1136225,Mampe South,12,-0.05717463398288476,-0.15151515151515152,-10.0,212.66666666666666,-0.6171529331913674,0.5371338571769022,0.6298601230474412,False,ok
LK1136230,Kolamunna,12,-0.1334887540730854,-0.3939393939393939,-26.0,212.66666666666666,-1.714313703309354,0.08647112777407262,0.33447512618165587,False,ok
LK1136235,Suwarapola East,12,-0.17373728881457254,-0.24242424242424243,-16.0,212.66666666666666,-1.0285882219856124,0.303673214899419,0.4659668889778964,False,ok
LK1136240,Suwarapola West,12,-0.17630190208219393,-0.24242424242424243,-16.0,212.66666666666666,-1.0285882219856124,0.303673214899419,0.4659668889778964,False,ok
LK1136245,Hedigama,12,-0.1174051822498604,-0.18181818181818182,-12.0,212.66666666666666,-0.7542980294561158,0.4506702853141802,0.5603199752678535,False,ok
LK1136250,Batakettara North,12,-0.1385258199150054,-0.18181818181818182,-12.0,212.66666666666666,-0.7542980294561158,0.4506702853141802,0.5603199752678535,False,ok
LK1136255,Kesbewa North,12,-0.15010711571407498,-0.24242424242424243,-16.0,212.66666666666666,-1.0285882219856124,0.303673214899419,0.4659668889778964,False,ok
LK1136260,Kesbewa East,12,-0.027201185431368735,-0.06060606060606061,-4.0,212.66666666666666,-0.20571764439712248,0.837011475105446,0.8779950878224736,False,ok
LK1136265,Mavittara South,12,-0.05787368007399118,-0.21212121212121213,-14.0,212.66666666666666,-0.8914431257208641,0.37269149047151817,0.5075529589061996,False,ok
LK1136270,Honnanthara North,12,-0.1126955746422826,-0.3333333333333333,-22.0,212.66666666666666,-1.4400235107798574,0.14986074751304912,0.39188937260454626,False,ok
LK1136275,Honnanthara South,12,-0.2185152862283684,-0.36363636363636365,-24.0,212.66666666666666,-1.5771686070446058,0.11475673431864908,0.3716250059039973,False,ok
LK1136280,Makandana East,12,-0.28689400077244936,-0.36363636363636365,-24.0,212.66666666666666,-1.5771686070446058,0.11475673431864908,0.3716250059039973,False,ok
LK1136285,Kesbewa South,12,-0.16731565532519552,-0.24242424242424243,-16.0,212.66666666666666,-1.0285882219856124,0.303673214899419,0.4659668889778964,False,ok
LK1136290,Batakettara South,12,-0.20212780411532685,-0.3333333333333333,-22.0,212.66666666666666,-1.4400235107798574,0.14986074751304912,0.39188937260454626,False,ok
LK1136295,Madapatha,12,-0.21179382524276802,-0.30303030303030304,-20.0,212.66666666666666,-1.302878414515109,0.19261627432960227,0.41746017432524696,False,ok
LK1136300,Delthara West,12,-0.19829727109888434,-0.24242424242424243,-16.0,212.66666666666666,-1.0285882219856124,0.303673214899419,0.4659668889778964,False,ok
LK1136305,Delthara East,12,-0.1772499658146558,-0.30303030303030304,-20.0,212.66666666666666,-1.302878414515109,0.19261627432960227,0.41746017432524696,False,ok
LK1136310,Dampe,12,-0.14604578106229643,-0.21212121212121213,-14.0,212.66666666666666,-0.8914431257208641,0.37269149047151817,0.5075529589061996,False,ok
LK1136315,Makandana West,12,-0.02906878816160827,-0.06060606060606061,-4.0,212.66666666666666,-0.20571764439712248,0.837011475105446,0.8779950878224736,False,ok
LK1136320,Nivungama,12,-0.007779551550311304,0.0,0.0,212.66666666666666,0.0,1.0,1.0,False,ok
LK1136325,Halpita,12,-0.05845330011152283,-0.15151515151515152,-10.0,212.66666666666666,-0.6171529331913674,0.5371338571769022,0.6298601230474412,False,ok
LK1136330,Horathuduwa,12,-0.08426747836465787,-0.12121212121212122,-8.0,212.66666666666666,-0.48000783692661914,0.6312218204782534,0.6989871849033542,False,ok
LK1136335,Morenda,12,-0.14738336416833764,-0.18181818181818182,-12.0,212.66666666666666,-0.7542980294561158,0.4506702853141802,0.5603199752678535,False,ok
LK1136340,Batuwandara North,12,-0.14109049273251772,-0.3333333333333333,-22.0,212.66666666666666,-1.4400235107798574,0.14986074751304912,0.39188937260454626,False,ok
LK1136345,Batuwandara South,12,-0.24417778121742373,-0.2727272727272727,-18.0,212.66666666666666,-1.1657333182503609,0.24372228477217428,0.4421932007104269,False,ok
LK1136350,Jamburaliya,12,-0.2878615712179705,-0.3333333333333333,-22.0,212.66666666666666,-1.4400235107798574,0.14986074751304912,0.39188937260454626,False,ok
LK1136355,Polhena,12,-0.1502274691809614,-0.18181818181818182,-12.0,212.66666666666666,-0.7542980294561158,0.4506702853141802,0.5603199752678535,False,ok
LK1136360,Regidel Watta,12,-0.3294533488805075,-0.5454545454545454,-36.0,212.66666666666666,-2.400039184633096,0.016393316888809073,0.297547435240223,False,ok
LK1136365,Kahapola,12,-0.17700658393432012,-0.5454545454545454,-36.0,212.66666666666666,-2.400039184633096,0.016393316888809073,0.297547435240223,False,ok
