year,source,rural_definition,urban_mean,rural_mean,suhii,urban_pixels,rural_pixels
2000,landsat_dry,buffer_ring,38.0738425599704,32.99947079789838,5.074371762072019,3816,3108
2001,landsat_dry,buffer_ring,42.08636447172971,32.61800274198761,9.4683617297421,4046,3909
2002,landsat_dry,buffer_ring,39.83231686918551,34.636415383724405,5.195901485461107,3269,3236
2003,landsat_dry,buffer_ring,36.99591492537318,32.22299830816764,4.772916617205539,3969,3917
2004,landsat_dry,buffer_ring,39.78929963444226,34.93330623606258,4.855993398379681,4046,3917
2005,landsat_dry,buffer_ring,40.779882547469995,34.3838527558682,6.396029791601798,4046,3917
2006,landsat_dry,buffer_ring,42.294047203855946,35.46868061282849,6.8253665910274535,4046,3917
2007,landsat_dry,buffer_ring,40.28616701089328,33.72924871739301,6.556918293500267,4046,3917
2008,landsat_dry,buffer_ring,40.13370146683049,31.181000521650176,8.952700945180311,4046,3746
2009,landsat_dry,buffer_ring,40.073950743003465,34.27644517161818,5.797505571385287,4046,3917
2010,landsat_dry,buffer_ring,39.111616304824686,30.589937845865887,8.5216784589588,4046,3894
2011,landsat_dry,buffer_ring,39.46564665184832,31.349665350276933,8.115981301571384,4046,2964
2012,landsat_dry,buffer_ring,42.09269315963046,33.15540944525536,8.937283714375098,4035,3525
2013,landsat_dry,buffer_ring,40.91468507296742,33.21184892824823,7.702836144719193,4034,3246
2014,landsat_dry,buffer_ring,40.98305411487302,34.34039012722924,6.642663987643779,4046,3917
2015,landsat_dry,buffer_ring,41.981681489968025,36.136169145324565,5.84551234464346,4046,3917
2016,landsat_dry,buffer_ring,42.00008224698499,35.0733246655984,6.926757581386589,4046,3917
2017,landsat_dry,buffer_ring,39.351937933246276,34.69082359954779,4.661114333698485,4046,3917
2018,landsat_dry,buffer_ring,41.74615787670156,34.98842341832309,6.757734458378472,4046,3917
2019,landsat_dry,buffer_ring,41.546083317378105,33.657444096658494,7.888639220719611,4046,3917
2020,landsat_dry,buffer_ring,39.21713138887685,34.3335070070759,4.883624381800949,4046,3917
2021,landsat_dry,buffer_ring,40.415034638733424,34.510471350811315,5.904563287922109,4046,3917
2022,landsat_dry,buffer_ring,41.11505082168617,33.93983606090648,7.175214760779689,4046,3917
2023,landsat_dry,buffer_ring,37.86558665842687,31.105584559709648,6.760002098717223,4046,3917
2024,landsat_dry,buffer_ring,40.9929089972835,33.67052234165639,7.322386655627113,4046,3917
2025,landsat_dry,buffer_ring,39.7127620783762,33.5155390957834,6.197222982592798,4046,3917
2000,landsat_dry,lcz_based,34.77590131917332,32.87852302672316,1.8973782924501634,44292,11809
2001,landsat_dry,lcz_based,36.17568545025404,32.19489984538022,3.980785604873823,46277,13803
2002,landsat_dry,lcz_based,37.211851527645734,33.69764751982645,3.5142040078192878,42484,12454
2003,landsat_dry,lcz_based,33.102285362218964,32.39293841794488,0.7093469442740812,46284,14182
2004,landsat_dry,lcz_based,36.07492267028014,33.78377631725526,2.291146353024878,46784,14209
2005,landsat_dry,lcz_based,37.47314132251517,34.04768067186667,3.425460650648496,46785,14211
2006,landsat_dry,lcz_based,37.92739510645101,34.83493207598604,3.0924630304649696,46785,14212
2007,landsat_dry,lcz_based,36.44471088229212,33.60664723310846,2.8380636491836597,46784,14211
2008,landsat_dry,lcz_based,34.80649298192708,31.955186911834176,2.851306070092903,44826,13642
2009,landsat_dry,lcz_based,36.499461567350686,34.06798721850522,2.4314743488454624,46786,14212
2010,landsat_dry,lcz_based,33.91128623345834,30.17992676676867,3.7313594666896712,46657,14160
2011,landsat_dry,lcz_based,36.33436495509119,30.989111489255873,5.345253465835317,42380,10881
2012,landsat_dry,lcz_based,38.04410789349991,33.89959936835419,4.144508525145724,40350,12667
2013,landsat_dry,lcz_based,37.974171876165926,33.26294759525725,4.711224280908674,42504,11689
2014,landsat_dry,lcz_based,36.87560763268197,34.02883098817435,2.846776644507621,46788,14211
2015,landsat_dry,lcz_based,39.28873424617941,35.77313034776814,3.515603898411271,46788,14211
2016,landsat_dry,lcz_based,38.4269260021224,35.112977310938675,3.3139486911837253,46788,14211
2017,landsat_dry,lcz_based,37.952767784364745,34.10882880727382,3.8439389770909287,46788,14213
2018,landsat_dry,lcz_based,39.358768994664686,35.35696148099124,4.001807513673448,46788,14211
2019,landsat_dry,lcz_based,37.43839248506362,33.64488558742631,3.7935068976373145,46788,14211
2020,landsat_dry,lcz_based,37.85516621102986,33.78611019142719,4.0690560196026695,46713,14209
2021,landsat_dry,lcz_based,38.15118370396479,34.300781145280894,3.8504025586838964,46788,14211
2022,landsat_dry,lcz_based,38.05214990078205,33.673765578682364,4.378384322099684,46788,14211
2023,landsat_dry,lcz_based,34.309017174895466,30.795968198981157,3.513048975914309,46788,14212
2024,landsat_dry,lcz_based,37.60836525856016,33.45286428597201,4.15550097258815,46788,14212
2025,landsat_dry,lcz_based,36.84898469581498,32.942047776572814,3.9069369192421632,46788,14211
2000,landsat_oli_dry,buffer_ring,,,,0,0
2001,landsat_oli_dry,buffer_ring,,,,0,0
2002,landsat_oli_dry,buffer_ring,,,,0,0
2003,landsat_oli_dry,buffer_ring,,,,0,0
2004,landsat_oli_dry,buffer_ring,,,,0,0
2005,landsat_oli_dry,buffer_ring,,,,0,0
2006,landsat_oli_dry,buffer_ring,,,,0,0
2007,landsat_oli_dry,buffer_ring,,,,0,0
2008,landsat_oli_dry,buffer_ring,,,,0,0
2009,landsat_oli_dry,buffer_ring,,,,0,0
2010,landsat_oli_dry,buffer_ring,,,,0,0
2011,landsat_oli_dry,buffer_ring,,,,0,0
2012,landsat_oli_dry,buffer_ring,,,,0,0
2013,landsat_oli_dry,buffer_ring,,,,0,0
2014,landsat_oli_dry,buffer_ring,40.76245452788462,34.34039012722924,6.42206440065538,4046,3917
2015,landsat_oli_dry,buffer_ring,42.49208922110391,36.13616958162387,6.355919639480042,4046,3917
2016,landsat_oli_dry,buffer_ring,42.30899028334945,35.073388802570015,7.235601480779437,4046,3917
2017,landsat_oli_dry,buffer_ring,39.67320736033222,34.6908244721464,4.982382888185818,4046,3917
2018,landsat_oli_dry,buffer_ring,42.231252293155386,34.98842341832309,7.242828874832298,4046,3917
2019,landsat_oli_dry,buffer_ring,42.056471160421026,33.657444096658494,8.399027063762531,4046,3917
2020,landsat_oli_dry,buffer_ring,39.44974935591014,34.3335070070759,5.116242348834241,4046,3917
2021,landsat_oli_dry,buffer_ring,40.945744329198895,34.510471350811315,6.43527297838758,4046,3917
2022,landsat_oli_dry,buffer_ring,41.63046854578264,33.93983606090648,7.690632484876161,4046,3917
2023,landsat_oli_dry,buffer_ring,39.10183362164123,31.9199189158584,7.181914705782827,4046,3917
2024,landsat_oli_dry,buffer_ring,40.9929089972835,33.67052234165639,7.322386655627113,4046,3917
2025,landsat_oli_dry,buffer_ring,39.7127620783762,33.5155390957834,6.197222982592798,4046,3917
2000,landsat_oli_dry,lcz_based,,,,0,0
2001,landsat_oli_dry,lcz_based,,,,0,0
2002,landsat_oli_dry,lcz_based,,,,0,0
2003,landsat_oli_dry,lcz_based,,,,0,0
2004,landsat_oli_dry,lcz_based,,,,0,0
2005,landsat_oli_dry,lcz_based,,,,0,0
2006,landsat_oli_dry,lcz_based,,,,0,0
2007,landsat_oli_dry,lcz_based,,,,0,0
2008,landsat_oli_dry,lcz_based,,,,0,0
2009,landsat_oli_dry,lcz_based,,,,0,0
2010,landsat_oli_dry,lcz_based,,,,0,0
2011,landsat_oli_dry,lcz_based,,,,0,0
2012,landsat_oli_dry,lcz_based,,,,0,0
2013,landsat_oli_dry,lcz_based,,,,0,0
2014,landsat_oli_dry,lcz_based,36.839923251786175,34.02514227828417,2.8147809735020033,46788,14211
2015,landsat_oli_dry,lcz_based,39.523067237278156,35.80856249372575,3.7145047435524035,46788,14211
2016,landsat_oli_dry,lcz_based,38.50486051407016,35.12342115890349,3.3814393551666697,46788,14211
2017,landsat_oli_dry,lcz_based,38.177968081630446,34.15667799506946,4.021290086560988,46788,14213
2018,landsat_oli_dry,lcz_based,39.51907522139367,35.3810756015248,4.1379996198688715,46788,14211
2019,landsat_oli_dry,lcz_based,37.58543523999089,33.670138775873156,3.9152964641177377,46788,14211
2020,landsat_oli_dry,lcz_based,37.991470393577735,33.80563776379719,4.185832629780542,46710,14198
2021,landsat_oli_dry,lcz_based,38.22652759840196,34.30553747015456,3.9209901282473965,46788,14211
2022,landsat_oli_dry,lcz_based,38.144366593418255,33.683281839896104,4.461084753522151,46788,14211
2023,landsat_oli_dry,lcz_based,35.94831815874425,31.654277429131586,4.294040729612664,46788,14212
2024,landsat_oli_dry,lcz_based,37.60836525856016,33.45286428597201,4.15550097258815,46788,14212
2025,landsat_oli_dry,lcz_based,36.84898469581498,32.942047776572814,3.9069369192421632,46788,14211
2000,terra_day,buffer_ring,34.108862982855904,30.34486997127533,3.763993011580574,18,32
2001,terra_day,buffer_ring,34.89862834706026,29.535820066928864,5.3628082801313965,17,32
2002,terra_day,buffer_ring,33.88939229179831,30.002979040145874,3.886413251652435,17,32
2003,terra_day,buffer_ring,32.855888790554474,30.29933601617813,2.5565527743763425,18,32
2004,terra_day,buffer_ring,33.48124370574951,30.70717614889145,2.774067556858064,20,32
2005,terra_day,buffer_ring,33.00884532928467,30.103013932704926,2.9058313965797424,16,32
2006,terra_day,buffer_ring,34.157726512235755,30.37006139755249,3.7876651146832643,17,32
2007,terra_day,buffer_ring,33.717271380954315,30.74773919582367,2.969532185130646,18,32
2008,terra_day,buffer_ring,34.46403015984429,30.266304850578308,4.197725309265984,18,32
2009,terra_day,buffer_ring,34.141732427808975,30.85767310857773,3.284059319231247,18,32
2010,terra_day,buffer_ring,34.37581221262614,31.15442830324173,3.221383909384407,18,32
2011,terra_day,buffer_ring,33.34224998950958,30.562547087669373,2.77970290184021,16,32
2012,terra_day,buffer_ring,33.89998020845301,30.985195696353912,2.9147845120990965,17,32
2013,terra_day,buffer_ring,34.00701594352722,30.4130699634552,3.5939459800720215,16,32
2014,terra_day,buffer_ring,34.07747919419233,31.750214636325836,2.327264557866492,17,32
2015,terra_day,buffer_ring,33.47633307320731,30.67697924375534,2.7993538294519666,14,32
2016,terra_day,buffer_ring,34.73749968584846,30.886549532413483,3.8509501534349795,17,32
2017,terra_day,buffer_ring,33.6750815709432,31.478968799114227,2.1961127718289717,18,32
2018,terra_day,buffer_ring,35.1013728871065,30.952245831489563,4.149127055616937,17,32
2019,terra_day,buffer_ring,33.66518723964691,31.146697163581848,2.5184900760650635,16,32
2020,terra_day,buffer_ring,32.51818240772594,31.80366152524948,0.7145208824764566,11,32
2021,terra_day,buffer_ring,33.92154802594866,31.235463201999664,2.6860848239489954,14,32
2022,terra_day,buffer_ring,35.13999923070272,30.711407482624054,4.4285917480786665,12,32
2023,terra_day,buffer_ring,33.493025266207184,29.717212796211243,3.775812469995941,13,32
2024,terra_day,buffer_ring,31.734549903869627,30.440109074115753,1.2944408297538743,20,32
2025,terra_day,buffer_ring,31.615062713623047,28.931448817253113,2.683613896369934,16,32
2000,terra_day,lcz_based,31.571519473090245,30.226974893471123,1.3445445796191215,398,142
2001,terra_day,lcz_based,30.946067603988265,29.771884688382904,1.1741829156053605,398,142
2002,terra_day,lcz_based,31.122513617702467,29.88107327138706,1.2414403463154073,398,142
2003,terra_day,lcz_based,31.425600553813734,29.99433839709192,1.4312621567218144,399,142
2004,terra_day,lcz_based,31.986285412819463,30.546318541513525,1.4399668713059377,399,142
2005,terra_day,lcz_based,31.10740558806835,30.091235328542123,1.016170259526227,397,142
2006,terra_day,lcz_based,31.626488548682378,30.221692956030793,1.4047955926515847,397,142
2007,terra_day,lcz_based,32.039835850196546,30.632861152525276,1.40697469767127,395,142
2008,terra_day,lcz_based,31.598795266976033,30.214658733125223,1.3841365338508105,399,142
2009,terra_day,lcz_based,32.351674879440154,30.77993025584729,1.5717446235928634,396,142
2010,terra_day,lcz_based,32.845147590637204,31.248497015950687,1.5966505746865174,400,142
2011,terra_day,lcz_based,32.17230087533936,30.417534043996458,1.7547668313429021,391,141
2012,terra_day,lcz_based,32.352459824815085,30.8501371885022,1.5023226363128863,392,142
2013,terra_day,lcz_based,31.90998289320204,30.477646468751892,1.432336424450149,396,142
2014,terra_day,lcz_based,33.01433292213751,31.527572778969834,1.486760143167679,392,142
2015,terra_day,lcz_based,32.19387700903507,30.622175216621415,1.5717017924136556,393,142
2016,terra_day,lcz_based,32.576775287263956,30.623126212310723,1.9536490749532334,398,142
2017,terra_day,lcz_based,32.5583044926923,31.299774416194975,1.2585300764973262,399,142
2018,terra_day,lcz_based,32.777647952644195,30.789359087240253,1.9882888654039412,392,142
2019,terra_day,lcz_based,32.721064818532845,31.234545861536574,1.486518956996271,399,142
2020,terra_day,lcz_based,33.40824802675395,31.536203777592867,1.8720442491610854,386,142
2021,terra_day,lcz_based,33.045315505903396,31.0142858310761,2.0310296748272947,391,142
2022,terra_day,lcz_based,32.61926127463272,30.4597338315745,2.15952744305822,388,142
2023,terra_day,lcz_based,31.354187075460477,29.386235778383206,1.9679512970772706,389,142
2024,terra_day,lcz_based,31.766892738436944,30.127316337577113,1.6395764008598306,403,142
2025,terra_day,lcz_based,30.252314257621766,28.78621312550708,1.4661011321146873,400,142
2000,terra_night,buffer_ring,23.130126167746152,20.454432249069214,2.675693918676938,34,32
2001,terra_night,buffer_ring,23.33636816810159,21.109959542751312,2.2264086253502775,34,32
2002,terra_night,buffer_ring,24.258517265319824,21.27879136800766,2.9797258973121643,34,32
2003,terra_night,buffer_ring,23.8661730149213,21.82263970375061,2.043533311170691,34,32
2004,terra_night,buffer_ring,24.00787561080035,21.49405324459076,2.5138223662095918,34,32
2005,terra_night,buffer_ring,23.786017193513757,21.439286708831787,2.34673048468197,34,32
2006,terra_night,buffer_ring,24.441093557021198,21.615267515182495,2.8258260418387025,34,32
2007,terra_night,buffer_ring,24.061365351957434,21.480441391468048,2.580923960489386,34,32
2008,terra_night,buffer_ring,24.193220306845273,21.606690287590027,2.586530019255246,34,32
2009,terra_night,buffer_ring,23.927835688871497,21.224467992782593,2.703367696088904,34,32
2010,terra_night,buffer_ring,23.931061464197494,21.965503573417664,1.9655578907798308,34,32
2011,terra_night,buffer_ring,22.708349227905273,21.453208446502686,1.255140781402588,34,32
2012,terra_night,buffer_ring,23.636842334971707,20.719586551189423,2.9172557837822843,34,32
2013,terra_night,buffer_ring,23.42973097632913,21.43567246198654,1.994058514342587,34,32
2014,terra_night,buffer_ring,24.242195522083957,21.675027787685394,2.567167734398563,34,32
2015,terra_night,buffer_ring,24.037155880647546,22.10912048816681,1.9280353924807372,34,32
2016,terra_night,buffer_ring,24.31489787382238,21.946910738945007,2.3679871348773744,34,32
2017,terra_night,buffer_ring,23.716299954582663,21.91593027114868,1.8003696834339813,34,32
2018,terra_night,buffer_ring,23.851812474867877,20.733558535575867,3.1182539392920106,34,32
2019,terra_night,buffer_ring,24.11243954826804,22.212661623954773,1.8997779243132662,34,32
2020,terra_night,buffer_ring,24.68867094376508,22.313669979572296,2.3750009641927825,34,32
2021,terra_night,buffer_ring,24.085381395676556,21.80749660730362,2.277884788372937,34,32
2022,terra_night,buffer_ring,23.728209551642923,21.822088837623596,1.9061207140193268,34,32
2023,terra_night,buffer_ring,24.223480953889734,22.016271889209747,2.2072090646799865,34,32
2024,terra_night,buffer_ring,25.022746198317584,22.720708072185516,2.302038126132068,34,32
2025,terra_night,buffer_ring,25.210112179026883,21.807405292987823,3.4027068860390592,34,32
2000,terra_night,lcz_based,21.021039677762438,20.299018524380905,0.722021153381533,435,142
2001,terra_night,lcz_based,21.3073223727873,20.842881823131936,0.4644405496553645,435,142
2002,terra_night,lcz_based,21.879460775441135,21.537711327330946,0.34174944811018904,435,142
2003,terra_night,lcz_based,22.27446156644273,21.629820626271897,0.6446409401708344,435,142
2004,terra_night,lcz_based,21.90871835028988,21.16988803612501,0.738830314164872,435,142
2005,terra_night,lcz_based,21.9835626448708,21.41098573027875,0.5725769145920516,435,142
2006,terra_night,lcz_based,22.639717388373324,21.180347706517683,1.459369681855641,433,142
2007,terra_night,lcz_based,22.19703475250595,21.298804609895726,0.8982301426102239,435,142
2008,terra_night,lcz_based,22.24803714532962,21.563609332959846,0.6844278123697727,435,142
2009,terra_night,lcz_based,21.948102591503627,21.12588767670102,0.8222149148026077,435,142
2010,terra_night,lcz_based,22.169618225097658,21.531081984511385,0.6385362405862729,435,142
2011,terra_night,lcz_based,20.992690781341203,21.204404047321812,-0.21171326598060958,435,142
2012,terra_night,lcz_based,21.68714826298856,21.093367907303378,0.5937803556851833,435,142
2013,terra_night,lcz_based,21.800603077329438,21.382235188112755,0.41836788921668244,435,142
2014,terra_night,lcz_based,22.345035022428664,21.66977642214254,0.6752586002861243,435,142
2015,terra_night,lcz_based,22.542953105356503,21.792282444939527,0.7506706604169757,435,142
2016,terra_night,lcz_based,22.380529285299367,21.850057367881167,0.5304719174182004,435,142
2017,terra_night,lcz_based,22.24364012794933,21.89737547138968,0.3462646565596508,435,142
2018,terra_night,lcz_based,21.906068359024225,20.92477809950744,0.9812902595167863,435,142
2019,terra_night,lcz_based,22.52612182792576,22.113667652822976,0.41245417510278415,435,142
2020,terra_night,lcz_based,22.906633293765715,22.28934467831496,0.6172886154507538,435,142
2021,terra_night,lcz_based,21.998533963609017,21.572183665385204,0.426350298223813,435,142
2022,terra_night,lcz_based,21.778896182706987,21.499355904804478,0.2795402779025089,435,142
2023,terra_night,lcz_based,22.203653296108904,21.81159628004492,0.39205701606398335,435,142
2024,terra_night,lcz_based,23.16207529703776,22.596104942020887,0.5659703550168729,435,142
2025,terra_night,lcz_based,22.67311284295444,21.70861694235997,0.9644959005944678,435,142
2000,aqua_day,buffer_ring,,,,0,0
2001,aqua_day,buffer_ring,,,,0,0
2002,aqua_day,buffer_ring,37.52999986921038,31.166004300117493,6.363995569092886,7,32
2003,aqua_day,buffer_ring,37.941009521484375,32.32579118013382,5.615218341350555,11,32
2004,aqua_day,buffer_ring,38.391357845730255,33.400483548641205,4.99087429708905,9,32
2005,aqua_day,buffer_ring,37.735556284586586,32.00883108377457,5.7267252008120195,9,32
2006,aqua_day,buffer_ring,38.27536985609267,31.935245513916016,6.340124342176651,9,32
2007,aqua_day,buffer_ring,37.885252172296696,33.35459911823273,4.5306530540639685,11,32
2008,aqua_day,buffer_ring,36.50152858098348,31.807156205177307,4.694372375806175,12,32
2009,aqua_day,buffer_ring,38.685303081165664,33.72620689868927,4.959096182476394,11,32
2010,aqua_day,buffer_ring,38.09171485900879,33.17198687791824,4.919727981090546,10,32
2011,aqua_day,buffer_ring,37.30200119018555,32.582791447639465,4.719209742546084,5,32
2012,aqua_day,buffer_ring,36.670000076293945,32.314190089702606,4.355809986591339,6,32
2013,aqua_day,buffer_ring,38.96666590372721,33.09407567977905,5.872590223948158,3,32
2014,aqua_day,buffer_ring,37.120718442476715,35.83572614192963,1.2849923005470885,13,32
2015,aqua_day,buffer_ring,37.894999504089355,32.869421541690826,5.025577962398529,4,32
2016,aqua_day,buffer_ring,37.80999908447266,33.43584644794464,4.374152636528017,5,32
2017,aqua_day,buffer_ring,37.80092263221741,33.206563234329224,4.594359397888184,16,32
2018,aqua_day,buffer_ring,35.56199951171875,33.446911334991455,2.1150881767272978,25,32
2019,aqua_day,buffer_ring,38.85525035858154,33.48627817630768,5.368972182273865,8,32
2020,aqua_day,buffer_ring,38.48750019073486,33.77222138643265,4.715278804302216,4,32
2021,aqua_day,buffer_ring,39.13999938964844,32.85245752334595,6.28754186630249,2,32
2022,aqua_day,buffer_ring,38.45000076293945,33.46082532405853,4.98917543888092,2,32
2023,aqua_day,buffer_ring,36.79999923706055,33.17689573764801,3.6231034994125366,2,32
2024,aqua_day,buffer_ring,38.60249900817871,33.77983623743057,4.822662770748138,4,32
2025,aqua_day,buffer_ring,36.49749946594238,31.455502331256866,5.041997134685516,4,32
2000,aqua_day,lcz_based,,,,0,0
2001,aqua_day,lcz_based,,,,0,0
2002,aqua_day,lcz_based,32.98921251173143,31.371709398390955,1.6175031133404758,385,141
2003,aqua_day,lcz_based,33.21816592422757,32.20787307148212,1.0102928527454509,393,141
2004,aqua_day,lcz_based,34.377262169552836,33.0598570011089,1.3174051684439334,388,141
2005,aqua_day,lcz_based,33.54606838324635,31.74608990755713,1.799978475689219,388,141
2006,aqua_day,lcz_based,33.73268801632761,31.97518458321227,1.757503433115339,389,141
2007,aqua_day,lcz_based,34.28971241210318,32.929318209838684,1.3603942022644944,394,141
2008,aqua_day,lcz_based,33.38386320220638,31.64665888960317,1.7372043126032075,394,141
2009,aqua_day,lcz_based,35.20291422072615,33.84972011731129,1.3531941034148574,387,141
2010,aqua_day,lcz_based,35.20818861633616,33.219838568526555,1.988350047809604,387,141
2011,aqua_day,lcz_based,34.107573847953084,32.61355028419239,1.4940235637606918,366,139
2012,aqua_day,lcz_based,34.2030885856189,32.397617833540146,1.8054707520787545,382,141
2013,aqua_day,lcz_based,34.62409663844753,33.017500138434166,1.6065965000133673,370,139
2014,aqua_day,lcz_based,36.3075776802477,35.27212200360519,1.0354556766425063,387,141
2015,aqua_day,lcz_based,34.4081668139779,32.66653161813506,1.7416351958428393,374,141
2016,aqua_day,lcz_based,34.96195306955029,33.26959960984727,1.6923534597030212,377,140
2017,aqua_day,lcz_based,35.23894381282305,33.29279672072499,1.9461470920980588,396,141
2018,aqua_day,lcz_based,35.49516649599428,33.28715578795662,2.208010708037662,405,141
2019,aqua_day,lcz_based,35.62702789701946,33.18088816913549,2.446139727883967,386,141
2020,aqua_day,lcz_based,35.87829584173254,34.09182387469424,1.7864719670382954,370,141
2021,aqua_day,lcz_based,34.944400388803054,32.530582348146844,2.41381804065621,335,140
2022,aqua_day,lcz_based,36.047383663502146,33.37114947418613,2.6762341893160126,376,141
2023,aqua_day,lcz_based,35.35056946168956,33.0452943146632,2.3052751470263573,373,141
2024,aqua_day,lcz_based,35.74425239361685,33.57960838560699,2.1646440080098586,379,141
2025,aqua_day,lcz_based,33.639663814880684,31.120915833752207,2.5187479811284774,386,140
2000,aqua_night,buffer_ring,,,,0,0
2001,aqua_night,buffer_ring,,,,0,0
2002,aqua_night,buffer_ring,23.00134827108944,19.830085813999176,3.1712624570902648,34,32
2003,aqua_night,buffer_ring,23.232208420248593,20.58123242855072,2.650975991697873,34,32
2004,aqua_night,buffer_ring,23.14002581203685,20.998677909374237,2.1413479026626128,34,32
2005,aqua_night,buffer_ring,23.40173631555894,21.074883580207825,2.326852735351114,34,32
2006,aqua_night,buffer_ring,23.762531504911536,20.943575263023376,2.8189562418881593,34,32
2007,aqua_night,buffer_ring,24.042357444763184,21.279584109783173,2.762773334980011,34,32
2008,aqua_night,buffer_ring,23.23236925461713,20.648676812648773,2.5836924419683562,34,32
2009,aqua_night,buffer_ring,23.464184480554916,21.001708209514618,2.4624762710402983,34,32
2010,aqua_night,buffer_ring,23.398157624637378,20.568359196186066,2.829798428451312,34,32
2011,aqua_night,buffer_ring,22.5479232563692,20.753101646900177,1.7948216094690217,34,32
2012,aqua_night,buffer_ring,23.386802056256464,20.931215941905975,2.4555861143504885,34,32
2013,aqua_night,buffer_ring,23.017011137569654,19.938715040683746,3.078296096885907,34,32
2014,aqua_night,buffer_ring,23.02272263695212,21.092054963111877,1.9306676738402437,34,32
2015,aqua_night,buffer_ring,24.097353542552273,20.92392200231552,3.173431540236752,34,32
2016,aqua_night,buffer_ring,23.37262737049776,20.987191081047058,2.385436289450702,34,32
2017,aqua_night,buffer_ring,23.507307894089642,21.397111296653748,2.1101965974358947,34,32
2018,aqua_night,buffer_ring,23.55709176905015,19.745786249637604,3.811305519412546,34,32
2019,aqua_night,buffer_ring,23.937167560353,21.263097643852234,2.674069916500766,34,32
2020,aqua_night,buffer_ring,23.644188712624942,21.82717090845108,1.8170178041738616,34,32
2021,aqua_night,buffer_ring,23.246564191930435,19.853472888469696,3.3930913034607393,34,32
2022,aqua_night,buffer_ring,23.37262170455035,20.673170685768127,2.6994510187822236,34,32
2023,aqua_night,buffer_ring,23.40038221022662,21.62830662727356,1.772075582953061,34,32
2024,aqua_night,buffer_ring,23.815612400279324,22.179915606975555,1.6356967933037687,34,32
2025,aqua_night,buffer_ring,23.568537880392636,21.085127353668213,2.4834105267244233,34,32
2000,aqua_night,lcz_based,,,,0,0
2001,aqua_night,lcz_based,,,,0,0
2002,aqua_night,lcz_based,20.83211680006707,19.93400756660188,0.8981092334651883,435,142
2003,aqua_night,lcz_based,21.25908018090259,20.55638257915375,0.7026976017488415,435,142
2004,aqua_night,lcz_based,21.306724872808346,20.907320622810303,0.39940424999804236,435,142
2005,aqua_night,lcz_based,21.463258918674512,20.987516567682835,0.47574235099167694,435,142
2006,aqua_night,lcz_based,21.607913339549096,20.9092681317905,0.6986452077585952,435,142
2007,aqua_night,lcz_based,21.67486008830454,21.19955032542533,0.4753097628792098,435,142
2008,aqua_night,lcz_based,20.90270731257296,20.66267595187834,0.24003136069461917,435,142
2009,aqua_night,lcz_based,21.303352316494646,20.550030506804678,0.7533218096899681,435,142
2010,aqua_night,lcz_based,21.02281808085825,20.5564902105376,0.4663278703206508,435,142
2011,aqua_night,lcz_based,21.087554120469367,20.87922785550203,0.20832626496733653,435,142
2012,aqua_night,lcz_based,20.931865819295247,20.896526100647073,0.03533971864817431,435,142
2013,aqua_night,lcz_based,20.803697279129906,20.450123622628528,0.3535736565013785,435,142
2014,aqua_night,lcz_based,21.810251376272618,21.17695514372408,0.6332962325485383,435,142
2015,aqua_night,lcz_based,21.960017820336354,21.074190670701796,0.885827149634558,435,142
2016,aqua_night,lcz_based,21.28393993596921,20.701507026430413,0.5824329095387988,435,142
2017,aqua_night,lcz_based,21.803214355994914,21.020524987713443,0.7826893682814706,435,142
2018,aqua_night,lcz_based,21.06139222068348,20.250399160656066,0.810993060027414,435,142
2019,aqua_night,lcz_based,21.84250453642045,21.239154536461093,0.6033499999593559,435,142
2020,aqua_night,lcz_based,22.105205268421393,21.68418274168157,0.4210225267398222,435,142
2021,aqua_night,lcz_based,21.099053968232255,20.012089102842193,1.0869648653900619,435,142
2022,aqua_night,lcz_based,21.075131269433033,20.434640240555133,0.6404910288779,435,142
2023,aqua_night,lcz_based,21.63241309242687,21.357564483037386,0.2748486093894833,435,142
2024,aqua_night,lcz_based,22.101391750642623,22.096124689728555,0.005267060914068367,435,142
2025,aqua_night,lcz_based,21.670245422714057,21.01851279672769,0.6517326259863658,435,142
2000,terra_day_relaxed,buffer_ring,33.426561299492334,29.793742895126343,3.6328184043659917,34,32
2001,terra_day_relaxed,buffer_ring,34.1789665222168,29.67675006389618,4.502216458320618,34,32
2002,terra_day_relaxed,buffer_ring,33.91342230404125,29.713553309440613,4.199868994600635,34,32
2003,terra_day_relaxed,buffer_ring,33.3952595205868,29.378052413463593,4.017207107123205,34,32
2004,terra_day_relaxed,buffer_ring,33.655849625082574,29.931873083114624,3.72397654196795,34,32
2005,terra_day_relaxed,buffer_ring,33.429440161761114,29.311420798301697,4.1180193634594175,34,32
2006,terra_day_relaxed,buffer_ring,34.30083431917078,29.97642230987549,4.324412009295294,34,32
2007,terra_day_relaxed,buffer_ring,33.9122838973999,30.14610928297043,3.766174614429474,34,32
2008,terra_day_relaxed,buffer_ring,33.5317684061387,29.793405950069427,3.738362456069275,34,32
2009,terra_day_relaxed,buffer_ring,33.57492256164551,30.250975012779236,3.323947548866272,34,32
2010,terra_day_relaxed,buffer_ring,34.18937907499426,30.71354043483734,3.4758386401569155,34,32
2011,terra_day_relaxed,buffer_ring,33.068232087528,29.87261527776718,3.1956168097608213,34,32
2012,terra_day_relaxed,buffer_ring,33.62169978197883,30.082693874835968,3.5390059071428652,34,32
2013,terra_day_relaxed,buffer_ring,33.61611994575052,29.883689165115356,3.7324307806351626,34,32
2014,terra_day_relaxed,buffer_ring,33.78311965044807,30.54628723859787,3.2368324118502017,34,32
2015,terra_day_relaxed,buffer_ring,34.31213939891142,30.21122771501541,4.100911683896008,34,32
2016,terra_day_relaxed,buffer_ring,34.54633196662454,30.581240475177765,3.9650914914467776,34,32
2017,terra_day_relaxed,buffer_ring,33.98239674287684,30.57273769378662,3.409659049090216,34,32
2018,terra_day_relaxed,buffer_ring,34.70369563383215,30.709275662899017,3.99441997093313,34,32
2019,terra_day_relaxed,buffer_ring,34.299882888793945,30.71555083990097,3.584332048892975,34,32
2020,terra_day_relaxed,buffer_ring,34.196889091940484,31.23301386833191,2.963875223608575,34,32
2021,terra_day_relaxed,buffer_ring,34.176384420955884,30.296217560768127,3.8801668601877566,34,32
2022,terra_day_relaxed,buffer_ring,33.47554072211771,30.152840435504913,3.3227002866127933,34,32
2023,terra_day_relaxed,buffer_ring,32.62135836657356,29.422828197479248,3.1985301690943118,34,32
2024,terra_day_relaxed,buffer_ring,32.90541121538948,29.53973776102066,3.3656734543688174,34,32
2025,terra_day_relaxed,buffer_ring,31.419190631193274,28.10622650384903,3.3129641273442445,34,32
2000,terra_day_relaxed,lcz_based,30.773132460144744,29.57241558893156,1.200716871213185,435,142
2001,terra_day_relaxed,lcz_based,31.10749584504928,29.49111132667544,1.6163845183738381,435,142
2002,terra_day_relaxed,lcz_based,31.120670866692205,29.4091932639656,1.7114776027266032,435,142
2003,terra_day_relaxed,lcz_based,30.695793879717247,29.19645736787869,1.4993365118385569,435,142
2004,terra_day_relaxed,lcz_based,31.291275695274617,29.600930816157515,1.6903448791171023,435,142
2005,terra_day_relaxed,lcz_based,30.607646551899528,29.218522557471,1.3891239944285267,435,142
2006,terra_day_relaxed,lcz_based,31.45224598851697,29.691379509695018,1.7608664788219528,435,142
2007,terra_day_relaxed,lcz_based,31.628906741087466,29.997925676706767,1.6309810643806983,435,142
2008,terra_day_relaxed,lcz_based,31.300572204589844,29.608116665244697,1.692455539345147,435,142
2009,terra_day_relaxed,lcz_based,31.759895486941282,29.964999799114175,1.7948956878271076,435,142
2010,terra_day_relaxed,lcz_based,32.24372210447816,30.65248544747287,1.5912366570052896,435,142
2011,terra_day_relaxed,lcz_based,31.170943880629267,29.735087236449317,1.4358566441799496,435,142
2012,terra_day_relaxed,lcz_based,31.585767943283606,29.99886032654589,1.5869076167377152,435,142
2013,terra_day_relaxed,lcz_based,31.699061944018837,29.777133037385514,1.9219289066333225,435,142
2014,terra_day_relaxed,lcz_based,32.06233694142309,30.2376230416952,1.8247138997278896,435,142
2015,terra_day_relaxed,lcz_based,31.98123516652776,30.0612659807766,1.9199691857511603,435,142
2016,terra_day_relaxed,lcz_based,32.409676080462575,30.295435113223768,2.114240967238807,435,142
2017,terra_day_relaxed,lcz_based,32.155750419353616,30.41710371024449,1.7386467091091262,435,142
2018,terra_day_relaxed,lcz_based,32.704560672277694,30.442280548407048,2.262280123870646,435,142
2019,terra_day_relaxed,lcz_based,32.48979246643768,30.45991406221982,2.0298784042178575,435,142
2020,terra_day_relaxed,lcz_based,33.02187666618961,30.88805903086324,2.1338176353263734,435,142
2021,terra_day_relaxed,lcz_based,32.29269143466292,30.181599779593757,2.1110916550691634,435,142
2022,terra_day_relaxed,lcz_based,32.08183763438257,29.724689979819086,2.3571476545634873,435,142
2023,terra_day_relaxed,lcz_based,31.032208760579426,29.124247443470118,1.907961317109308,435,142
2024,terra_day_relaxed,lcz_based,31.171838690220625,29.30015384686778,1.8716848433528455,435,142
2025,terra_day_relaxed,lcz_based,29.75783587927106,28.01921009956667,1.738625779704389,435,142
